sample_id,cast,date,latitude,longitude,depth,chl_ug_L,chl_qc,phaeo_ug_L,phaeo_qc,poc_ug_L,poc_qc,pon_ug_L,pon_qc,nitrite_umol_L,nitrite_qc,nitrate_nitrite_umol_L,nitrate_nitrite_qc,phosphate_umol_L,phosphate_qc,silicate_umol_L,silicate_qc,nitrate_umol_L,nitrate_qc,Tot_Chl_a,Tot_Chl_b,Tot_Chl_c,Alpha_beta_Car,But_fuco,Hex_fuco,Allo,Diadino,Diato,Fuco,Perid,Zea,MV_Chl_a,DV_Chl_a,Chlide_a,MV_Chl_b,DV_Chl_b,Chl_c1c2,Chl_c3,Lut,Neo,Viola,Phytin_a,Phide_a,Pras,Gyro,Tchl,PPC,PSC,PSP,Tcar,Tacc,Tpg,DP,Tacc_Tchla,PSC_Tcar,PPC_Tcar,Tchl_Tcar,PPC_Tpg,PSP_Tpg,TchlA_Tpg,time_dt,time_dn,temp,sal,sigma_T,oxygen,PAR,sal_abs,Perid:Chla,Allo:Chla,But-fuco:Chla,Fuco:Chla,Hex-fuco:Chla,Zea:Chla,MVChlb:Chla
2304111600,0,2312380800,37.111427,-123.881969,0,1,0,0.07,0,-9999,0,-9999,0,0.057,0,0.5935,0,0.1535,0,1.976,0,0.5365,0,0,0,0,0,0,0,0,0,0,0,0,0,0,0,0,0,0,0,0,0,0,0,0,0,0,0,0,0,0,0,0,0,0,0,0,0,0,0,0,0,0,11-Apr-2023 16:00:00,738987.666666667,12.303,32.563,24.64,6.288,924.3939699,32.7172512053723,NaN,NaN,NaN,NaN,NaN,NaN,NaN
2304111630,0,2312382600,37.150702,-123.904355,0,0.58,0,0.72,0,8.3053,0,1.291984814,0,0.056,0,0.478,0,0.1415,0,1.3455,0,0.422,0,1.003,0.075,0.252,0.029,0.039,0.133,0.016,0.061,0.02,0.362,0,0.037,0.98,0,0.023,0.075,0,0.176,0.076,0,0,0,0,0.012,0.021,0,1.33,0.163,0.534,1.864,0.697,1.024,2.027,0.662,1.02,0.77,0.23,1.91,0.08,0.92,0.49,11-Apr-2023 16:30:00,738987.6875,12.287,32.588,24.662,6.248,1724.217317,32.7423732685656,0,0.0159521435692921,0.0388833499501496,0.360917248255234,0.132602193419741,0.036889332003988,0.0747756729810568
2304111658,0,2312384280,37.188517,-123.925855,0,1.11,0,0.08,0,7.7365,0,1.097107445,0,0.0665,0,0.9225,0,0.178,0,1.876,0,0.856,0,1.183,0.08,0.298,0.033,0.029,0.111,0.039,0.048,0.02,0.421,0.016,0.013,1.154,0,0.029,0.08,0,0.196,0.102,0,0,0,0.018,0.028,0.016,0,1.561,0.153,0.577,2.138,0.73,1.108,2.291,0.709,0.94,0.79,0.21,2.14,0.07,0.93,0.52,11-Apr-2023 16:58:00,738987.706944444,12.016,32.621,24.739,6.254,2306.994023,32.77553309768,0.0135249366018597,0.032967032967033,0.0245139475908707,0.355874894336433,0.0938292476754015,0.010989010989011,0.0676246830092984
2304111730,0,2312386200,37.251176,-123.961604,0,0.82,0,0.27,0,10.0401,0,1.503465224,0,0.044,0,0.943,0,0.1885,0,2.5205,0,0.899,0,1.145,0.16,0.209,0.042,0.023,0.096,0.072,0.038,0.014,0.158,0.021,0.024,1.126,0,0.019,0.16,0,0.151,0.058,0,0.015,0,0.013,0.012,0.037,0,1.514,0.19,0.298,1.812,0.488,0.857,2.002,0.554,0.75,0.61,0.39,3.1,0.09,0.91,0.57,11-Apr-2023 17:30:00,738987.729166667,12.059,32.528,24.659,6.312,2409.746671,32.6820983257999,0.0183406113537118,0.062882096069869,0.0200873362445415,0.137991266375546,0.0838427947598253,0.0209606986899563,0.139737991266376
2304111758,0,2312387880,37.305816,-123.992783,0,0.63,0,0.17,0,8.1659,0,1.25990082,0,0.066,0,1.001,0,0.188,0,2.2665,0,0.935,0,0.888,0.122,0.191,0.031,0.024,0.107,0.033,0.053,0.02,0.222,0.013,0.034,0.867,0,0.021,0.122,0,0.129,0.062,0,0.015,0,0.012,0.011,0.033,0,1.201,0.171,0.366,1.567,0.537,0.85,1.738,0.555,0.96,0.68,0.32,2.24,0.1,0.9,0.51,11-Apr-2023 17:58:00,738987.748611111,12.118,32.502,24.628,6.294,2439.08,32.6559801963968,0.0146396396396396,0.0371621621621622,0.027027027027027,0.25,0.120495495495495,0.0382882882882883,0.137387387387387
2304112100,0,2312398800,37.114327,-124.201901,0,0.8,0,0.11,0,-9999,0,-9999,0,0.07,1,0.3195,0,0.1275,0,1.206,0,0.2495,0,1.022,0.064,0.247,0.033,0.032,0.118,0.033,0.083,0.039,0.373,0,0.034,0.979,0,0.043,0.064,0,0.177,0.07,0,0,0,0.014,0.015,0.014,0,1.333,0.222,0.523,1.856,0.745,1.056,2.078,0.654,1.03,0.7,0.3,1.79,0.11,0.89,0.49,11-Apr-2023 21:00:00,738987.875,12.474,32.631,24.66,6.26,2456.771327,32.7855655591355,0,0.0322896281800391,0.0313111545988258,0.364970645792564,0.11545988258317,0.0332681017612525,0.0626223091976517
2304112130,0,2312400600,37.04151,-124.268286,0,0.83,0,0.49,0,-9999,0,-9999,0,0.074,0,0.6125,0,0.1465,0,2.575,0,0.5385,0,1.155,0.16,0.22,0.05,0.027,0.111,0.063,0.056,0.044,0.229,0.018,0.044,1.105,0,0.05,0.16,0,0.155,0.065,0.009,0.019,0.006,0.011,0.015,0.044,0,1.535,0.257,0.385,1.92,0.642,1.022,2.177,0.652,0.88,0.6,0.4,2.39,0.12,0.88,0.53,11-Apr-2023 21:30:00,738987.895833333,12.435,32.603,24.645,6.298,2621.119301,32.7574238587382,0.0155844155844156,0.0545454545454545,0.0233766233766234,0.198268398268398,0.0961038961038961,0.0380952380952381,0.138528138528139
2304112200,0,2312402400,36.968848,-124.334585,0,1.05,0,0.67,0,-9999,0,-9999,0,0.1145,0,2.561,0,0.262,0,4.5515,0,2.4465,0,2.755,0.323,0.521,0.076,0,0.045,0.054,0.097,0.046,0.914,0.021,0.023,2.624,0,0.131,0.323,0,0.445,0.076,0.01,0.032,0.011,0.038,0.218,0.09,0,3.599,0.296,0.98,4.579,1.276,2.12,4.875,1.38,0.77,0.77,0.23,2.82,0.06,0.94,0.57,11-Apr-2023 22:00:00,738987.916666667,12.197,32.679,24.75,6.38,2769.416668,32.8337748766407,0.00762250453720508,0.0196007259528131,0,0.331760435571688,0.0163339382940109,0.00834845735027223,0.117241379310345
2304112230,0,2312404200,36.897633,-124.399315,0,0.96,0,0.73,0,-9999,0,-9999,0,0.129,0,4.1065,0,0.3375,0,4.3215,0,3.9775,0,1.398,0.224,0.199,0.055,0,0.015,0.092,0.038,0.027,0.256,0,0.017,1.339,0,0.059,0.224,0,0.184,0.015,0.012,0.022,0.007,0.018,0.098,0.053,0,1.821,0.229,0.271,2.092,0.5,0.923,2.321,0.604,0.66,0.54,0.46,3.64,0.1,0.9,0.6,11-Apr-2023 22:30:00,738987.9375,12.518,32.876,24.842,6.453,2596.186668,33.0316992109359,0,0.0658082975679542,0,0.183118741058655,0.0107296137339056,0.0121602288984263,0.160228898426323
2304112300,0,2312406000,36.826948,-124.463695,0,1.83,0,0.71,0,-9999,0,-9999,0,0.0945,0,1.752,0,0.1365,0,3.3155,0,1.6575,0,1.698,0.364,0.563,0.071,0.018,0.069,0.102,0.048,0.032,0.267,0.02,0.041,1.631,0,0.067,0.364,0,0.505,0.058,0.019,0.036,0.011,0.024,0.065,0.094,0,2.625,0.294,0.374,2.999,0.668,1.595,3.293,0.881,0.94,0.56,0.44,3.93,0.09,0.91,0.52,11-Apr-2023 23:00:00,738987.958333333,12.764,32.919,24.827,6.871,2789.400705,33.0748943174949,0.0117785630153121,0.0600706713780919,0.0106007067137809,0.157243816254417,0.0406360424028269,0.0241460541813899,0.214369846878681
2304112330,0,2312407800,36.757163,-124.527243,0,0.77,0,1.01,0,10.625,0,1.464408846,0,0.138,0,4.454,0,0.289,0,4.9395,0,4.316,0,1.453,0.232,0.224,0.057,0,0.021,0.056,0.044,0.031,0.316,0.012,0.026,1.376,0,0.077,0.232,0,0.203,0.021,0.011,0.025,0.009,0.014,0.095,0.07,0,1.909,0.214,0.349,2.258,0.563,1.019,2.472,0.663,0.7,0.62,0.38,3.39,0.09,0.91,0.59,11-Apr-2023 23:30:00,738987.979166667,12.732,32.931,24.843,6.539,2658.784678,33.0869428245506,0.00825877494838266,0.0385409497591191,0,0.217481073640743,0.0144528561596696,0.0178940123881624,0.159669649002065
2304120200,0,2312416800,36.560069,-124.706014,0,0.4,0,0.19,0,6.4787,0,0.975711032,0,0.1135,0,3.7445,0,0.301,0,4.074,0,3.631,0,0,0,0,0,0,0,0,0,0,0,0,0,0,0,0,0,0,0,0,0,0,0,0,0,0,0,0,0,0,0,0,0,0,0,0,0,0,0,0,0,0,12-Apr-2023 02:00:00,738988.083333333,13.083,32.861,24.72,6.221,1111.567382,33.0165885232085,NaN,NaN,NaN,NaN,NaN,NaN,NaN
2304120230,0,2312418600,36.493608,-124.766199,0,0.4,0,0.24,0,5.1478,0,0.787190246,0,0.115,1,3.3965,0,0.3325,0,3.865,0,3.2815,0,0.558,0.227,0.051,0.023,0,0.013,0.021,0.006,0,0.026,0,0.016,0.558,0,0,0.227,0,0.041,0.01,0,0.021,0.013,0,0,0.062,0,0.836,0.066,0.039,0.875,0.105,0.383,0.941,0.303,0.69,0.37,0.63,7.96,0.07,0.93,0.59,12-Apr-2023 02:30:00,738988.104166667,12.44,32.807,24.803,6.181,153.6186714,32.9623253671216,0,0.0376344086021505,0,0.046594982078853,0.0232974910394265,0.028673835125448,0.406810035842294
2304120300,0,2312420400,36.437711,-124.815554,0,0.39,0,0.32,0,5.355,0,0.732744241,0,0.087,0,2.313,0,0.2625,0,2.901,0,2.226,0,0.553,0.257,0.031,0.021,0,0,0.016,0,0,0.019,0,0.018,0.553,0,0,0.257,0,0.031,0,0,0.021,0.011,0,0,0.067,0,0.841,0.055,0.019,0.86,0.074,0.362,0.915,0.31,0.65,0.26,0.74,11.36,0.06,0.94,0.6,12-Apr-2023 03:00:00,738988.125,12.44,32.72,24.736,6.263,9.62,32.8749073223025,0,0.0289330922242315,0,0.0343580470162749,0,0.0325497287522604,0.464737793851718
2304120330,0,2312422200,36.488853,-124.820782,0,0.34,0,0.31,0,5.2444,0,0.6985381,0,0.0945,0,2.877,0,0.306,0,3.2715,0,2.7825,0,0.61,0.224,0.051,0.023,0,0.009,0.029,0.005,0,0.029,0,0.01,0.61,0,0,0.224,0,0.043,0.008,0,0.016,0.012,0,0,0.057,0,0.885,0.067,0.038,0.923,0.105,0.38,0.99,0.301,0.62,0.36,0.64,8.43,0.07,0.93,0.62,12-Apr-2023 03:30:00,738988.145833333,12.247,32.765,24.807,6.243,4.12,32.9201237492613,0,0.0475409836065574,0,0.0475409836065574,0.0147540983606557,0.0163934426229508,0.367213114754098
2304120402,0,2312424120,36.551196,-124.829455,0,0.33,0,0.31,0,5.3607,0,0.804210342,0,0.1165,0,3.4415,0,0.327,0,4.049,0,3.325,0,0.574,0.217,0.048,0.032,0,0.017,0.017,0.009,0,0.029,0,0.025,0.574,0,0,0.217,0,0.038,0.01,0,0.02,0.014,0,0,0.062,0,0.839,0.083,0.046,0.885,0.129,0.394,0.968,0.305,0.69,0.36,0.64,6.5,0.09,0.91,0.59,12-Apr-2023 04:02:00,738988.168055556,12.662,32.82,24.77,6.183,4.12,32.9753881595069,0,0.029616724738676,0,0.0505226480836237,0.029616724738676,0.0435540069686411,0.378048780487805
2304120430,0,2312425800,36.609445,-124.839098,0,0.39,0,0.28,0,6.782,0,1.087561314,0,0.101,0,2.491,0,0.2845,0,3.1715,0,2.39,0,0.557,0.193,0.06,0.022,0,0.011,0.019,0.008,0,0.057,0,0.011,0.548,0,0.009,0.193,0,0.053,0.007,0,0.018,0.012,0.014,0.018,0.056,0,0.81,0.06,0.068,0.878,0.128,0.381,0.938,0.291,0.68,0.53,0.47,6.33,0.06,0.94,0.59,12-Apr-2023 04:30:00,738988.1875,12.224,32.74,24.792,6.256,4.12,32.8950130554432,0,0.0341113105924596,0,0.102333931777379,0.0197486535008977,0.0197486535008977,0.346499102333932
2304120501,0,2312427660,36.67445,-124.852108,0,0.45,0,0.31,0,7.1457,0,1.036775059,0,0.0955,0,2.3745,0,0.2205,0,3.145,0,2.279,0,0.635,0.254,0.049,0.031,0,0.01,0.019,0.007,0,0.05,0,0.022,0.624,0,0.011,0.254,0,0.049,0,0,0.025,0.014,0,0,0.069,0,0.938,0.079,0.06,0.998,0.139,0.442,1.077,0.355,0.7,0.43,0.57,6.75,0.07,0.93,0.59,12-Apr-2023 05:01:00,738988.209027778,12.542,32.656,24.666,6.327,4.12,32.8106192964318,0,0.0299212598425197,0,0.078740157480315,0.015748031496063,0.0346456692913386,0.4
2304120730,0,2312436600,36.818525,-124.864472,0,2.76,0,1.16,0,16.8045,0,2.596110091,0,0.07,0,0.84,0,0.12,0,2.132,0,0.77,0,2.953,0.342,0.445,0.072,0,0.024,0.027,0.063,0,0.838,0.02,0.012,2.805,0,0.148,0.342,0,0.395,0.05,0,0.031,0.012,0.09,0.37,0.09,0,3.74,0.174,0.882,4.622,1.056,1.843,4.796,1.263,0.62,0.84,0.16,3.54,0.04,0.96,0.62,12-Apr-2023 07:30:00,738988.3125,11.812,32.557,24.727,6.949,173.24,32.7111600082606,0.00677277345072807,0.0091432441584829,0,0.283779207585506,0.00812732814087369,0.00406366407043684,0.11581442600745
2304120801,0,2312438460,36.84664,-124.776458,0,4.75,0,1.03,0,23.1985,0,3.389147184,0,0.0595,0,0.324,0,0.0685,0,1.495,0,0.2645,0,4.67,0.254,0.777,0.123,0,0.03,0.049,0.104,0,1.483,0,0.012,3.928,0,0.742,0.254,0,0.709,0.068,0,0.027,0.017,0.111,0.335,0.075,0,5.701,0.288,1.513,7.214,1.801,2.832,7.502,1.828,0.61,0.84,0.16,3.17,0.04,0.96,0.62,12-Apr-2023 08:01:00,738988.334027778,12.036,32.686,24.786,6.95,177.36,32.8407770980485,0,0.0104925053533191,0,0.317558886509636,0.00642398286937901,0.00256959314775161,0.054389721627409
2304120830,0,2312440200,36.873089,-124.698289,0,2.89,0,0.74,0,-9999,0,-9999,0,0.095,0,1.6505,0,0.1815,0,3.091,0,1.5555,0,3.177,0.219,0.493,0.079,0,0.033,0.036,0.076,0,0.962,0.019,0.013,3.106,0,0.071,0.219,0,0.43,0.063,0,0.021,0.01,0.079,0.224,0.058,0,3.889,0.204,1.014,4.903,1.218,1.93,5.107,1.282,0.61,0.83,0.17,3.19,0.04,0.96,0.62,12-Apr-2023 08:30:00,738988.354166667,11.859,32.587,24.742,6.597,178.74,32.7413140105735,0.00598048473402581,0.0113314447592068,0,0.302801384954359,0.0103871576959396,0.00409191060749134,0.068932955618508
2304120900,0,2312442000,36.896322,-124.613674,0,1.65,0,0.91,0,-9999,0,-9999,0,0.1405,0,3.588,0,0.301,0,4.3215,0,3.4475,0,1.999,0.186,0.317,0.061,0,0.034,0.031,0.051,0,0.577,0,0.012,1.95,0,0.049,0.186,0,0.269,0.048,0,0.021,0.011,0.074,0.176,0.051,0,2.502,0.155,0.611,3.113,0.766,1.269,3.268,0.84,0.63,0.8,0.2,3.27,0.05,0.95,0.61,12-Apr-2023 09:00:00,738988.375,11.888,32.719,24.839,6.284,180.11,32.873944952985,0,0.0155077538769385,0,0.28864432216108,0.0170085042521261,0.00600300150075038,0.0930465232616308
2304120930,0,2312443800,36.925468,-124.534318,0,0.66,0,0.41,0,11.11,0,1.629547958,0,0.1205,0,3.294,0,0.289,0,4.532,0,3.1735,0,1.087,0.229,0.149,0.038,0,0.038,0.033,0.028,0,0.214,0,0.024,1.066,0,0.021,0.229,0,0.12,0.029,0,0.026,0.019,0.022,0.052,0.068,0,1.465,0.123,0.252,1.717,0.375,0.753,1.84,0.538,0.69,0.67,0.33,3.91,0.07,0.93,0.59,12-Apr-2023 09:30:00,738988.395833333,12.147,32.787,24.843,6.442,180.11,32.9422730767366,0,0.0303587856485741,0,0.196872125114995,0.0349586016559338,0.0220791168353266,0.210671573137075
2304121000,0,2312445600,36.957764,-124.49038,0,0.66,0,0.47,0,7.4209,0,1.214943278,0,0.096,0,2.2815,0,0.248,0,4.2525,0,2.1855,0,1.04,0.241,0.159,0.038,0.018,0.065,0.033,0.026,0,0.169,0.016,0.031,1.026,0,0.014,0.241,0,0.112,0.047,0,0.025,0.017,0.045,0.03,0.07,0,1.44,0.128,0.268,1.708,0.396,0.796,1.836,0.573,0.77,0.68,0.32,3.64,0.07,0.93,0.57,12-Apr-2023 10:00:00,738988.416666667,12.034,32.683,24.783,6.297,110.6319643,32.8377851489938,0.0153846153846154,0.0317307692307692,0.0173076923076923,0.1625,0.0625,0.0298076923076923,0.231730769230769
2304121030,0,2312447400,37.014044,-124.488099,0,0.86,0,0.39,0,12.1148,0,2.284686329,0,0.0685,0,0.523,0,0.1415,0,1.89,0,0.4545,0,1.505,0.141,0.369,0.043,0.034,0.134,0.031,0.056,0,0.547,0.021,0.027,1.484,0,0.021,0.141,0,0.245,0.124,0,0.015,0.009,0.023,0.088,0.039,0,2.015,0.157,0.736,2.751,0.893,1.403,2.908,0.935,0.93,0.82,0.18,2.26,0.05,0.95,0.52,12-Apr-2023 10:30:00,738988.4375,12.128,32.615,24.714,6.302,49.03667035,32.7694674069764,0.013953488372093,0.0205980066445183,0.0225913621262459,0.363455149501661,0.0890365448504983,0.0179401993355482,0.093687707641196
2304121100,0,2312449200,37.05521,-124.482002,0,0.9,0,0.36,0,9.0744,0,1.536964195,0,0.068,0,0.406,0,0.1185,0,1.605,0,0.338,0,1.278,0.117,0.331,0.034,0.032,0.119,0.022,0.05,0,0.481,0.02,0.023,1.252,0,0.026,0.117,0,0.221,0.11,0,0.015,0,0.025,0.042,0.03,0,1.726,0.129,0.652,2.378,0.781,1.229,2.507,0.814,0.96,0.83,0.17,2.21,0.05,0.95,0.51,12-Apr-2023 11:00:00,738988.458333333,12.236,32.625,24.701,6.374,144.0853348,32.779518145465,0.0156494522691706,0.0172143974960876,0.0250391236306729,0.376369327073552,0.0931142410015649,0.0179968701095462,0.0915492957746479
2304121130,0,2312451000,37.100515,-124.4754,0,0.79,0,0.29,0,8.7684,0,1.496616604,0,0.0635,0,0.309,1,0.1125,0,1.235,0,0.2455,0,1.179,0.076,0.319,0.031,0.039,0.138,0.025,0.053,0,0.491,0.021,0.023,1.148,0,0.031,0.076,0,0.217,0.102,0,0.01,0,0.012,0.047,0.019,0,1.574,0.132,0.689,2.263,0.821,1.216,2.395,0.813,1.03,0.84,0.16,1.92,0.06,0.94,0.49,12-Apr-2023 11:30:00,738988.479166667,12.288,32.636,24.699,6.331,149.6766658,32.7905739636321,0.0178117048346056,0.0212044105173876,0.0330788804071247,0.416454622561493,0.11704834605598,0.0195080576759966,0.0644614079728583
2304121200,0,2312452800,37.145182,-124.47216,0,0.73,0,0.28,0,5.2744,0,1.22070279,0,0.067,0,0.4815,0,0.1315,0,1.5315,0,0.4145,0,1.168,0.067,0.309,0.031,0.035,0.138,0.031,0.059,0,0.458,0.021,0.016,1.129,0,0.039,0.067,0,0.213,0.096,0,0.009,0,0,0.035,0.017,0,1.544,0.137,0.652,2.196,0.789,1.165,2.333,0.766,1,0.83,0.17,1.96,0.06,0.94,0.5,12-Apr-2023 12:00:00,738988.5,12.182,32.597,24.689,6.278,4.12,32.7513927470757,0.0179794520547945,0.026541095890411,0.0299657534246575,0.392123287671233,0.118150684931507,0.0136986301369863,0.0573630136986301
2304121230,0,2312454600,37.192667,-124.468556,0,0.4,0,0.22,0,7.0618,0,1.266222984,0,0.0675,0,1.239,0,0.1965,0,2.8805,0,1.1715,0,0.616,0.1,0.144,0.028,0.03,0.11,0.025,0.024,0,0.09,0.009,0.027,0.616,0,0,0.1,0,0.09,0.054,0,0.011,0.01,0,0,0.028,0,0.86,0.104,0.239,1.099,0.343,0.587,1.203,0.391,0.95,0.7,0.3,2.51,0.09,0.91,0.51,12-Apr-2023 12:30:00,738988.520833333,11.876,32.49,24.664,6.618,171.86,32.643889671383,0.0146103896103896,0.0405844155844156,0.0487012987012987,0.146103896103896,0.178571428571429,0.0438311688311688,0.162337662337662
2304121300,0,2312456400,37.228267,-124.468612,0,0.53,0,0.23,0,7.4131,0,1.298068862,0,0.069,0,1.3475,0,0.211,0,3.038,0,1.2785,0,0.786,0.154,0.173,0.031,0.031,0.138,0.045,0.025,0,0.092,0.019,0.026,0.778,0,0.008,0.154,0,0.109,0.064,0,0.017,0.015,0,0,0.04,0,1.113,0.127,0.28,1.393,0.407,0.734,1.52,0.505,0.93,0.69,0.31,2.73,0.08,0.92,0.52,12-Apr-2023 13:00:00,738988.541666667,11.886,32.48,24.654,6.31,4.12,32.6338449502091,0.0241730279898219,0.0572519083969466,0.039440203562341,0.11704834605598,0.175572519083969,0.0330788804071247,0.195928753180662
2304121330,0,2312458200,37.291245,-124.460075,0,0.54,0,0.31,0,6.5685,0,1.065674779,0,0.0665,0,1.168,0,0.208,0,2.523,0,1.1015,0,0.815,0.162,0.183,0.032,0.033,0.133,0.043,0.032,0,0.136,0,0.031,0.803,0,0.012,0.162,0,0.116,0.067,0,0.02,0.019,0.013,0.014,0.052,0,1.16,0.138,0.302,1.462,0.44,0.785,1.6,0.538,0.96,0.69,0.31,2.64,0.09,0.91,0.51,12-Apr-2023 13:30:00,738988.5625,11.843,32.475,24.658,6.284,170.49,32.6288264104013,0,0.052760736196319,0.0404907975460123,0.166871165644172,0.16319018404908,0.0380368098159509,0.198773006134969
2304121400,0,2312460000,37.335368,-124.467196,0,0.46,0,0.3,0,5.3374,0,1.05300339,0,0.064,0,1.5225,0,0.2335,0,2.7785,0,1.4585,0,0.724,0.175,0.164,0.032,0.035,0.131,0.033,0.024,0,0.106,0,0.027,0.724,0,0,0.175,0,0.099,0.065,0,0.02,0.015,0,0,0.051,0,1.063,0.116,0.272,1.335,0.388,0.727,1.451,0.507,1,0.7,0.3,2.74,0.08,0.92,0.5,12-Apr-2023 14:00:00,738988.583333333,11.551,32.44,24.684,6.285,45.37,32.5936635168279,0,0.0455801104972376,0.0483425414364641,0.146408839779006,0.180939226519337,0.037292817679558,0.24171270718232
2304121430,0,2312461800,37.367972,-124.538145,0,0.47,0,0.35,0,5.4673,0,0.889010634,0,0.0645,0,1.3175,0,0.2255,0,2.709,0,1.253,0,0.809,0.17,0.189,0.034,0.035,0.155,0.036,0.036,0,0.129,0.022,0.031,0.797,0,0.012,0.17,0,0.111,0.078,0,0.022,0.019,0,0.015,0.052,0,1.168,0.137,0.341,1.509,0.478,0.837,1.646,0.578,1.03,0.71,0.29,2.44,0.08,0.92,0.49,12-Apr-2023 14:30:00,738988.604166667,11.615,32.434,24.668,6.285,195.24,32.5876336215288,0.0271940667490729,0.0444993819530284,0.0432632880098888,0.159456118665019,0.19159456118665,0.03831891223733,0.210135970333745
2304121500,0,2312463600,37.402951,-124.609315,0,0.6,0,0.27,0,6.5108,0,0.984706592,0,0.0635,0,0.925,0,0.195,0,2.132,0,0.8615,0,0.98,0.112,0.257,0.037,0.042,0.174,0.03,0.051,0,0.288,0.014,0.03,0.964,0,0.016,0.112,0,0.162,0.095,0,0.012,0.009,0.014,0,0.034,0,1.349,0.148,0.518,1.867,0.666,1.035,2.015,0.69,1.06,0.78,0.22,2.03,0.07,0.93,0.49,12-Apr-2023 15:00:00,738988.625,11.835,32.472,24.657,6.32,193.9520004,32.6258122473064,0.0142857142857143,0.0306122448979592,0.0428571428571429,0.293877551020408,0.177551020408163,0.0306122448979592,0.114285714285714
2304121530,0,2312465400,37.435383,-124.682229,0,0.79,0,0.3,0,6.837,0,1.067328096,0,0.066,0,0.8535,0,0.1815,0,1.7115,0,0.7875,0,1.246,0.111,0.328,0.041,0.046,0.177,0.027,0.065,0.005,0.459,0.013,0.021,1.224,0,0.022,0.111,0,0.212,0.116,0,0.012,0.009,0.021,0.032,0.033,0,1.685,0.159,0.695,2.38,0.854,1.293,2.539,0.854,1.04,0.81,0.19,1.97,0.06,0.94,0.49,12-Apr-2023 15:30:00,738988.645833333,11.997,32.545,24.684,6.282,200.74,32.699156312881,0.0104333868378812,0.021669341894061,0.0369181380417336,0.368378812199037,0.142054574638844,0.0168539325842697,0.0890850722311397
2304121600,0,2312467200,37.458128,-124.738435,0,NaN,-9999,NaN,-9999,1.1795,0,0.291328632,0,NaN,-9999,NaN,-9999,NaN,-9999,NaN,-9999,NaN,-9999,0,0,0,0,0,0,0,0,0,0,0,0,0,0,0,0,0,0,0,0,0,0,0,0,0,0,0,0,0,0,0,0,0,0,0,0,0,0,0,0,0,12-Apr-2023 16:00:00,738988.666666667,11.642,32.473,24.693,6.314,2110.769293,32.6268137479036,NaN,NaN,NaN,NaN,NaN,NaN,NaN
2304121930,0,2312479800,37.508791,-124.785969,0,0.96,0,0.52,0,9.747,0,1.920980202,0,0.0905,0,1.9515,0,0.2345,0,3.7415,0,1.861,0,1.64,0.407,0.218,0.064,0.018,0.051,0.094,0.033,0,0.219,0.019,0.024,1.613,0,0.027,0.407,0,0.172,0.046,0.006,0.034,0.016,0.037,0.06,0.099,0,2.265,0.215,0.307,2.572,0.522,1.147,2.787,0.832,0.7,0.59,0.41,4.34,0.08,0.92,0.59,12-Apr-2023 19:30:00,738988.8125,11.797,32.472,24.664,6.27,2686.832167,32.6258099126248,0.0115853658536585,0.0573170731707317,0.0109756097560976,0.133536585365854,0.0310975609756098,0.0146341463414634,0.248170731707317
2304122000,0,2312481600,37.518201,-124.814249,0,0.83,0,0.67,0,7.9312,0,1.400910033,0,0.0875,0,1.8575,0,0.2665,0,3.7285,0,1.77,0,0,0,0,0,0,0,0,0,0,0,0,0,0,0,0,0,0,0,0,0,0,0,0,0,0,0,0,0,0,0,0,0,0,0,0,0,0,0,0,0,0,12-Apr-2023 20:00:00,738988.833333333,11.876,32.492,24.665,6.283,2647.884185,32.6459037014064,NaN,NaN,NaN,NaN,NaN,NaN,NaN
2304122030,0,2312483400,37.526278,-124.863308,0,0.97,0,0.44,0,8.7345,0,1.485518942,0,0.073,0,1.3305,0,0.234,0,3.3345,0,1.2575,0,0,0,0,0,0,0,0,0,0,0,0,0,0,0,0,0,0,0,0,0,0,0,0,0,0,0,0,0,0,0,0,0,0,0,0,0,0,0,0,0,0,12-Apr-2023 20:30:00,738988.854166667,11.911,32.494,24.66,6.189,2534.774671,32.647910946306,NaN,NaN,NaN,NaN,NaN,NaN,NaN
2304122100,0,2312485200,37.446657,-124.865867,0,0.67,0,0.42,0,8.7589,0,1.497362443,0,0.0635,0,0.8915,0,0.1635,0,2.832,0,0.828,0,1.065,0.352,0.105,0.037,0,0.013,0.041,0.011,0,0.07,0,0.038,1.05,0,0.015,0.352,0,0.079,0.026,0.005,0.03,0.012,0.03,0.015,0.092,0,1.522,0.127,0.083,1.605,0.21,0.667,1.732,0.514,0.63,0.4,0.6,7.25,0.07,0.93,0.61,12-Apr-2023 21:00:00,738988.875,12.125,32.461,24.594,6.207,1723.488653,32.6147489671371,0,0.0384976525821596,0,0.0657276995305164,0.0122065727699531,0.0356807511737089,0.330516431924883
2304122130,0,2312487000,37.367199,-124.865406,0,0.83,0,0.34,0,12.956,0,2.155697724,0,0.0755,0,1.325,0,0.214,0,3.1905,0,1.2495,0,1.56,0.283,0.236,0.056,0.015,0.049,0.058,0.035,0.016,0.329,0.018,0.021,1.534,0,0.026,0.283,0,0.189,0.047,0.006,0.026,0.009,0.019,0.052,0.071,0,2.079,0.186,0.411,2.49,0.597,1.116,2.676,0.773,0.72,0.69,0.31,3.48,0.07,0.93,0.58,12-Apr-2023 21:30:00,738988.895833333,11.822,32.472,24.659,5.941,2595.636668,32.625795576675,0.0115384615384615,0.0371794871794872,0.00961538461538461,0.210897435897436,0.0314102564102564,0.0134615384615385,0.181410256410256
2304122200,0,2312488800,37.28886,-124.865351,0,0.91,0,0.28,0,8.6584,0,1.531135144,0,0.0745,0,1.4695,0,0.2285,0,2.7765,0,1.395,0,1.112,0.137,0.223,0.04,0.028,0.118,0.043,0.043,0.014,0.229,0.017,0.031,1.096,0,0.016,0.137,0,0.152,0.071,0,0.015,0.009,0.016,0.029,0.04,0,1.472,0.171,0.392,1.864,0.563,0.923,2.035,0.603,0.83,0.7,0.3,2.61,0.08,0.92,0.55,12-Apr-2023 22:00:00,738988.916666667,11.953,32.515,24.669,5.903,2782.891372,32.6689937920931,0.0152877697841727,0.0386690647482014,0.0251798561151079,0.205935251798561,0.106115107913669,0.0278776978417266,0.123201438848921
2304122230,0,2312490600,37.212602,-124.872297,0,1.26,0,1,0,6.7401,0,1.273015674,0,0.08,0,0.8795,0,0.178,0,1.494,0,0.7995,0,2.307,0.105,0.5,0.061,0.035,0.108,0.056,0.099,0.031,0.887,0.015,0.013,2.251,0,0.056,0.105,0,0.382,0.118,0,0.012,0,0.032,0.09,0.026,0,2.912,0.26,1.045,3.957,1.305,1.91,4.217,1.219,0.83,0.8,0.2,2.23,0.06,0.94,0.55,12-Apr-2023 22:30:00,738988.9375,12.09,32.559,24.677,5.997,2586.923959,32.7131965013996,0.00650195058517555,0.0242739488513221,0.0151712180320763,0.384482011270048,0.046814044213264,0.00563502384048548,0.0455136540962289
2304122242,0,2312491320,37.182203,-124.87605,0,1.63,0,0.7,0,-9999,0,-9999,0,0.0775,0,0.9485,0,0.1815,0,1.5145,0,0.871,0,1.934,0.123,0.414,0.05,0.029,0.111,0.034,0.08,0.018,0.685,0.016,0.014,1.892,0,0.042,0.123,0,0.313,0.101,0,0.013,0.005,0.03,0.066,0.028,0,2.471,0.196,0.841,3.312,1.037,1.574,3.508,1.012,0.81,0.81,0.19,2.38,0.06,0.94,0.55,12-Apr-2023 22:42:00,738988.945833333,12.137,32.58,24.685,5.867,1869.593093,32.7342936421001,0.00827300930713547,0.0175801447776629,0.014994829369183,0.354188210961737,0.0573940020682523,0.00723888314374354,0.0635987590486039
2304130030,0,2312497800,37.173604,-124.914578,0,1.41,0,0.29,0,9.6368,0,1.638072784,0,0.071,0,1.0035,0,0.1755,0,1.7065,0,0.9325,0,1.9,0.126,0.402,0.047,0.022,0.09,0.031,0.065,0.011,0.691,0,0.012,1.872,0,0.028,0.126,0,0.311,0.091,0,0.011,0,0.032,0.066,0.032,0,2.428,0.166,0.803,3.231,0.969,1.497,3.397,0.972,0.79,0.83,0.17,2.51,0.05,0.95,0.56,13-Apr-2023 00:30:00,738989.020833333,12.035,32.574,24.699,6.728,1568.417512,32.728262597566,0,0.0163157894736842,0.0115789473684211,0.363684210526316,0.0473684210526316,0.00631578947368421,0.0663157894736842
2304130100,0,2312499600,37.188166,-124.960542,0,1.95,0,0.46,0,10.7124,0,1.936856704,0,0.0845,0,0.9125,0,0.1855,0,1.8255,0,0.828,0,2.482,0.176,0.484,0.063,0,0.081,0.043,0.073,0.011,0.829,0.017,0.013,2.44,0,0.042,0.176,0,0.381,0.103,0,0.016,0,0.052,0.141,0.046,0,3.142,0.203,0.927,4.069,1.13,1.79,4.272,1.159,0.72,0.82,0.18,2.78,0.05,0.95,0.58,13-Apr-2023 01:00:00,738989.041666667,11.848,32.535,24.703,5.952,2064.549997,32.6890764779069,0.00684931506849315,0.0173247381144238,0,0.334004834810637,0.032634971796938,0.00523771152296535,0.0709105560032232
2304130200,0,2312503200,37.217304,-125.040336,0,3.34,0,1.03,0,20.7262,0,3.187980561,0,0.065,0,0.42,0,0.154,0,1.649,0,0.355,0,5.754,0.32,0.916,0.125,0,0.043,0.045,0.128,0.013,1.921,0.023,0.013,5.652,0,0.102,0.32,0,0.847,0.069,0,0.025,0.01,0.083,0.276,0.081,0,6.99,0.324,1.987,8.977,2.311,3.547,9.301,2.365,0.62,0.86,0.14,3.02,0.03,0.97,0.62,13-Apr-2023 02:00:00,738989.083333333,11.803,32.549,24.722,6.076,1080.857992,32.7031405236608,0.00399721932568648,0.00782064650677789,0,0.333854709767119,0.00747306221758776,0.00225929787973584,0.0556134862704206
2304130300,0,2312506800,37.236517,-125.110393,0,0.97,0,0.84,0,9.7283,0,1.632579471,0,0.076,0,1.0475,0,0.1515,0,2.2875,0,0.9715,0,1.647,0.272,0.201,0.053,0,0.016,0.037,0.03,0,0.359,0,0.016,1.632,0,0.015,0.272,0,0.186,0.015,0,0.022,0.009,0.025,0.048,0.073,0,2.12,0.136,0.375,2.495,0.511,0.984,2.631,0.7,0.6,0.73,0.27,4.15,0.05,0.95,0.63,13-Apr-2023 03:00:00,738989.125,12.091,32.531,24.655,5.865,12.46200037,32.6850528327753,0,0.0224650880388585,0,0.217972070431087,0.00971463266545234,0.00971463266545234,0.16514875531269
2304131500,0,2312550000,37.552852,-125.333494,0,0.49,0,0.18,0,4.8245,0,0.893892992,0,0.076,0,1.107,0,0.1825,0,2.3145,0,1.031,0,0.654,0.091,0.178,0.034,0.042,0.152,0.02,0.022,0,0.13,0,0.041,0.654,0,0,0.091,0,0.095,0.083,0,0,0,0.011,0,0.019,0,0.923,0.117,0.324,1.247,0.441,0.71,1.364,0.476,1.09,0.73,0.27,2.09,0.09,0.91,0.48,13-Apr-2023 15:00:00,738989.625,12.101,32.617,24.72,6.085,1579.398649,32.771468360234,0,0.0305810397553517,0.0642201834862385,0.198776758409786,0.232415902140673,0.0626911314984709,0.13914373088685
2304131530,0,2312551800,37.473027,-125.310472,0,0.5,0,0.14,0,3.3143,0,0.638755393,0,0.0875,0,1.293,0,0.1925,0,2.334,0,1.2055,0,0,0,0,0,0,0,0,0,0,0,0,0,0,0,0,0,0,0,0,0,0,0,0,0,0,0,0,0,0,0,0,0,0,0,0,0,0,0,0,0,0,13-Apr-2023 15:30:00,738989.645833333,11.988,32.616,24.74,6.065,1919.35997,32.77045982258,NaN,NaN,NaN,NaN,NaN,NaN,NaN
2304131600,0,2312553600,37.393629,-125.288078,0,0.56,0,0.22,0,-9999,0,-9999,0,0.083,0,1.4255,0,0.2075,0,2.408,0,1.3425,0,0.78,0.082,0.218,0.025,0.041,0.156,0.014,0.032,0.007,0.195,0,0.024,0.773,0,0.007,0.082,0,0.123,0.095,0,0.01,0,0,0.013,0.018,0,1.08,0.102,0.392,1.472,0.494,0.794,1.574,0.512,1.02,0.79,0.21,2.19,0.06,0.94,0.5,13-Apr-2023 16:00:00,738989.666666667,11.872,32.594,24.745,6.087,992.9546938,32.748351784825,0,0.0179487179487179,0.0525641025641026,0.25,0.2,0.0307692307692308,0.105128205128205
2304131630,0,2312555400,37.376185,-125.282137,0,0.73,0,0.43,0,5.5305,0,1.088694158,0,0.1085,0,1.7,0,0.229,0,2.937,0,1.5915,0,0.978,0.194,0.18,0.044,0.022,0.09,0.038,0.028,0,0.165,0,0.029,0.97,0,0.008,0.194,0,0.117,0.063,0,0.016,0.008,0.019,0.031,0.056,0,1.352,0.139,0.277,1.629,0.416,0.79,1.768,0.538,0.81,0.67,0.33,3.25,0.08,0.92,0.55,13-Apr-2023 16:30:00,738989.6875,NaN,NaN,NaN,NaN,271.87336,NaN,0,0.0388548057259714,0.0224948875255624,0.168711656441718,0.0920245398773006,0.0296523517382413,0.198364008179959
2304131700,0,2312557200,37.376185,-125.282137,0,1.19,0,0.7,0,8.0432,0,1.574009861,0,0.084,0,1.4975,0,0.188,0,3.0835,0,1.4135,0,1.344,0.268,0.21,0.057,0.014,0.048,0.05,0.028,0.005,0.241,0,0.027,1.33,0,0.014,0.268,0,0.158,0.052,0,0.024,0.008,0.03,0.096,0.075,0,1.822,0.167,0.303,2.125,0.47,0.948,2.292,0.648,0.71,0.64,0.36,3.88,0.07,0.93,0.59,13-Apr-2023 17:00:00,738989.708333333,NaN,NaN,NaN,NaN,620.6773852,NaN,0,0.037202380952381,0.0104166666666667,0.179315476190476,0.0357142857142857,0.0200892857142857,0.199404761904762
2304131730,0,2312559000,37.376185,-125.282137,0,0.64,0,0.53,0,6.3831,0,1.285008141,0,0.1235,0,2.429,0,0.24,0,3.2655,0,2.3055,0,0.942,0.258,0.122,0.041,0,0.02,0.04,0.017,0,0.149,0,0.032,0.912,0,0.03,0.258,0,0.095,0.027,0,0.026,0.01,0.04,0.027,0.071,0,1.322,0.13,0.169,1.491,0.299,0.679,1.621,0.499,0.72,0.57,0.43,4.42,0.08,0.92,0.58,13-Apr-2023 17:30:00,738989.729166667,NaN,NaN,NaN,NaN,969.4814085,NaN,0,0.0424628450106157,0,0.158174097664544,0.0212314225053079,0.0339702760084926,0.273885350318471
2304131800,0,2312560800,37.004628,-125.271676,0,1.91,0,0.29,0,8.7917,0,1.623433264,0,0.094,0,1.688,0,0.1775,0,2.3235,0,1.594,0,2.229,0.224,0.3,0.071,0,0.013,0.043,0.057,0.01,0.672,0,0.012,2.175,0,0.054,0.224,0,0.271,0.029,0,0.023,0.01,0.064,0.094,0.055,0,2.753,0.193,0.685,3.438,0.878,1.402,3.631,0.964,0.63,0.78,0.22,3.14,0.05,0.95,0.61,13-Apr-2023 18:00:00,738989.75,NaN,NaN,NaN,NaN,1318.285434,NaN,0,0.0192911619560341,0,0.301480484522207,0.00583221175414984,0.0053835800807537,0.100493494840736
2304131830,0,2312562600,37.004628,-125.271676,0,0.46,0,0.18,0,3.0928,0,0.615578452,0,0.11,0,2.2715,0,0.268,0,2.2835,0,2.1615,0,0.528,0.125,0.054,0.03,0,0.01,0.027,0.01,0,0.069,0,0.012,0.528,0,0,0.125,0,0.045,0.009,0,0.012,0.007,0,0.014,0.036,0,0.707,0.079,0.079,0.786,0.158,0.337,0.865,0.243,0.64,0.5,0.5,4.47,0.09,0.91,0.61,13-Apr-2023 18:30:00,738989.770833333,NaN,NaN,NaN,NaN,1667.089459,NaN,0,0.0511363636363636,0,0.130681818181818,0.0189393939393939,0.0227272727272727,0.236742424242424
2304131900,0,2312564400,37.004628,-125.271676,0,1.18,0,0.71,0,6.9277,0,1.3075697,0,0.106,0,2.272,0,0.254,0,2.747,0,2.166,0,1.552,0.211,0.205,0.053,0,0.032,0.041,0.044,0.015,0.416,0,0.02,1.528,0,0.024,0.211,0,0.171,0.034,0,0.02,0.01,0.047,0.082,0.06,0,1.968,0.173,0.448,2.416,0.621,1.037,2.589,0.72,0.67,0.72,0.28,3.17,0.07,0.93,0.6,13-Apr-2023 19:00:00,738989.791666667,NaN,NaN,NaN,NaN,2015.893482,NaN,0,0.0264175257731959,0,0.268041237113402,0.0206185567010309,0.0128865979381443,0.135953608247423
2304131930,0,2312566200,37.004628,-125.271676,0,1.07,0,0.5,0,7.8123,0,1.343326339,0,0.116,0,2.35,0,0.269,0,2.8515,0,2.234,0,1.522,0.191,0.236,0.047,0,0.035,0.039,0.045,0.008,0.404,0,0.018,1.486,0,0.036,0.191,0,0.198,0.038,0,0.021,0.01,0.04,0.073,0.056,0,1.949,0.157,0.439,2.388,0.596,1.023,2.545,0.687,0.67,0.74,0.26,3.27,0.06,0.94,0.6,13-Apr-2023 19:30:00,738989.8125,NaN,NaN,NaN,NaN,2364.697507,NaN,0,0.0256241787122208,0,0.265440210249672,0.0229960578186597,0.011826544021025,0.125492772667543
2304132100,0,2312571600,37.029564,-125.333671,0,0.45,0,0.21,0,3.2211,0,0.632319832,0,0.109,0,2.223,0,0.273,0,2.107,0,2.114,0,0.712,0.158,0.05,0.035,0,0.013,0.047,0.012,0,0.077,0,0.012,0.704,0,0.008,0.158,0,0.041,0.009,0,0.017,0.011,0,0.016,0.049,0,0.92,0.106,0.09,1.01,0.196,0.404,1.116,0.307,0.57,0.46,0.54,4.69,0.09,0.91,0.64,13-Apr-2023 21:00:00,738989.875,12.343,32.684,24.726,6.232,2105.799998,32.838752129118,0,0.0660112359550562,0,0.10814606741573,0.0182584269662921,0.0168539325842697,0.221910112359551
2304132130,0,2312573400,37.054632,-125.404923,0,0.48,0,0.32,0,4.7146,0,0.814776298,0,0.103,0,2.09,0,0.246,0,2.568,0,1.987,0,0.687,0.214,0.071,0.033,0,0.014,0.045,0.008,0,0.044,0,0.021,0.677,0,0.01,0.214,0,0.058,0.013,0,0.023,0.014,0,0,0.059,0,0.972,0.107,0.058,1.03,0.165,0.45,1.137,0.338,0.66,0.35,0.65,5.89,0.09,0.91,0.6,13-Apr-2023 21:30:00,738989.895833333,12.248,32.638,24.708,6.246,1608.727355,32.7925322725542,0,0.0655021834061135,0,0.0640465793304221,0.0203784570596798,0.0305676855895196,0.311499272197962
2304132200,0,2312575200,37.080649,-125.474165,0,0.83,0,0.47,0,6.0205,0,1.146035706,0,0.1165,0,1.75,0,0.2065,0,2.533,0,1.6335,0,1.231,0.23,0.177,0.049,0,0.026,0.04,0.034,0.011,0.281,0,0.024,1.204,0,0.027,0.23,0,0.145,0.032,0,0.023,0.01,0.039,0.037,0.065,0,1.638,0.158,0.307,1.945,0.465,0.872,2.103,0.601,0.71,0.66,0.34,3.52,0.08,0.92,0.59,13-Apr-2023 22:00:00,738989.916666667,11.81,32.481,24.669,6.31,1414.78,32.634786991174,0,0.0324939073923639,0,0.228269699431357,0.0211210398050366,0.0194963444354184,0.186839967506093
2304140630,0,2312605800,37.04076,-125.328841,0,0.8,0,0.5,0,5.3349,0,0.991177186,0,NaN,-9999,NaN,-9999,NaN,-9999,NaN,-9999,NaN,-9999,0,0,0,0,0,0,0,0,0,0,0,0,0,0,0,0,0,0,0,0,0,0,0,0,0,0,0,0,0,0,0,0,0,0,0,0,0,0,0,0,0,14-Apr-2023 06:30:00,738990.270833333,12.01,32.675,24.782,6.193,4.12,32.8297104804527,NaN,NaN,NaN,NaN,NaN,NaN,NaN
2304141518,0,2312637480,37.398021,-125.297908,0,0.53,0,0.39,0,5.598,0,1.064915603,0,NaN,-9999,NaN,-9999,NaN,-9999,NaN,-9999,NaN,-9999,0,0,0,0,0,0,0,0,0,0,0,0,0,0,0,0,0,0,0,0,0,0,0,0,0,0,0,0,0,0,0,0,0,0,0,0,0,0,0,0,0,14-Apr-2023 15:18:00,738990.6375,11.746,32.581,24.758,6.127,220.8099974,32.7352899592689,NaN,NaN,NaN,NaN,NaN,NaN,NaN
2304141534,0,2312638440,37.425618,-125.3331,0,0.79,0,0.45,0,-9999,0,-9999,0,NaN,-9999,NaN,-9999,NaN,-9999,NaN,-9999,NaN,-9999,0,0,0,0,0,0,0,0,0,0,0,0,0,0,0,0,0,0,0,0,0,0,0,0,0,0,0,0,0,0,0,0,0,0,0,0,0,0,0,0,0,14-Apr-2023 15:34:00,738990.648611111,12.063,32.577,24.696,5.99,711.3753036,32.7312708252686,NaN,NaN,NaN,NaN,NaN,NaN,NaN
2304141819,0,2312648340,37.435733,-125.106745,0,NaN,-9999,NaN,-9999,6.5473,0,1.373061824,0,NaN,-9999,NaN,-9999,NaN,-9999,NaN,-9999,NaN,-9999,0,0,0,0,0,0,0,0,0,0,0,0,0,0,0,0,0,0,0,0,0,0,0,0,0,0,0,0,0,0,0,0,0,0,0,0,0,0,0,0,0,14-Apr-2023 18:19:00,738990.763194444,11.579,32.538,24.755,6.18,2870.891333,32.6920994412183,NaN,NaN,NaN,NaN,NaN,NaN,NaN
2304161600,0,2312812800,36.841018,-124.281672,0,0.48,0,0.51,0,4.7339,0,0.821601733,0,0.19,0,5.372,0,0.432,0,5.445,0,5.182,0,0.883,0.31,0.09,0.043,0,0.026,0.043,0.01,0,0.049,0,0.037,0.883,0,0,0.31,0,0.07,0.02,0,0.033,0.017,0.016,0,0.086,0,1.283,0.133,0.075,1.358,0.208,0.608,1.491,0.465,0.69,0.36,0.64,6.17,0.09,0.91,0.59,16-Apr-2023 16:00:00,738992.666666667,11.996,33.031,25.06,5.96,637.5839983,33.1874347521997,0,0.0486976217440544,0,0.0554926387315968,0.029445073612684,0.0419026047565119,0.351075877689694
2304161630,0,2312814600,36.841731,-124.196789,0,0.32,0,0.25,0,4.1571,0,0.790863201,0,0.1775,0,4.579,0,0.4,0,4.9175,0,4.4015,0,0.455,0.151,0.054,0.024,0,0.025,0.022,0.007,0,0.024,0,0.025,0.455,0,0,0.151,0,0.043,0.011,0,0.016,0.011,0,0,0.042,0,0.66,0.078,0.049,0.709,0.127,0.332,0.787,0.247,0.73,0.39,0.61,5.2,0.1,0.9,0.58,16-Apr-2023 16:30:00,738992.6875,12.213,33.036,25.024,5.946,716.2286663,33.1924626731842,0,0.0483516483516483,0,0.0527472527472527,0.0549450549450549,0.0549450549450549,0.331868131868132
2304161700,0,2312816400,36.909195,-124.196426,0,3.7,0,0.95,0,20.5139,0,2.998057574,0,0.1255,0,0.7485,0,0.1295,0,0.313,0,0.623,0,4.507,0.093,1.191,0.102,0.028,0.357,0.048,0.17,0.102,2.078,0.022,0,4.345,0,0.162,0.093,0,0.922,0.269,0,0.013,0.007,0.062,0.411,0.025,0,5.791,0.422,2.485,8.276,2.907,4.191,8.698,2.626,0.93,0.85,0.15,1.99,0.05,0.95,0.52,16-Apr-2023 17:00:00,738992.708333333,12.268,33.046,25.021,6.575,1413.216668,33.2025153870291,0.00488129576214777,0.010650099844686,0.00621255824273353,0.461060572442867,0.0792101175948525,0,0.0206345684490792
2304161730,0,2312818200,36.97765,-124.196064,0,1.44,0,0.38,0,26.3748,0,4.495167963,0,0.1575,0,3.806,0,0.3705,0,5.578,0,3.6485,0,1.917,0.196,0.33,0.082,0.014,0.048,0.086,0.069,0.043,0.429,0.015,0.017,1.859,0,0.058,0.196,0,0.277,0.053,0.006,0.024,0.007,0.027,0.094,0.057,0,2.443,0.297,0.506,2.949,0.803,1.329,3.246,0.805,0.69,0.63,0.37,3.04,0.09,0.91,0.59,16-Apr-2023 17:30:00,738992.729166667,11.052,32.626,24.918,6.289,1567.193571,32.7805315083747,0.00782472613458529,0.0448617631716223,0.00730307772561294,0.223787167449139,0.0250391236306729,0.00886802295253,0.102243088158581
2304161800,0,2312820000,37.045252,-124.19568,0,1.38,0,0.27,0,9.8726,0,1.502131619,0,0.148,0,3.1665,0,0.331,0,4.28,0,3.0185,0,2.142,0.253,0.345,0.091,0.018,0.072,0.143,0.059,0.052,0.421,0.017,0.025,2.097,0,0.045,0.253,0,0.282,0.063,0.006,0.019,0.005,0.028,0.083,0.061,0,2.74,0.37,0.528,3.268,0.898,1.496,3.638,0.949,0.7,0.59,0.41,3.05,0.1,0.9,0.59,16-Apr-2023 18:00:00,738992.75,11.308,32.621,24.868,6.213,2036.779991,32.7755131229212,0.00793650793650794,0.0667600373482726,0.00840336134453781,0.196545284780579,0.0336134453781513,0.011671335200747,0.118113912231559
2304161830,0,2312821800,37.11067,-124.195249,0,0.46,0,0.3,0,3.6463,0,0.556164508,0,0.111,0,2.0925,0,0.279,0,3.423,0,1.9815,0,0.63,0.152,0.124,0.035,0.014,0.067,0.022,0.019,0.027,0.129,0,0.037,0.624,0,0.006,0.152,0,0.077,0.047,0.007,0.016,0,0,0,0.04,0,0.906,0.14,0.21,1.116,0.35,0.626,1.256,0.421,0.99,0.6,0.4,2.59,0.11,0.89,0.5,16-Apr-2023 18:30:00,738992.770833333,11.546,32.573,24.788,6.117,2472.354665,32.7272908872386,0,0.0349206349206349,0.0222222222222222,0.204761904761905,0.106349206349206,0.0587301587301587,0.241269841269841
2304161900,0,2312823600,37.177682,-124.195006,0,0.4,0,0.22,0,2.9925,0,0.508567709,0,0.1275,0,1.9015,0,0.259,0,2.983,0,1.774,0,0.644,0.136,0.127,0.027,0.018,0.07,0.02,0.02,0.021,0.123,0,0.033,0.644,0,0,0.136,0,0.077,0.05,0,0.012,0,0,0,0.033,0,0.907,0.121,0.211,1.118,0.332,0.595,1.239,0.4,0.92,0.64,0.36,2.73,0.1,0.9,0.52,16-Apr-2023 19:00:00,738992.791666667,11.746,32.59,24.765,6.074,2442.925332,32.7443766519957,0,0.031055900621118,0.0279503105590062,0.190993788819876,0.108695652173913,0.0512422360248447,0.211180124223602
2304161930,0,2312825400,37.241132,-124.190455,0,0.45,0,0.21,0,3.4661,0,0.540120159,0,NaN,-9999,NaN,-9999,NaN,-9999,NaN,-9999,NaN,-9999,0.532,0.104,0.112,0.026,0.023,0.085,0.017,0.019,0.028,0.096,0,0.032,0.523,0,0.009,0.104,0,0.063,0.049,0,0.011,0,0,0,0.029,0,0.748,0.122,0.204,0.952,0.326,0.542,1.074,0.357,1.02,0.63,0.37,2.29,0.11,0.89,0.5,16-Apr-2023 19:30:00,738992.8125,11.857,32.59,24.744,6.094,2523.041334,32.7443818450728,0,0.0319548872180451,0.0432330827067669,0.180451127819549,0.159774436090226,0.0601503759398496,0.195488721804511
2304162000,0,2312827200,37.245649,-124.104542,0,0.39,0,0.24,0,4.2482,0,0.656568192,0,0.114,0,2.185,0,0.293,0,3.5735,0,2.071,0,0.589,0.186,0.091,0.029,0.018,0.062,0.02,0.016,0.02,0.067,0,0.045,0.582,0,0.007,0.186,0,0.059,0.032,0.01,0.021,0,0,0,0.054,0,0.866,0.13,0.147,1.013,0.277,0.554,1.143,0.398,0.94,0.53,0.47,3.13,0.11,0.89,0.52,16-Apr-2023 20:00:00,738992.833333333,11.606,32.519,24.735,6.153,2477.762666,32.673050462789,0,0.033955857385399,0.0305602716468591,0.113752122241087,0.105263157894737,0.0764006791171477,0.315789473684211
2304162030,0,2312829000,37.24372,-124.025369,0,0.44,0,0.26,0,3.09,0,0.557886566,0,0.119,0,2.669,0,0.284,0,4.23,0,2.55,0,0.679,0.221,0.098,0.033,0.017,0.055,0.027,0.017,0.027,0.08,0,0.045,0.671,0,0.008,0.221,0,0.064,0.034,0.014,0.024,0,0,0.02,0.067,0,0.998,0.149,0.152,1.15,0.301,0.62,1.299,0.445,0.91,0.5,0.5,3.32,0.11,0.89,0.52,16-Apr-2023 20:30:00,738992.854166667,11.544,32.49,24.724,6.183,2354.66001,32.6439171634943,0,0.0397643593519882,0.0250368188512518,0.117820324005891,0.0810014727540501,0.0662739322533137,0.325478645066274
2304162100,0,2312830800,37.171529,-124.030026,0,0.35,0,0.33,0,3.7578,0,0.696080131,0,0.1105,0,2.3625,0,0.252,0,3.6795,0,2.252,0,0.658,0.179,0.112,0.036,0.016,0.066,0.02,0.019,0.029,0.102,0,0.049,0.648,0,0.01,0.179,0,0.068,0.044,0.011,0.017,0,0,0,0.051,0,0.949,0.153,0.184,1.133,0.337,0.628,1.286,0.432,0.95,0.55,0.45,2.82,0.12,0.88,0.51,16-Apr-2023 21:00:00,738992.875,11.884,32.552,24.71,6.133,2343.930004,32.7062048590142,0,0.0303951367781155,0.0243161094224924,0.155015197568389,0.100303951367781,0.074468085106383,0.272036474164134
2304162131,0,2312832660,37.101929,-124.030059,0,0.45,0,0.15,0,3.2719,0,0.650740333,0,0.0995,0,2.1335,0,0.2895,0,3.429,0,2.034,0,0.547,0.101,0.112,0.026,0.015,0.06,0.028,0.021,0.037,0.109,0,0.031,0.531,0,0.016,0.101,0,0.067,0.045,0.008,0.011,0,0,0,0.028,0,0.76,0.143,0.184,0.944,0.327,0.54,1.087,0.344,0.99,0.56,0.44,2.32,0.13,0.87,0.5,16-Apr-2023 21:31:00,738992.896527778,11.953,32.574,24.714,6.112,2537.520631,32.7283035067999,0,0.0511882998171846,0.0274223034734918,0.19926873857404,0.109689213893967,0.056672760511883,0.184643510054845
2304162200,0,2312834400,37.037663,-124.030007,0,1.26,0,0.42,0,9.1669,0,1.518631754,0,0.1625,0,4.126,0,0.368,0,6.1205,0,3.9635,0,0,0,0,0,0,0,0,0,0,0,0,0,0,0,0,0,0,0,0,0,0,0,0,0,0,0,0,0,0,0,0,0,0,0,0,0,0,0,0,0,0,16-Apr-2023 22:00:00,738992.916666667,12.206,32.815,24.854,6.442,2340.176686,32.9704399501094,NaN,NaN,NaN,NaN,NaN,NaN,NaN
2304162230,0,2312836200,36.972265,-124.030036,0,2.12,0,0.55,0,12.5431,0,1.842548541,0,0.1135,0,0.6475,0,0.092,0,0.591,0,0.534,0,2.755,0.032,0.748,0.073,0,0.082,0.04,0.113,0.165,1.367,0.019,0.009,2.436,0,0.319,0.032,0,0.608,0.14,0,0,0,0.021,0.335,0.02,0,3.535,0.4,1.468,5.003,1.868,2.648,5.403,1.549,0.96,0.79,0.21,1.89,0.07,0.93,0.51,16-Apr-2023 22:30:00,738992.9375,12.897,32.992,24.858,6.559,2524.687291,33.14827307271,0.00689655172413793,0.014519056261343,0,0.496188747731397,0.0297640653357532,0.00326678765880218,0.0116152450090744
2304162300,0,2312838000,36.907777,-124.030015,0,0.54,0,0.27,0,5.3469,0,0.899256717,0,0.154,0,4.619,0,0.4255,0,5.216,0,4.465,0,0.741,0.24,0.079,0.047,0,0.035,0.069,0.012,0.015,0.036,0,0.055,0.735,0,0.006,0.24,0,0.059,0.02,0.019,0.024,0.006,0,0.011,0.063,0,1.06,0.198,0.071,1.131,0.269,0.588,1.329,0.435,0.79,0.26,0.74,3.94,0.15,0.85,0.56,16-Apr-2023 23:00:00,738992.958333333,12.741,33.027,24.916,5.967,2389.764029,33.1834336267962,0,0.0931174089068826,0,0.048582995951417,0.0472334682860999,0.0742240215924427,0.323886639676113
2304170427,0,2312857620,37.091772,-123.860935,0,4.93,0,1.12,0,-9999,0,-9999,0,NaN,-9999,NaN,-9999,NaN,-9999,NaN,-9999,NaN,-9999,0,0,0,0,0,0,0,0,0,0,0,0,0,0,0,0,0,0,0,0,0,0,0,0,0,0,0,0,0,0,0,0,0,0,0,0,0,0,0,0,0,17-Apr-2023 04:27:00,738993.185416667,11.687,32.705,24.865,7.177,80.47800344,32.8599218224872,NaN,NaN,NaN,NaN,NaN,NaN,NaN
2304171900,0,2312910000,37.134097,-123.85321,0,5.85,0,1.38,0,31.2502,0,3.650011341,0,0.044,0,0.04,0,0.0655,0,0.527,0,-0.004,0,8.181,0.276,1.454,0.207,0,0.066,0.145,0.252,0.062,2.787,0.031,0.008,7.797,0,0.384,0.276,0,1.34,0.114,0,0.033,0.011,0.114,0.469,0.077,0,9.911,0.674,2.884,12.795,3.558,5.288,13.469,3.313,0.65,0.81,0.19,2.79,0.05,0.95,0.61,17-Apr-2023 19:00:00,738993.791666667,11.6,32.69,24.869,7.488,1655.196666,32.8448540208857,0.00378926781567046,0.0177239946216844,0,0.340667400073341,0.00806747341400807,0.000977875565334311,0.0337367070040337
2304171928,0,2312911680,37.066617,-123.813823,0,3.59,0,1.36,0,21.9703,0,3.192308698,0,0.0565,0,0.1285,0,0.1165,0,0.613,0,0.072,0,5.842,0.183,1.286,0.167,0,0.059,0.147,0.235,0.125,2.194,0.033,0.01,5.381,0,0.461,0.183,0,1.194,0.092,0,0.024,0.011,0.065,0.843,0.055,0,7.311,0.684,2.286,9.597,2.97,4.439,10.281,2.626,0.76,0.77,0.23,2.46,0.07,0.93,0.57,17-Apr-2023 19:28:00,738993.811111111,11.623,32.742,24.905,7.25,1756.666671,32.8970940442071,0.00564875042793564,0.0251626155426224,0,0.375556316330024,0.0100992810681274,0.00171174255391989,0.031324888736734
2304172000,0,2312913600,36.987686,-123.767854,0,1.09,0,0.22,0,8.8415,0,1.413729649,0,0.1925,0,4.333,0,0.368,0,3.304,0,4.1405,0,1.313,0.069,0.263,0.048,0,0.073,0.069,0.052,0.055,0.387,0,0.01,1.282,0,0.031,0.069,0,0.207,0.056,0,0,0,0.016,0.082,0.021,0,1.645,0.234,0.46,2.105,0.694,1.026,2.339,0.608,0.78,0.66,0.34,2.37,0.1,0.9,0.56,17-Apr-2023 20:00:00,738993.833333333,12.32,33.1,25.053,6.246,2022.851294,33.2567823824814,0,0.0525514089870526,0,0.294744859101295,0.0555978674790556,0.00761614623000762,0.0525514089870526
2304172030,0,2312915400,36.946357,-123.747285,0,0.41,0,0.23,0,4.2668,0,0.787998639,0,0.167,0,4.53,0,0.4315,0,5.162,0,4.363,0,0.624,0.171,0.09,0.029,0,0.044,0.031,0.011,0.007,0.061,0,0.037,0.624,0,0,0.171,0,0.062,0.028,0.006,0.015,0,0,0,0.04,0,0.885,0.115,0.105,0.99,0.22,0.481,1.105,0.344,0.77,0.48,0.52,4.02,0.1,0.9,0.56,17-Apr-2023 20:30:00,738993.854166667,12.268,33.052,25.026,5.998,2088.38864,33.2085512007489,0,0.0496794871794872,0,0.0977564102564103,0.0705128205128205,0.0592948717948718,0.274038461538462
2304172100,0,2312917200,37.009492,-123.807711,0,1.33,0,0.19,0,9.0087,0,1.465521993,0,0.1265,0,1.373,0,0.191,0,0.717,0,1.2465,0,1.838,0.032,0.431,0.047,0,0.028,0.023,0.069,0.097,0.835,0.016,0,1.741,0,0.097,0.032,0,0.373,0.058,0,0,0,0.029,0.212,0.006,0,2.301,0.236,0.879,3.18,1.115,1.578,3.416,0.934,0.86,0.79,0.21,2.06,0.07,0.93,0.54,17-Apr-2023 21:00:00,738993.875,12.309,32.989,24.969,6.442,2188.842171,33.1452592579148,0.00870511425462459,0.0125136017410228,0,0.454298150163221,0.015233949945593,0,0.0174102285092492
2304172200,0,2312920800,37.043503,-123.83328,0,4.4,0,1.47,0,26.0675,0,3.764800247,0,0.078,0,0.657,0,0.1555,0,1.346,0,0.579,0,6.472,0.282,1.35,0.174,0,0.066,0.148,0.226,0.055,2.435,0.04,0.013,6.141,0,0.331,0.282,0,1.252,0.098,0,0.036,0.011,0.167,0.619,0.082,0,8.104,0.616,2.541,10.645,3.157,4.789,11.261,2.984,0.74,0.8,0.2,2.57,0.05,0.95,0.57,17-Apr-2023 22:00:00,738993.916666667,11.658,32.772,24.922,7.059,1964.551993,32.9272346961038,0.00618046971569839,0.0228677379480841,0,0.37623609394314,0.0101977750309023,0.00200865265760198,0.0435723114956737
2304172230,0,2312922600,37.050605,-123.834328,0,5.32,0,1.36,0,25.6066,0,3.688738059,0,0.0625,0,0.2,0,0.122,0,0.8495,0,0.1375,0,6.455,0.25,1.349,0.191,0,0.066,0.163,0.28,0.103,2.393,0.04,0.014,6.11,0,0.345,0.25,0,1.248,0.101,0,0.032,0.01,0.067,0.503,0.074,0,8.054,0.751,2.499,10.553,3.25,4.849,11.304,2.926,0.75,0.77,0.23,2.48,0.07,0.93,0.57,17-Apr-2023 22:30:00,738993.9375,11.726,32.748,24.892,7.167,1273.897997,32.9031216098165,0.00619674670797831,0.0252517428350116,0,0.370720371804802,0.0102246320681642,0.00216886134779241,0.0387296669248644
2304172300,0,2312924400,37.069867,-123.848144,0,5.34,0,2.54,0,35.6027,0,5.116779869,0,0.049,0,0.1,0,0.0735,0,0.5425,0,0.051,0,8.038,0.398,1.967,0.221,0,0.109,0.167,0.382,0.053,3.203,0.043,0.014,7.341,0,0.697,0.398,0,1.797,0.17,0,0.049,0.018,0.084,0.825,0.124,0,10.403,0.837,3.355,13.758,4.192,6.557,14.595,3.934,0.82,0.8,0.2,2.48,0.06,0.94,0.55,17-Apr-2023 23:00:00,738993.958333333,11.578,32.785,24.947,7.559,1381.046671,32.9402987294367,0.00534958945011197,0.0207763125155511,0,0.398482209504852,0.0135605872107489,0.00174172679771087,0.0495148046777805
2304172330,0,2312926200,37.014775,-123.800566,0,2.12,0,0.64,0,17.2001,0,2.469303497,0,0.112,0,0.6505,0,0.159,0,1.5605,0,0.5385,0,2.499,0.227,0.497,0.088,0.014,0.049,0.12,0.098,0.046,0.755,0.019,0.018,2.379,0,0.12,0.227,0,0.443,0.054,0.01,0.024,0.01,0.027,0.167,0.066,0,3.223,0.37,0.837,4.06,1.207,1.931,4.43,1.202,0.77,0.69,0.31,2.67,0.08,0.92,0.56,17-Apr-2023 23:30:00,738993.979166667,12.093,32.859,24.909,6.754,1123.201428,33.0146437607961,0.00760304121648659,0.0480192076830732,0.00560224089635854,0.302120848339336,0.0196078431372549,0.00720288115246098,0.0908363345338135
2304180000,0,2312928000,36.943876,-123.742276,0,0.5,0,0.24,0,4.32,0,0.706333898,0,0.1625,0,4.318,0,0.358,0,4.573,0,4.1555,0,0.61,0.159,0.092,0.027,0.01,0.055,0.039,0.018,0,0.062,0,0.03,0.603,0,0.007,0.159,0,0.066,0.026,0.006,0.016,0.007,0,0,0.042,0,0.861,0.114,0.127,0.988,0.241,0.492,1.102,0.355,0.81,0.53,0.47,3.57,0.1,0.9,0.55,18-Apr-2023 00:00:00,738994,12.397,33.019,24.976,6.007,614.2133319,33.1753945845698,0,0.0639344262295082,0.0163934426229508,0.101639344262295,0.0901639344262295,0.0491803278688525,0.260655737704918
2304180100,0,2312931600,36.934852,-123.737203,0,0.27,0,0.39,0,5.3251,0,0.986863793,0,NaN,-9999,NaN,-9999,NaN,-9999,NaN,-9999,NaN,-9999,0.552,0.176,0.082,0.027,0,0.045,0.031,0.016,0,0.063,0,0.031,0.552,0,0,0.176,0,0.06,0.022,0.007,0.018,0.009,0.015,0,0.047,0,0.81,0.105,0.108,0.918,0.213,0.471,1.023,0.346,0.85,0.51,0.49,3.8,0.1,0.9,0.54,18-Apr-2023 01:00:00,738994.041666667,12.356,33.016,24.981,5.991,1770.503998,33.172379528301,0,0.0561594202898551,0,0.114130434782609,0.0815217391304348,0.0561594202898551,0.318840579710145
2304181800,0,2312992800,36.98411,-123.880125,0,2.94,0,0.81,0,16.4756,0,2.589722739,0,0.116,0,1.3775,0,0.1535,0,1.517,0,1.2615,0,3.859,0.176,0.742,0.102,0,0.05,0.076,0.129,0.101,1.487,0,0.018,3.666,0,0.193,0.176,0,0.657,0.085,0,0.019,0,0.092,0.255,0.046,0,4.777,0.426,1.537,6.314,1.963,2.881,6.74,1.807,0.75,0.78,0.22,2.43,0.06,0.94,0.57,18-Apr-2023 18:00:00,738994.75,11.755,32.845,24.961,6.659,2283.893345,33.0005766739567,0,0.0196942213008551,0,0.385332987820679,0.0129567245400363,0.00466442083441306,0.0456076703809277
2304181830,0,2312994600,37.03053,-123.883549,0,4.51,0,2.11,0,24.5052,0,3.685178092,0,0.0625,0,0.0645,0,0.0205,0,0.722,0,0.002,0,5.594,0.171,1.33,0.148,0,0.054,0.079,0.233,0.112,2.4,0.026,0.017,5.109,0,0.485,0.171,0,1.233,0.097,0,0.023,0.007,0.067,0.736,0.026,0,7.095,0.589,2.48,9.575,3.069,4.57,10.164,2.747,0.82,0.81,0.19,2.31,0.06,0.94,0.55,18-Apr-2023 18:30:00,738994.770833333,11.548,32.747,24.923,7.379,1594.341454,32.9021163060397,0.00464783696818019,0.0141222738648552,0,0.429031104755095,0.00965319985698963,0.00303897032534859,0.0305684662138005
2304181900,0,2312996400,37.012104,-123.924146,0,4.47,0,2.91,0,29.633,0,4.567085256,0,0.0595,0,0.089,0,0.0105,0,0.611,0,0.0295,0,6.597,0.156,1.876,0.182,0,0.064,0.048,0.327,0.212,3.265,0.029,0.03,6.064,0,0.533,0.156,0,1.756,0.12,0,0.026,0.01,0.062,0.91,0.024,0,8.629,0.799,3.358,11.987,4.157,6.189,12.786,3.592,0.94,0.81,0.19,2.08,0.06,0.94,0.52,18-Apr-2023 19:00:00,738994.791666667,11.761,32.812,24.935,7.541,2686.468653,32.9674235796585,0.00439593754737002,0.00727603456116417,0,0.494921934212521,0.00970137941488555,0.0045475216007276,0.0236471123237835
2304181930,0,2312998200,36.957897,-123.925232,0,2.15,0,0.63,0,13.0924,0,2.099228053,0,0.116,0,2.0615,0,0.193,0,3.416,0,1.9455,0,3.153,0.165,0.618,0.092,0.01,0.06,0.042,0.115,0.127,1.234,0,0.034,3.024,0,0.129,0.165,0,0.543,0.075,0.007,0.023,0.006,0.03,0.198,0.048,0,3.936,0.41,1.304,5.24,1.714,2.497,5.65,1.545,0.79,0.76,0.24,2.3,0.07,0.93,0.56,18-Apr-2023 19:30:00,738994.8125,11.564,32.652,24.846,6.673,2442.655948,32.8066613463478,0,0.0133206470028544,0.00317158261972724,0.391373295274342,0.0190294957183635,0.0107833809070726,0.0523311132254995
2304182000,0,2313000000,36.940182,-123.960866,0,1.11,0,0.48,0,6.8206,0,1.208760121,0,0.1205,0,3.137,0,0.2755,0,4.6125,0,3.0165,0,1.509,0.142,0.282,0.053,0.012,0.051,0.021,0.048,0.066,0.534,0,0.029,1.448,0,0.061,0.142,0,0.233,0.049,0.007,0.015,0,0.016,0.076,0.04,0,1.933,0.217,0.597,2.53,0.814,1.238,2.747,0.789,0.82,0.73,0.27,2.37,0.08,0.92,0.55,18-Apr-2023 20:00:00,738994.833333333,11.421,32.587,24.822,6.371,2480.137334,32.7413528018905,0,0.0139165009940358,0.00795228628230616,0.353876739562624,0.0337972166998012,0.0192180251822399,0.0941020543406229
2304182030,0,2313001800,36.940279,-123.970649,0,1.34,0,0.39,0,6.5312,0,1.255157644,0,0.1245,0,3.2175,0,0.2825,0,4.718,0,3.093,0,1.615,0.167,0.289,0.06,0.014,0.065,0.078,0.059,0.046,0.422,0.013,0.026,1.537,0,0.078,0.167,0,0.235,0.054,0.01,0.02,0.007,0.02,0.078,0.054,0,2.071,0.269,0.514,2.585,0.783,1.239,2.854,0.785,0.77,0.66,0.34,2.64,0.09,0.91,0.57,18-Apr-2023 20:30:00,738994.854166667,11.138,32.581,24.868,6.363,2500.95,32.7353245994661,0.00804953560371517,0.048297213622291,0.0086687306501548,0.261300309597523,0.0402476780185759,0.0160990712074303,0.103405572755418
2304182100,0,2313003600,36.989629,-123.970183,0,2.97,0,1.21,0,20.4655,0,2.866298519,0,0.0635,0,-0.014,0,-0.0065,0,0.6,0,-0.0775,0,4.438,0.119,1.084,0.11,0,0.038,0.044,0.195,0.12,1.937,0,0.019,4.202,0,0.236,0.119,0,1.012,0.072,0,0.019,0,0.04,0.592,0.017,0,5.641,0.488,1.975,7.616,2.463,3.666,8.104,2.157,0.83,0.8,0.2,2.29,0.06,0.94,0.55,18-Apr-2023 21:00:00,738994.875,12.347,32.765,24.788,7.352,2498.383334,32.9202001228591,0,0.00991437584497521,0,0.436457863902659,0.00856241550247859,0.0042812077512393,0.026813880126183
2304182140,0,2313006000,37.056827,-123.969598,0,4.53,0,0.41,0,22.6128,0,3.298548761,0,0.0465,0,0.0535,0,0.0675,0,0.5075,0,0.00700000000000001,0,5.873,0.139,1.273,0.138,0,0.037,0.067,0.169,0.194,2.53,0.018,0.024,5.27,0,0.603,0.139,0,1.189,0.084,0,0.019,0.007,0.043,0.541,0.018,0,7.285,0.592,2.585,9.87,3.177,4.589,10.462,2.815,0.78,0.81,0.19,2.29,0.06,0.94,0.56,18-Apr-2023 21:40:00,738994.902777778,12.415,32.727,24.746,7.333,2303.785337,32.8820255412135,0.00306487314830581,0.0114081389409161,0,0.430784948067427,0.00630001702707305,0.00408649753107441,0.0236676315341393
2304182200,0,2313007200,37.047298,-123.943021,0,2.42,0,0.64,0,16.3024,0,2.540027021,0,0.0565,0,0.077,0,0.073,0,0.372,0,0.0205,0,3.356,0.092,0.796,0.099,0,0.033,0.034,0.117,0.192,1.527,0,0.025,3.048,0,0.308,0.092,0,0.739,0.057,0.005,0.015,0.007,0.026,0.351,0.015,0,4.244,0.467,1.56,5.804,2.027,2.915,6.271,1.711,0.87,0.77,0.23,2.09,0.07,0.93,0.54,18-Apr-2023 22:00:00,738994.916666667,12.726,32.819,24.757,7.111,739.6033264,32.9744599951275,0,0.0101311084624553,0,0.455005959475566,0.0098331346841478,0.00744934445768772,0.0274135876042908
2304182230,0,2313009000,37.01331,-123.892426,0,4.66,0,2.23,0,31.4478,0,4.173144808,0,0.043,0,0.094,0,0.02,0,0.19,0,0.051,0,4.875,0.114,1.44,0.141,0,0.051,0.049,0.232,0.277,2.627,0,0.025,4.037,0,0.838,0.114,0,1.347,0.093,0,0.023,0.006,0.032,0.656,0.02,0,6.429,0.724,2.678,9.107,3.402,4.956,9.831,2.866,1.02,0.79,0.21,1.89,0.07,0.93,0.5,18-Apr-2023 22:30:00,738994.9375,12.194,32.817,24.858,7.83,1331.18313,32.972446678205,0,0.0100512820512821,0,0.538871794871795,0.0104615384615385,0.00512820512820513,0.0233846153846154
2304182300,0,2313010800,36.984841,-123.841786,0,1.1,0,0.15,0,8.8506,0,1.420677509,0,0.11,0,0.9565,0,0.138,0,0.886,0,0.8465,0,1.206,0.072,0.262,0.043,0,0.023,0.019,0.059,0.092,0.492,0.014,0.024,1.138,0,0.068,0.072,0,0.226,0.036,0.009,0.011,0,0,0.107,0.021,0,1.54,0.237,0.529,2.069,0.766,1.1,2.306,0.644,0.91,0.69,0.31,2.01,0.1,0.9,0.52,18-Apr-2023 23:00:00,738994.958333333,13.551,32.949,24.694,6.58,2334.397349,33.10506851984,0.0116086235489221,0.0157545605306799,0,0.407960199004975,0.0190713101160862,0.0199004975124378,0.0597014925373134
2304191800,0,2313079200,37.075183,-123.897659,0,2.01,0,0.78,0,10.4094,0,1.965594712,0,NaN,-9999,NaN,-9999,NaN,-9999,NaN,-9999,NaN,-9999,2.401,0.124,0.428,0.073,0,0.042,0.074,0.095,0.041,0.777,0,0.011,2.34,0,0.061,0.124,0,0.38,0.048,0,0.015,0,0.058,0.147,0.037,0,2.953,0.294,0.819,3.772,1.113,1.665,4.066,1.028,0.69,0.74,0.26,2.65,0.07,0.93,0.59,19-Apr-2023 18:00:00,738995.75,11.556,32.742,24.917,6.655,2436.78333,32.8970965355175,0,0.0308204914618909,0,0.323615160349854,0.0174927113702624,0.00458142440649729,0.0516451478550604
2304191830,0,2313081000,37.123667,-123.90079,0,0.74,0,0.45,0,5.8369,0,1.183408317,0,NaN,-9999,NaN,-9999,NaN,-9999,NaN,-9999,NaN,-9999,0,0,0,0,0,0,0,0,0,0,0,0,0,0,0,0,0,0,0,0,0,0,0,0,0,0,0,0,0,0,0,0,0,0,0,0,0,0,0,0,0,19-Apr-2023 18:30:00,738995.770833333,11.138,32.576,24.864,6.223,2591.235936,32.7303141723785,NaN,NaN,NaN,NaN,NaN,NaN,NaN
2304191900,0,2313082800,37.122974,-123.931465,0,0.78,0,0.13,0,6.5249,0,1.139615765,0,NaN,-9999,NaN,-9999,NaN,-9999,NaN,-9999,NaN,-9999,1.031,0.135,0.194,0.042,0.031,0.1,0.067,0.036,0.034,0.158,0.02,0.032,1.02,0,0.011,0.135,0,0.129,0.065,0.009,0.016,0,0,0,0.041,0,1.36,0.211,0.309,1.669,0.52,0.849,1.88,0.543,0.82,0.59,0.41,2.62,0.11,0.89,0.55,19-Apr-2023 19:00:00,738995.791666667,11.132,32.535,24.833,6.222,2400.217992,32.6891205505481,0.0193986420950533,0.0649854510184287,0.0300678952473327,0.153249272550921,0.0969932104752667,0.0310378273520854,0.13094083414161
2304191930,0,2313084600,37.069566,-123.925012,0,1.56,0,0.67,0,9.1845,0,1.561458077,0,NaN,-9999,NaN,-9999,NaN,-9999,NaN,-9999,NaN,-9999,2.087,0.121,0.404,0.066,0,0.045,0.071,0.067,0.063,0.704,0,0.017,1.962,0,0.125,0.121,0,0.356,0.048,0.007,0.013,0,0.037,0.145,0.039,0,2.612,0.284,0.749,3.361,1.033,1.558,3.645,0.958,0.75,0.73,0.27,2.53,0.08,0.92,0.57,19-Apr-2023 19:30:00,738995.8125,11.473,32.694,24.895,6.511,2571.528002,32.8488692953574,0,0.0340201245807379,0,0.337326305701964,0.0215620507906085,0.00814566363200767,0.0579779587925251
2304192000,0,2313086400,37.017183,-123.924509,0,1.94,0,0.9,0,11.7686,0,2.145013344,0,NaN,-9999,NaN,-9999,NaN,-9999,NaN,-9999,NaN,-9999,2.511,0.107,0.587,0.071,0,0.052,0.043,0.09,0.092,1.091,0,0.013,2.355,0,0.156,0.107,0,0.512,0.075,0,0.013,0,0.049,0.217,0.03,0,3.205,0.309,1.143,4.348,1.452,2.146,4.657,1.306,0.85,0.79,0.21,2.21,0.07,0.93,0.54,19-Apr-2023 20:00:00,738995.833333333,12.175,32.938,24.955,6.616,2582.161333,33.0940208361927,0,0.0171246515332537,0,0.434488251692553,0.0207088809239347,0.00517722023098367,0.0426125049780964
2304192030,0,2313088200,36.978826,-123.924246,0,4.07,0,1.97,0,30.4216,0,4.091851421,0,NaN,-9999,NaN,-9999,NaN,-9999,NaN,-9999,NaN,-9999,5.198,0.128,1.37,0.139,0,0.047,0.062,0.217,0.122,2.504,0,0.012,4.046,0,1.152,0.128,0,1.281,0.089,0,0.021,0.005,0.046,0.715,0.02,0,6.696,0.552,2.551,9.247,3.103,4.601,9.799,2.753,0.89,0.82,0.18,2.16,0.06,0.94,0.53,19-Apr-2023 20:30:00,738995.854166667,11.774,32.795,24.919,7.622,2400.400724,32.9503403617957,0,0.0119276644863409,0,0.481723739899961,0.00904193920738746,0.00230858022316275,0.0246248557137361
2304192100,0,2313090000,36.982794,-123.924412,0,4.18,0,2.42,0,37.2787,0,4.662626669,0,NaN,-9999,NaN,-9999,NaN,-9999,NaN,-9999,NaN,-9999,5.073,0.129,1.433,0.138,0,0.058,0.064,0.237,0.131,2.474,0,0.015,4.226,0,0.847,0.129,0,1.345,0.088,0,0.021,0,0.046,0.846,0.023,0,6.635,0.585,2.532,9.167,3.117,4.679,9.752,2.74,0.92,0.81,0.19,2.13,0.06,0.94,0.52,19-Apr-2023 21:00:00,738995.875,11.799,32.794,24.913,7.626,1851.446208,32.9493359499478,0,0.0126158091858861,0,0.487679873841908,0.0114330770747092,0.00295683027794205,0.0254287403903016
2304192130,0,2313091800,37.014722,-123.924646,0,2.37,0,0.7,0,12.8382,0,2.032146593,0,NaN,-9999,NaN,-9999,NaN,-9999,NaN,-9999,NaN,-9999,2.823,0.084,0.64,0.073,0,0.055,0.048,0.101,0.106,1.273,0,0.015,2.459,0,0.364,0.084,0,0.564,0.076,0,0.012,0,0.036,0.203,0.029,0,3.547,0.343,1.328,4.875,1.671,2.395,5.218,1.475,0.85,0.79,0.21,2.12,0.07,0.93,0.54,19-Apr-2023 21:30:00,738995.895833333,12.052,32.887,24.938,6.872,2505.897335,33.0427790623373,0,0.0170031880977683,0,0.450938717676231,0.0194828196953595,0.0053134962805526,0.0297555791710946
2304192200,0,2313093600,37.087787,-123.924017,0,3.23,0,0.79,0,17.975,0,3.013994074,0,NaN,-9999,NaN,-9999,NaN,-9999,NaN,-9999,NaN,-9999,4.389,0.161,0.944,0.128,0.014,0.073,0.115,0.183,0.12,1.769,0.028,0.018,3.958,0,0.431,0.161,0,0.855,0.089,0,0.019,0,0.037,0.241,0.045,0,5.494,0.564,1.884,7.378,2.448,3.553,7.942,2.178,0.81,0.77,0.23,2.24,0.07,0.93,0.55,19-Apr-2023 22:00:00,738995.916666667,11.632,32.713,24.882,6.778,2576.75334,32.8679607474582,0.00637958532695375,0.0262018683071315,0.00318979266347687,0.403053087263614,0.0166324903167008,0.00410116199589884,0.0366826156299841
2304192230,0,2313095400,37.076845,-123.924361,0,2.82,0,0.78,0,-9999,0,-9999,0,NaN,-9999,NaN,-9999,NaN,-9999,NaN,-9999,NaN,-9999,2.921,0.123,0.735,0.111,0.019,0.076,0.119,0.14,0.135,1.271,0.029,0.019,1.898,0,1.023,0.123,0,0.661,0.074,0.008,0.022,0.007,0.027,0.215,0.044,0,3.779,0.524,1.395,5.174,1.919,2.777,5.698,1.656,0.95,0.73,0.27,1.97,0.09,0.91,0.51,19-Apr-2023 22:30:00,738995.9375,11.636,32.714,24.882,6.802,2457.135307,32.8689646080039,0.00992810681273537,0.0407394727832934,0.00650462170489558,0.435124957206436,0.0260184868195823,0.00650462170489558,0.0421088668264293
2304192300,0,2313097200,37.026381,-123.925033,0,0.89,0,0.33,0,-9999,0,-9999,0,NaN,-9999,NaN,-9999,NaN,-9999,NaN,-9999,NaN,-9999,1.18,0.084,0.236,0.041,0,0.034,0.046,0.049,0.055,0.405,0,0.017,1.111,0,0.069,0.084,0,0.2,0.036,0.008,0.011,0.007,0.023,0.073,0.028,0,1.5,0.208,0.439,1.939,0.647,0.967,2.147,0.586,0.82,0.68,0.32,2.32,0.1,0.9,0.55,19-Apr-2023 23:00:00,738995.958333333,12.223,32.927,24.938,6.509,2141.000004,33.0829694904447,0,0.0389830508474576,0,0.343220338983051,0.0288135593220339,0.014406779661017,0.0711864406779661
2304201809,0,2313166140,36.816153,-124.02911,0,1.77,0,0.61,0,12.8894,0,2.074416815,0,NaN,-9999,NaN,-9999,NaN,-9999,NaN,-9999,NaN,-9999,2.158,0.147,0.486,0.063,0.01,0.079,0.056,0.075,0.045,0.792,0,0.018,2.02,0,0.138,0.147,0,0.426,0.06,0,0.016,0,0.032,0.197,0.045,0,2.791,0.257,0.881,3.672,1.138,1.771,3.929,1.102,0.82,0.77,0.23,2.45,0.07,0.93,0.55,20-Apr-2023 18:09:00,738996.75625,11.998,32.846,24.917,6.442,2488.116669,33.0015689656591,0,0.025949953660797,0.0046339202965709,0.367006487488415,0.0366079703429101,0.00834105653382762,0.0681186283595922
2304201830,0,2313167400,36.850078,-124.033169,0,2.59,0,0.87,0,14.9986,0,2.449321868,0,NaN,-9999,NaN,-9999,NaN,-9999,NaN,-9999,NaN,-9999,3.69,0.074,0.798,0.089,0,0.036,0.038,0.121,0.069,1.542,0,0.01,3.451,0,0.239,0.074,0,0.739,0.059,0,0.013,0,0.074,0.428,0.01,0,4.562,0.327,1.578,6.14,1.905,2.777,6.467,1.7,0.75,0.83,0.17,2.39,0.05,0.95,0.57,20-Apr-2023 18:30:00,738996.770833333,11.789,32.813,24.93,6.679,2425.790684,32.9684152026755,0,0.0102981029810298,0,0.417886178861789,0.00975609756097561,0.002710027100271,0.0200542005420054
2304201900,0,2313169200,36.907396,-124.033078,0,4.33,0,1.66,0,20.3975,0,3.170573714,0,NaN,-9999,NaN,-9999,NaN,-9999,NaN,-9999,NaN,-9999,5.654,0.099,1.3,0.133,0,0.046,0.048,0.21,0.1,2.554,0,0.015,5.272,0,0.382,0.099,0,1.206,0.094,0,0.019,0,0.081,0.663,0.018,0,7.053,0.506,2.6,9.653,3.106,4.505,10.159,2.762,0.8,0.84,0.16,2.27,0.05,0.95,0.56,20-Apr-2023 19:00:00,738996.791666667,11.614,32.803,24.955,6.945,2330.276675,32.9583724592035,0,0.00848956490979837,0,0.451715599575522,0.00813583303855677,0.00265298903431199,0.0175097276264591
2304201930,0,2313171000,36.906868,-124.020647,0,3.98,0,2.22,0,-9999,0,-9999,0,NaN,-9999,NaN,-9999,NaN,-9999,NaN,-9999,NaN,-9999,4.827,0.094,1.273,0.118,0,0.051,0.048,0.186,0.082,2.295,0,0,4.27,0,0.557,0.094,0,1.187,0.086,0,0.018,0.009,0.08,0.706,0.014,0,6.194,0.434,2.346,8.54,2.78,4.147,8.974,2.488,0.86,0.84,0.16,2.23,0.05,0.95,0.54,20-Apr-2023 19:30:00,738996.8125,11.584,32.806,24.963,7.023,2379.95733,32.9613872450646,0,0.00994406463642014,0,0.475450590428838,0.0105655686761964,0,0.0194737932463228
2304201946,0,2313171960,36.878626,-124.003985,0,4.62,0,3.28,0,-9999,0,-9999,0,NaN,-9999,NaN,-9999,NaN,-9999,NaN,-9999,NaN,-9999,5.81,0.113,1.753,0.157,0,0.064,0.057,0.306,0.118,3.15,0,0.014,4.379,0,1.431,0.113,0,1.64,0.113,0,0.022,0.007,0.044,0.858,0.022,0,7.676,0.652,3.214,10.89,3.866,5.732,11.542,3.398,0.99,0.83,0.17,1.99,0.06,0.94,0.5,20-Apr-2023 19:46:00,738996.823611111,11.802,32.851,24.957,6.805,2571.617331,33.0065989323252,0,0.00981067125645439,0,0.542168674698795,0.0110154905335628,0.00240963855421687,0.0194492254733219
2304202000,0,2313172800,36.878629,-124.007018,0,NaN,-9999,NaN,-9999,22.4092,0,3.085138473,0,NaN,-9999,NaN,-9999,NaN,-9999,NaN,-9999,NaN,-9999,0,0,0,0,0,0,0,0,0,0,0,0,0,0,0,0,0,0,0,0,0,0,0,0,0,0,0,0,0,0,0,0,0,0,0,0,0,0,0,0,0,20-Apr-2023 20:00:00,738996.833333333,11.766,32.847,24.961,6.682,2477.666668,33.002579836453,NaN,NaN,NaN,NaN,NaN,NaN,NaN
2304202146,0,2313179160,36.92577,-124.0324,0,NaN,-9999,NaN,-9999,33.3807,0,4.447665211,0,NaN,-9999,NaN,-9999,NaN,-9999,NaN,-9999,NaN,-9999,0,0,0,0,0,0,0,0,0,0,0,0,0,0,0,0,0,0,0,0,0,0,0,0,0,0,0,0,0,0,0,0,0,0,0,0,0,0,0,0,0,20-Apr-2023 21:46:00,738996.906944444,11.603,32.858,24.999,7.233,2464.469334,33.0136344846161,NaN,NaN,NaN,NaN,NaN,NaN,NaN
2304202159,0,2313179940,36.947251,-124.033095,0,4.64,0,2.2,0,-9999,0,-9999,0,NaN,-9999,NaN,-9999,-9999,0,-9999,0,-9999,0,6.297,0.107,1.708,0.16,0,0.057,0.058,0.29,0.141,3.062,0,0.021,5.254,0,1.043,0.107,0,1.614,0.094,0,0.023,0.009,0.057,0.866,0.021,0,8.112,0.67,3.119,11.231,3.789,5.604,11.901,3.305,0.89,0.82,0.18,2.14,0.06,0.94,0.53,20-Apr-2023 21:59:00,738996.915972222,11.633,32.856,24.992,7.498,2461.166666,33.011626709361,0,0.00921073527076386,0,0.486263299984119,0.00905192949023345,0.00333492139113864,0.016992218516754
2304202211,0,2313180660,36.966874,-124.03306,0,3.72,0,1.21,0,19.0409,0,3.049920634,0,NaN,-9999,NaN,-9999,-9999,0,-9999,0,-9999,0,4.59,0.087,1.085,0.119,0,0.041,0.049,0.183,0.118,2.137,0,0.013,4.166,0,0.424,0.087,0,1.003,0.082,0,0.013,0.006,0.065,0.457,0.014,0,5.762,0.482,2.178,7.94,2.66,3.832,8.422,2.327,0.83,0.82,0.18,2.17,0.06,0.94,0.55,20-Apr-2023 22:11:00,738996.924305556,11.767,32.833,24.95,7.078,2454.936,32.9885193503798,0,0.0106753812636166,0,0.46557734204793,0.00893246187363834,0.0028322440087146,0.0189542483660131
2304202226,0,2313181560,36.991638,-124.033006,0,4.13,0,1.32,0,-9999,0,-9999,0,NaN,-9999,NaN,-9999,-9999,0,-9999,0,-9999,0,5.926,0.092,1.371,0.14,0,0.042,0.054,0.206,0.117,2.752,0.019,0,5.527,0,0.399,0.092,0,1.274,0.097,0,0.016,0.007,0.087,0.592,0.015,0,7.389,0.517,2.813,10.202,3.33,4.793,10.719,2.959,0.81,0.84,0.16,2.22,0.05,0.95,0.55,20-Apr-2023 22:26:00,738996.934722222,11.638,32.808,24.954,6.86,2481.516684,32.9634029307959,0.00320620992237597,0.00911238609517381,0,0.464394195072562,0.00708741140735741,0,0.0155248059399258
2304251731,0,2313595860,36.787148,-124.453742,0,1.52,0,1.2,0,11.5566,0,1.656920253,0,NaN,-9999,NaN,-9999,-9999,0,-9999,0,-9999,0,1.763,0.045,0.366,0.041,0.01,0.047,0.043,0.066,0.019,0.67,0.015,0.007,1.693,0,0.07,0.045,0,0.297,0.069,0,0.006,0,0.039,0.258,0.012,0,2.174,0.176,0.742,2.916,0.918,1.329,3.092,0.837,0.75,0.81,0.19,2.37,0.06,0.94,0.57,25-Apr-2023 17:31:00,739001.729861111,11.446,32.87,25.037,6.33,106.5092921,33.0256597526781,0.00850822461712989,0.024390243902439,0.00567214974475326,0.380034032898469,0.0266591038003403,0.00397050482132728,0.0255246738513897
2304261800,0,2313684000,36.710871,-124.621639,0,0.58,0,0.35,0,4.4038,0,0.777960761,0,NaN,-9999,NaN,-9999,-9999,0,-9999,0,-9999,0,0.741,0.133,0.119,0.026,0.008,0.041,0.03,0.02,0.005,0.141,0,0.016,0.735,0,0.006,0.133,0,0.09,0.029,0,0.014,0,0.036,0.05,0.034,0,0.993,0.097,0.19,1.183,0.287,0.539,1.28,0.369,0.73,0.66,0.34,3.46,0.08,0.92,0.58,26-Apr-2023 18:00:00,739002.75,12.298,32.925,24.922,6.057,640.0633294,33.0809064727388,0,0.0404858299595142,0.0107962213225371,0.190283400809717,0.0553306342780027,0.0215924426450742,0.179487179487179
2304261830,0,2313685800,36.728606,-124.639574,0,1.92,0,0.64,0,10.3254,0,1.434582239,0,NaN,-9999,NaN,-9999,-9999,0,-9999,0,-9999,0,2.995,0.035,0.616,0.069,0.012,0.052,0.062,0.11,0.032,1.158,0,0.004,2.891,0,0.104,0.035,0,0.527,0.089,0,0.008,0,0.194,0.349,0,0,3.646,0.277,1.222,4.868,1.499,2.15,5.145,1.323,0.72,0.82,0.18,2.43,0.05,0.95,0.58,26-Apr-2023 18:30:00,739002.770833333,11.855,32.886,24.974,6.358,116.5007322,33.0417222461908,0,0.0207011686143573,0.00400667779632721,0.386644407345576,0.0173622704507513,0.0013355592654424,0.011686143572621
2304261930,0,2313689400,36.794657,-124.639763,0,1.47,0,0.72,0,9.2968,0,1.358195687,0,NaN,-9999,NaN,-9999,-9999,0,-9999,0,-9999,0,1.726,0.021,0.371,0.037,0.008,0.033,0.032,0.076,0.028,0.718,0,0.005,1.687,0,0.039,0.021,0,0.31,0.061,0,0,0,0.064,0.157,0,0,2.118,0.178,0.759,2.877,0.937,1.329,3.055,0.817,0.77,0.81,0.19,2.26,0.06,0.94,0.56,26-Apr-2023 19:30:00,739002.8125,11.708,32.837,24.963,6.405,1087.822669,32.9924950355802,0,0.018539976825029,0.00463499420625724,0.415990730011587,0.0191193511008111,0.00289687137891078,0.0121668597914253
2304262030,0,2313693000,36.848533,-124.686427,0,0.93,0,0.37,0,7.0787,0,1.141508129,0,NaN,-9999,NaN,-9999,-9999,0,-9999,0,-9999,0,1.446,0.098,0.299,0.048,0.019,0.092,0.068,0.055,0.025,0.349,0,0.008,1.422,0,0.024,0.098,0,0.212,0.087,0,0.007,0,0.022,0.051,0.022,0,1.843,0.204,0.46,2.303,0.664,1.061,2.507,0.634,0.73,0.69,0.31,2.78,0.08,0.92,0.58,26-Apr-2023 20:30:00,739002.854166667,11.484,32.621,24.837,6.331,85.97333678,32.7754738305722,0,0.0470262793914246,0.0131396957123098,0.241355463347165,0.0636237897648686,0.00553250345781466,0.0677731673582296
2304262130,0,2313696600,36.797864,-124.71832,0,1.6,0,0.7,0,9.7708,0,1.329475064,0,NaN,-9999,NaN,-9999,-9999,0,-9999,0,-9999,0,2.322,0.038,0.474,0.059,0,0.045,0.067,0.084,0.052,0.875,0,0,2.266,0,0.056,0.038,0,0.405,0.069,0,0,0,0.054,0.158,0,0,2.834,0.262,0.92,3.754,1.182,1.694,4.016,1.025,0.73,0.78,0.22,2.4,0.07,0.93,0.58,26-Apr-2023 21:30:00,739002.895833333,11.845,32.82,24.925,6.456,1412.66402,32.9754109634502,0,0.02885443583118,0,0.376830318690784,0.0193798449612403,0,0.016365202411714
2304262230,0,2313700200,36.706478,-124.719174,0,1.29,0,0.27,0,9.6033,0,1.33707757,0,NaN,-9999,NaN,-9999,-9999,0,-9999,0,-9999,0,1.792,0.088,0.344,0.043,0.009,0.048,0.066,0.057,0.023,0.541,0,0.004,1.753,0,0.039,0.088,0,0.285,0.059,0,0.008,0,0.035,0.1,0.015,0,2.224,0.193,0.598,2.822,0.791,1.223,3.015,0.756,0.68,0.76,0.24,2.81,0.06,0.94,0.59,26-Apr-2023 22:30:00,739002.9375,12.222,32.888,24.907,6.183,1151.253331,33.0437263254629,0,0.0368303571428571,0.00502232142857143,0.301897321428571,0.0267857142857143,0.00223214285714286,0.0491071428571429
2304262330,0,2313703800,36.738983,-124.770042,0,1.71,0,0.68,0,10.2818,0,1.532317118,0,NaN,-9999,NaN,-9999,-9999,0,-9999,0,-9999,0,2.125,0.021,0.462,0.053,0,0.033,0.048,0.1,0.031,0.898,0,0.006,2.03,0,0.095,0.021,0,0.402,0.06,0,0,0,0.039,0.175,0,0,2.608,0.238,0.931,3.539,1.169,1.652,3.777,1.006,0.78,0.8,0.2,2.23,0.06,0.94,0.56,26-Apr-2023 23:30:00,739002.979166667,11.889,32.844,24.936,6.438,1616.608035,32.9995178971501,0,0.0225882352941176,0,0.422588235294118,0.0155294117647059,0.00282352941176471,0.00988235294117647
2304271800,0,2313770400,36.732931,-124.74585,0,0.33,0,0.26,0,2.2813,0,0.448549291,0,NaN,-9999,NaN,-9999,-9999,0,-9999,0,-9999,0,0.457,0.084,0.071,0.013,0,0.014,0.011,0.015,0.008,0.102,0,0.011,0.45,0,0.007,0.084,0,0.056,0.015,0,0.009,0,0.015,0.034,0.017,0,0.612,0.058,0.116,0.728,0.174,0.329,0.786,0.222,0.72,0.67,0.33,3.52,0.07,0.93,0.58,27-Apr-2023 18:00:00,739003.75,12.591,32.96,24.893,5.971,2013.137321,33.1160678859797,0,0.0240700218818381,0,0.223194748358862,0.0306345733041575,0.0240700218818381,0.183807439824945
2304271900,0,2313774000,36.754683,-124.777498,0,1.15,0,0.38,0,5.5719,0,0.873786546,0,NaN,-9999,NaN,-9999,-9999,0,-9999,0,-9999,0,1.091,0,0.267,0.024,0,0.031,0.008,0.078,0.032,0.535,0,0.007,1.016,0,0.075,0,0,0.225,0.042,0,0,0,0.018,0.122,0,0,1.358,0.149,0.566,1.924,0.715,0.982,2.073,0.581,0.9,0.79,0.21,1.9,0.07,0.93,0.53,27-Apr-2023 19:00:00,739003.791666667,12.13,32.846,24.892,6.453,115.8566647,33.0015281311851,0,0.0073327222731439,0,0.490375802016499,0.0284142988084326,0.00641613198900092,0
2304271930,0,2313775800,36.765746,-124.868983,0,0.59,0,0.35,0,4.3001,0,0.806319278,0,NaN,-9999,NaN,-9999,-9999,0,-9999,0,-9999,0,0.909,0,0.188,0.022,0,0.017,0.011,0.043,0.04,0.356,0,0.007,0.878,0,0.031,0,0,0.16,0.028,0,0,0,0.013,0.099,0,0,1.097,0.123,0.373,1.47,0.496,0.684,1.593,0.391,0.75,0.75,0.25,2.21,0.08,0.92,0.57,27-Apr-2023 19:30:00,739003.8125,12.439,32.878,24.859,6.287,2117.34733,33.0336760409949,0,0.0121012101210121,0,0.391639163916392,0.0187018701870187,0.0077007700770077,0
2304272000,0,2313777600,36.76305,-124.888526,0,0.73,0,0.23,0,3.8834,0,0.599440066,0,NaN,-9999,NaN,-9999,-9999,0,-9999,0,-9999,0,0.889,0,0.194,0.029,0,0.019,0.02,0.056,0.053,0.399,0,0.006,0.861,0,0.028,0,0,0.163,0.031,0,0,0,0.015,0.07,0,0,1.083,0.164,0.418,1.501,0.582,0.776,1.665,0.444,0.87,0.72,0.28,1.86,0.1,0.9,0.53,27-Apr-2023 20:00:00,739003.833333333,12.351,32.842,24.847,6.317,2194.164007,32.9975044544669,0,0.0224971878515186,0,0.448818897637795,0.0213723284589426,0.00674915635545557,0
2304272100,0,2313781200,36.78731,-125.003065,0,0.86,0,0.31,0,5.8414,0,0.951084834,0,NaN,-9999,NaN,-9999,-9999,0,-9999,0,-9999,0,1.256,0.064,0.312,0.047,0.028,0.12,0.041,0.059,0.088,0.452,0,0.025,1.216,0,0.04,0.064,0,0.201,0.111,0,0.01,0,0.013,0.061,0.016,0,1.632,0.26,0.6,2.232,0.86,1.236,2.492,0.73,0.98,0.7,0.3,1.9,0.1,0.9,0.5,27-Apr-2023 21:00:00,739003.875,12.079,32.609,24.718,6.261,2194.527999,32.7633974038619,0,0.0326433121019108,0.0222929936305733,0.359872611464968,0.0955414012738853,0.0199044585987261,0.0509554140127389
2304272130,0,2313783000,36.787957,-124.957093,0,0.83,0,0.38,0,5.3207,0,0.903032206,0,NaN,-9999,NaN,-9999,-9999,0,-9999,0,-9999,0,1.142,0.046,0.281,0.036,0.024,0.106,0.037,0.047,0.094,0.423,0,0.028,1.112,0,0.03,0.046,0,0.18,0.101,0,0,0,0.011,0.047,0.01,0,1.469,0.242,0.553,2.022,0.795,1.122,2.264,0.664,0.98,0.7,0.3,1.85,0.11,0.89,0.5,27-Apr-2023 21:30:00,739003.895833333,12.236,32.608,24.688,6.263,1171.230854,32.7623949197824,0,0.032399299474606,0.021015761821366,0.370402802101576,0.0928196147110333,0.0245183887915937,0.0402802101576182
2304272200,0,2313784800,36.737633,-124.949105,0,0.41,0,0.2,0,2.4424,0,0.41170739,0,NaN,-9999,NaN,-9999,-9999,0,-9999,0,-9999,0,0.442,0,0.1,0.022,0,0.018,0.009,0.025,0.046,0.192,0,0,0.431,0,0.011,0,0,0.081,0.019,0,0,0,0,0.036,0,0,0.542,0.102,0.21,0.752,0.312,0.412,0.854,0.219,0.93,0.67,0.33,1.74,0.12,0.88,0.52,27-Apr-2023 22:00:00,739003.916666667,12.758,32.848,24.773,6.248,2162.353335,33.003528195035,0,0.0203619909502262,0,0.434389140271493,0.0407239819004525,0,0
2304272230,0,2313786600,36.686271,-124.949033,0,1.04,0,0.43,0,6.4194,0,0.949291744,0,NaN,-9999,NaN,-9999,-9999,0,-9999,0,-9999,0,1.247,0,0.286,0.044,0.007,0.027,0.028,0.062,0.103,0.58,0.009,0.009,1.168,0,0.079,0,0,0.247,0.039,0,0,0,0,0.109,0,0,1.533,0.246,0.623,2.156,0.869,1.155,2.402,0.66,0.93,0.72,0.28,1.76,0.1,0.9,0.52,27-Apr-2023 22:30:00,739003.9375,12.605,32.841,24.797,6.423,1917.255429,32.9964915020156,0.00721732157177225,0.0224538893344026,0.00561347233360064,0.465116279069767,0.0216519647153168,0.00721732157177225,0
2304272300,0,2313788400,36.679986,-124.90836,0,0.81,0,0.33,0,6.4795,0,1.07477633,0,NaN,-9999,NaN,-9999,-9999,0,-9999,0,-9999,0,1.028,0.044,0.222,0.04,0.009,0.044,0.037,0.058,0.083,0.402,0,0.009,0.97,0,0.058,0.044,0,0.18,0.042,0,0,0,0.009,0.08,0.007,0,1.294,0.227,0.455,1.749,0.682,0.948,1.976,0.545,0.92,0.67,0.33,1.9,0.11,0.89,0.52,27-Apr-2023 23:00:00,739003.958333333,12.568,32.83,24.796,6.321,2109.836001,32.9854408967321,0,0.0359922178988327,0.00875486381322957,0.391050583657588,0.0428015564202335,0.00875486381322957,0.0428015564202335
2304300620,0,2313987600,36.839619,-125.348113,0,0.97,0,0.5,0,-9999,0,-9999,0,NaN,-9999,NaN,-9999,-9999,0,-9999,0,-9999,0,1.453,0.061,0.391,0.045,0.013,0.081,0.033,0.127,0.013,0.682,0.018,0.013,1.36,0,0.093,0.061,0,0.317,0.074,0,0.005,0,0.037,0.178,0.012,0,1.905,0.231,0.794,2.699,1.025,1.477,2.93,0.901,1.02,0.77,0.23,1.86,0.08,0.92,0.5,30-Apr-2023 06:20:00,739006.263888889,12.245,32.537,24.631,6.689,28.13933358,32.6910432999946,0.012388162422574,0.0227116311080523,0.00894700619408121,0.469373709566414,0.0557467309015829,0.00894700619408121,0.0419821059876118
2304300630,0,2313988200,36.839582,-125.32885,0,1.69,0,0.88,0,-9999,0,-9999,0,NaN,-9999,NaN,-9999,-9999,0,-9999,0,-9999,0,0,0,0,0,0,0,0,0,0,0,0,0,0,0,0,0,0,0,0,0,0,0,0,0,0,0,0,0,0,0,0,0,0,0,0,0,0,0,0,0,0,30-Apr-2023 06:30:00,739006.270833333,11.988,32.532,24.675,6.764,27.5,32.6860205604359,NaN,NaN,NaN,NaN,NaN,NaN,NaN
2304300638,0,2313988680.00001,36.839703,-125.313253,0,0.41,0,0.18,0,-9999,0,-9999,0,NaN,-9999,NaN,-9999,-9999,0,-9999,0,-9999,0,0,0,0,0,0,0,0,0,0,0,0,0,0,0,0,0,0,0,0,0,0,0,0,0,0,0,0,0,0,0,0,0,0,0,0,0,0,0,0,0,0,30-Apr-2023 06:38:00,739006.276388889,12.588,32.722,24.709,6.305,27.5,32.8769208717423,NaN,NaN,NaN,NaN,NaN,NaN,NaN
2304300645,0,2313989100,36.839842,-125.299563,0,0.47,0,0.18,0,-9999,0,-9999,0,NaN,-9999,NaN,-9999,-9999,0,-9999,0,-9999,0,0,0,0,0,0,0,0,0,0,0,0,0,0,0,0,0,0,0,0,0,0,0,0,0,0,0,0,0,0,0,0,0,0,0,0,0,0,0,0,0,0,30-Apr-2023 06:45:00,739006.28125,12.651,32.828,24.779,6.101,27.5,32.9834234035161,NaN,NaN,NaN,NaN,NaN,NaN,NaN
2304300655,0,2313989700,36.839826,-125.279457,0,0.24,0,0.11,0,-9999,0,-9999,0,NaN,-9999,NaN,-9999,-9999,0,-9999,0,-9999,0,0,0,0,0,0,0,0,0,0,0,0,0,0,0,0,0,0,0,0,0,0,0,0,0,0,0,0,0,0,0,0,0,0,0,0,0,0,0,0,0,0,30-Apr-2023 06:55:00,739006.288194444,13.095,32.937,24.777,5.909,27.5,33.0929404483765,NaN,NaN,NaN,NaN,NaN,NaN,NaN
2304302247,0,2314046820,36.816675,-125.48023,0,0.32,0,0.15,0,2.1669,0,0.352397117,0,NaN,-9999,NaN,-9999,-9999,0,-9999,0,-9999,0,0,0,0,0,0,0,0,0,0,0,0,0,0,0,0,0,0,0,0,0,0,0,0,0,0,0,0,0,0,0,0,0,0,0,0,0,0,0,0,0,0,30-Apr-2023 22:47:00,739006.949305556,12.979,32.833,24.719,6.049,2170.330674,32.9884367782359,NaN,NaN,NaN,NaN,NaN,NaN,NaN
2304302258,0,2314047480,36.816689,-125.45707,0,0.34,0,0.16,0,2.6983,0,0.458942476,0,NaN,-9999,NaN,-9999,-9999,0,-9999,0,-9999,0,0.337,0.042,0.061,0.013,0,0.015,0.022,0.014,0.011,0.073,0,0.006,0.337,0,0,0.042,0,0.05,0.011,0,0,0,0,0,0.008,0,0.44,0.066,0.088,0.528,0.154,0.257,0.594,0.158,0.76,0.57,0.43,2.86,0.11,0.89,0.57,30-Apr-2023 22:58:00,739006.956944444,12.394,32.779,24.79,6.202,2150.530669,32.9341822601486,0,0.0652818991097923,0,0.216617210682493,0.0445103857566766,0.0178041543026706,0.124629080118694
2304302306,0,2314047960,36.81665,-125.44074,0,1.04,0,0.17,0,8.7584,0,1.139672824,0,NaN,-9999,NaN,-9999,-9999,0,-9999,0,-9999,0,1.424,0.091,0.278,0.05,0.009,0.061,0.049,0.079,0.057,0.477,0,0.016,1.38,0,0.044,0.091,0,0.242,0.036,0,0.011,0,0.015,0.053,0.019,0,1.793,0.251,0.547,2.34,0.798,1.167,2.591,0.703,0.82,0.69,0.31,2.25,0.1,0.9,0.55,30-Apr-2023 23:06:00,739006.9625,12.861,32.579,24.545,6.333,2132.383333,32.7332362071948,0,0.0344101123595506,0.00632022471910112,0.33497191011236,0.0428370786516854,0.0112359550561798,0.0639044943820225
2304302316,0,2314048560,36.816663,-125.420547,0,0.99,0,0.16,0,9.1356,0,1.011290668,0,NaN,-9999,NaN,-9999,-9999,0,-9999,0,-9999,0,1.24,0.064,0.252,0.046,0.015,0.078,0.062,0.048,0.038,0.353,0,0.018,1.201,0,0.039,0.064,0,0.199,0.053,0,0.008,0,0,0.051,0.013,0,1.556,0.212,0.446,2.002,0.658,0.974,2.214,0.59,0.79,0.68,0.32,2.36,0.1,0.9,0.56,30-Apr-2023 23:16:00,739006.969444444,12.378,32.39,24.492,6.5,2159.97,32.5433424100722,0,0.05,0.0120967741935484,0.284677419354839,0.0629032258064516,0.0145161290322581,0.0516129032258065
NaN,1,2312369820,37.025,-123.8335,400,0.066878999,0,-0.007038458,1,0.141773264,0,0,0,0.026,0,39.0075,0,2.8705,0,71.9895,0,38.9815,0,0.018,0,0,0,0,0,0,0,0,0,0,0,0.018,0,0,0,0,0,0,0,0,0,0,0.015,0,0,0.018,0,0,0.018,0,0,0.018,0,0,0,0,0,0,1,1,11-Apr-2023 12:57:00,738987.539583333,6.2433,34.1573,26.8547,23.423,0.09751,34.3275309612956,0,0,0,0,0,0,0
NaN,1,2312369820,37.025,-123.8335,100,0.127695867,0,0.0192809,0,1.922321716,0,0.176434769,0,0.0565,0,28.07,0,1.896,0,29.718,0,28.0135,0,0.078,0,0.009,0,0,0,0.011,0,0,0.008,0,0,0.078,0,0,0,0,0.009,0,0,0,0,0,0,0,0,0.087,0.011,0.008,0.095,0.019,0.028,0.106,0.019,0.36,0.42,0.58,4.58,0.1,0.9,0.74,11-Apr-2023 12:57:00,738987.539583333,9.3621,33.84595,26.1553,96.856,0.09751,34.0077560695697,0,0.141025641025641,0,0.102564102564103,0,0,0
NaN,1,2312369820,37.025,-123.8335,30,0.85065394,0,0.266369491,0,0,0,0,0,0.155,0,7.8245,0,0.5205,0,7.0015,0,7.6695,0,0.971,0.196,0.215,0.037,0.023,0.098,0.039,0.024,0,0.265,0,0.012,0.964,0,0.007,0.196,0,0.136,0.079,0,0.02,0.011,0.028,0.041,0.063,0,1.382,0.112,0.386,1.768,0.498,0.909,1.88,0.633,0.94,0.78,0.22,2.78,0.06,0.94,0.52,11-Apr-2023 12:57:00,738987.539583333,11.4087,33.1467,25.2585,211.521,0.09751,33.303708316193,0,0.0401647785787848,0.023686920700309,0.272914521112255,0.100926879505664,0.0123583934088568,0.201853759011329
NaN,1,2312369820,37.025,-123.8335,20,0.86629815,0,0.176372327,0,13.96460964,0,1.997168527,0,0.123,0,6.5835,0,0.424,0,6.92,0,6.4605,0,0.916,0.201,0.183,0.036,0.013,0.073,0.039,0.025,0,0.205,0,0.019,0.916,0,0,0.201,0,0.132,0.051,0,0.021,0.017,0.021,0,0.067,0,1.3,0.119,0.291,1.591,0.41,0.794,1.71,0.55,0.87,0.71,0.29,3.17,0.07,0.93,0.54,11-Apr-2023 12:57:00,738987.539583333,11.72205,33.1374,25.1937,219.295,0.09751,33.2944708116666,0,0.0425764192139738,0.0141921397379913,0.223799126637555,0.0796943231441048,0.0207423580786026,0.21943231441048
NaN,1,2312369820,37.025,-123.8335,10,2.083310424,0,0.522883753,0,15.77242616,0,2.41462737,0,0.046,0,1.7695,0,0.1205,0,2.586,0,1.7235,0,2.403,0.284,0.464,0.082,0,0.044,0.032,0.087,0.01,0.926,0,0.023,2.324,0,0.079,0.284,0,0.411,0.053,0,0.028,0.018,0.359,0.214,0.087,0,3.151,0.234,0.97,4.121,1.204,1.952,4.355,1.309,0.81,0.81,0.19,2.62,0.05,0.95,0.55,11-Apr-2023 12:57:00,738987.539583333,12.251125,32.923275,24.9234,245.3225,0.09751,33.0792301093756,0,0.0133166874739908,0,0.38535164377861,0.0183104452767374,0.00957136912193092,0.118185601331669
NaN,1,2312369820,37.025,-123.8335,5,1.490869022,0,0.873196807,0,22.39694283,0,2.295383142,0,0.01,1,0.098,1,-0.0415,1,0.784,1,0.088,0,2.461,0.214,0.51,0.08,0,0.023,0.031,0.103,0.014,0.844,0.022,0.024,2.369,0,0.092,0.214,0,0.458,0.052,0,0.022,0.015,0.275,0.394,0.062,0,3.185,0.252,0.889,4.074,1.141,1.865,4.326,1.158,0.76,0.78,0.22,2.79,0.06,0.94,0.57,11-Apr-2023 12:57:00,738987.539583333,12.7894,32.5037,24.5002,275.428,0.39669,32.6576623290981,0.00893945550589191,0.012596505485575,0,0.342950020316944,0.00934579439252337,0.00975213327915482,0.0869565217391304
NaN,2,2312390100,37.3286666666667,-124.005833333333,500,0.007265129,0,0.0291848,0,0,0,0,0,0.105,0,45.5197025220699,0,3.004,0,81.483,0,45.4147025220699,0,0.007,0,0,0,0,0,0,0,0,0,0,0,0.007,0,0,0,0,0,0,0,0,0,0,0,0,0,0.007,0,0,0.007,0,0,0.007,0,0,0,0,0,0,1,1,11-Apr-2023 18:35:00,738987.774305556,5.67845,34.1715,26.9368,18.825,0.09751,34.343686301069,0,0,0,0,0,0,0
NaN,2,2312390100,37.3286666666667,-124.005833333333,100,0.061207973,0,0.067439927,0,0,0,0,0,0.0985,0,25.9271946420033,0,1.5945,0,21.7955,0,25.8286946420033,0,0.035,0,0.005,0,0,0,0,0,0,0.009,0,0,0.035,0,0,0,0,0.005,0,0,0,0,0,0,0,0,0.04,0,0.009,0.049,0.009,0.014,0.049,0.009,0.4,1,0,4.44,0,1,0.71,11-Apr-2023 18:35:00,738987.774305556,10.3823,33.5596,25.761,119.669,0.58326,33.7200959556348,0,0,0,0.257142857142857,0,0,0
NaN,2,2312390100,37.3286666666667,-124.005833333333,65,0.069421184,0,0.092599088,0,0,0,0,0,0.084,0,17.2204293693983,0,1.1095,0,12.9265,0,17.1364293693983,0,0.076,0,0.026,0,0.01,0.012,0.006,0,0,0.02,0,0,0.076,0,0,0,0,0.012,0.014,0,0,0,0,0,0,0,0.102,0.006,0.042,0.144,0.048,0.074,0.15,0.048,0.97,0.88,0.13,2.13,0.04,0.96,0.51,11-Apr-2023 18:35:00,738987.774305556,9.98795,32.9862,25.3793,178.441,4.6345,33.1432084371505,0,0.0789473684210526,0.131578947368421,0.263157894736842,0.157894736842105,0,0
NaN,2,2312390100,37.3286666666667,-124.005833333333,30,0.606213152,0,0.524643385,0,4.817058598,0,0.846902872,0,0.0645,0,2.33657801595084,0,0.3145,0,3.015,0,2.27207801595084,0,0.933,0.303,0.23,0.035,0.052,0.192,0.02,0.029,0,0.15,0,0.021,0.924,0,0.009,0.303,0,0.123,0.107,0,0.03,0.02,0.014,0.063,0.084,0,1.466,0.105,0.394,1.86,0.499,1.032,1.965,0.738,1.11,0.79,0.21,2.94,0.05,0.95,0.47,11-Apr-2023 18:35:00,738987.774305556,10.64565,32.436,24.8407,220.066,68.703,32.5896700127186,0,0.0214362272240086,0.0557341907824223,0.160771704180064,0.205787781350482,0.022508038585209,0.32475884244373
NaN,2,2312390100,37.3286666666667,-124.005833333333,5,0.678654153,0,0.132510701,0,7.983021465,0,0.845690243,0,0.072,0,1.19464543587173,0,0.2435,0,2.4125,0,1.12264543587173,0,0.873,0.118,0.199,0.034,0.043,0.153,0.042,0.094,0.009,0.186,0,0.04,0.847,0,0.026,0.118,0,0.123,0.076,0,0.014,0.012,0.011,0.013,0.036,0,1.19,0.219,0.382,1.572,0.601,0.918,1.791,0.582,1.05,0.64,0.36,1.98,0.12,0.88,0.49,11-Apr-2023 18:35:00,738987.774305556,11.6014,32.49855,24.7193,221.626,904.98,32.6525155188811,0,0.0481099656357388,0.0492554410080183,0.213058419243986,0.175257731958763,0.0458190148911798,0.135166093928981
NaN,3,2312438400,36.7136666666667,-124.5675,500,0.000398089,0,0.116994972,0,0,0,3.731258454,0,0.1045,0,47.1403538945514,0,3.0825,0,82.867,0,47.0358538945514,0,0.031,0,0,0,0,0,0,0,0,0.008,0,0,0.031,0,0,0,0,0,0,0,0,0,0,0,0,0,0.031,0,0.008,0.039,0.008,0.008,0.039,0.008,0.26,1,0,3.88,0,1,0.79,12-Apr-2023 00:08:00,738988.005555556,5.64355,34.20755,26.9697,14.756,0.09751,34.3798484526238,0,0,0,0.258064516129032,0,0,0
NaN,3,2312438400,36.7136666666667,-124.5675,100,0.084087631,0,0.462320115,0,1.640872616,0,0.163592497,0,0.114,0,29.653670814772,0,1.818,0,27.1555,0,29.539670814772,0,0.158,0,0.027,0.008,0,0,0,0.006,0,0.075,0,0,0.158,0,0,0,0,0.027,0,0,0,0,0.022,0.056,0,0,0.185,0.014,0.075,0.26,0.089,0.116,0.274,0.075,0.73,0.84,0.16,2.08,0.05,0.95,0.58,12-Apr-2023 00:08:00,738988.005555556,9.5824,33.72495,26.0246,108.788,0.09751,33.8859767597471,0,0,0,0.474683544303797,0,0,0
NaN,3,2312438400,36.7136666666667,-124.5675,40,0.743099993,0,0.968747059,0,2.472284798,0,0.400128581,0,0.3125,0,14.7041973347256,0,0.979,0,9.783,0,14.3916973347256,0,0.981,0.047,0.174,0.031,0,0.014,0.01,0.022,0,0.364,0,0,0.963,0,0.018,0.047,0,0.122,0.052,0,0,0,0.04,0.142,0.009,0,1.202,0.063,0.378,1.58,0.441,0.662,1.643,0.435,0.67,0.86,0.14,2.73,0.04,0.96,0.6,12-Apr-2023 00:08:00,738988.005555556,10.592375,33.011125,25.298,198.0225,0.63285,33.1675808710693,0,0.0101936799184506,0,0.3710499490316,0.0142711518858308,0,0.0479102956167176
NaN,3,2312438400,36.7136666666667,-124.5675,20,1.948877509,0,0.83572703,0,15.34385065,0,1.998370061,0,0.1715,0,5.02923675164372,0,0.411,0,4.1345,0,4.85773675164372,0,2.18,0.136,0.388,0.064,0,0.018,0.037,0.047,0,0.723,0,0.015,2.124,0,0.056,0.136,0,0.328,0.06,0,0.017,0.008,0.095,0.238,0.042,0,2.704,0.163,0.741,3.445,0.904,1.428,3.608,0.929,0.66,0.82,0.18,2.99,0.05,0.95,0.6,12-Apr-2023 00:08:00,738988.005555556,11.48585,32.70185,24.9009,236.075,3.2246,32.8567995578894,0,0.0169724770642202,0,0.331651376146789,0.00825688073394495,0.00688073394495413,0.0623853211009174
NaN,3,2312438400,36.7136666666667,-124.5675,15,3.001269079,0,0.945876546,0,21.98066748,0,2.845495767,0,0.124,0,2.39520762086305,0,0.2225,0,2.8935,0,2.27120762086305,0,3.999,0.208,0.863,0.112,0,0.02,0.054,0.114,0.017,1.53,0,0.014,3.804,0,0.195,0.208,0,0.786,0.077,0,0.02,0.013,0.081,0.545,0.056,0,5.07,0.311,1.55,6.62,1.861,2.932,6.931,1.826,0.73,0.83,0.17,2.72,0.04,0.96,0.58,12-Apr-2023 00:08:00,738988.005555556,12.0602,32.77445,24.8506,244.719,7.3495,32.9296966718314,0,0.013503375843961,0,0.382595648912228,0.00500125031257814,0.0035008752188047,0.0520130032508127
NaN,3,2312438400,36.7136666666667,-124.5675,5,2.64754033,0,1.151851181,0,22.29072446,0,2.793752108,0,0.126,0,1.84817727044362,0,0.1835,0,2.905,0,1.72217727044362,0,3.979,0.216,0.836,0.106,0,0.019,0.064,0.115,0.013,1.455,0,0.018,3.802,0,0.177,0.216,0,0.765,0.071,0,0.023,0.015,0.082,0.469,0.063,0,5.031,0.316,1.474,6.505,1.79,2.842,6.821,1.772,0.71,0.82,0.18,2.81,0.05,0.95,0.58,12-Apr-2023 00:08:00,738988.005555556,12.20125,32.79325,24.8372,247.1675,67.744,32.9485353779313,0,0.0160844433274692,0,0.365669766272933,0.00477506911284242,0.00452374968585072,0.0542849962302086
NaN,4,2312432220,36.7821666666667,-124.874166666667,500,0.020899687,0,0.029612769,0,0,0,0,0,0.105,0,46.1318171128047,0,3.0605,0,78.651,0,46.0268171128047,0,0.023,0,0,0,0,0,0,0,0,0,0,0,0.023,0,0,0,0,0,0,0,0,0,0,0,0,0,0.023,0,0,0.023,0,0,0.023,0,0,0,0,0,0,1,1,12-Apr-2023 06:17:00,738988.261805556,5.77805,34.2144,26.9593,14.38,0.09751,34.3867447656348,0,0,0,0,0,0,0
NaN,4,2312432220,36.7821666666667,-124.874166666667,100,0.034612815,0,0.120490902,0,0,0,0,0,0.102,0,28.0152691949317,0,1.718,0,26.012,0,27.9132691949317,0,0.037,0,0.006,0,0,0,0,0,0,0.009,0,0,0.037,0,0,0,0,0.006,0,0,0,0,0,0,0,0,0.043,0,0.009,0.052,0.009,0.015,0.052,0.009,0.41,1,0,4.78,0,1,0.71,12-Apr-2023 06:17:00,738988.261805556,9.39215,33.7916,26.108,105.393,0.09751,33.9528922475948,0,0,0,0.243243243243243,0,0,0
NaN,4,2312432220,36.7821666666667,-124.874166666667,30,0.418482628,0,0.482398498,0,2.173578692,0,0.445818425,0,0.1965,0,7.79881322589116,0,0.5775,0,6.7085,0,7.60231322589116,0,0.635,0.26,0.11,0.028,0.011,0.038,0.025,0,0,0.085,0,0.017,0.635,0,0,0.26,0,0.07,0.04,0,0.026,0.01,0.022,0.044,0.083,0,1.005,0.07,0.134,1.139,0.204,0.574,1.209,0.436,0.9,0.66,0.34,4.93,0.06,0.94,0.53,12-Apr-2023 06:17:00,738988.261805556,11.3892,33.045725,25.18325,214.837,0.09751,33.2021935572955,0,0.0393700787401575,0.0173228346456693,0.133858267716535,0.0598425196850394,0.0267716535433071,0.409448818897638
NaN,4,2312432220,36.7821666666667,-124.874166666667,5,2.22636669,0,0.908215468,0,18.51703827,0,2.737342851,0,0.077,0,0.252268667007583,0,0.1255,0,1.673,0,0.175268667007583,0,2.801,0.327,0.453,0.078,0,0.027,0.029,0.06,0,0.723,0,0.022,2.729,0,0.072,0.327,0,0.401,0.052,0,0.03,0.021,0.047,0.264,0.091,0,3.581,0.189,0.75,4.331,0.939,1.719,4.52,1.128,0.61,0.8,0.2,3.81,0.04,0.96,0.62,12-Apr-2023 06:17:00,738988.261805556,11.5622,32.525,24.7472,248.365,0.09751,32.6790054932601,0,0.0103534451981435,0,0.258122099250268,0.00963941449482328,0.00785433773652267,0.11674401999286
NaN,5,2312471400,37.482,-124.7835,500,0.01671975,0,0.048048836,0,0,0,0,0,0.1065,0,46.9698439426508,0,3.062,0,77.1855,0,46.8633439426508,0,0.018,0,0,0,0,0,0,0,0,0,0,0,0.018,0,0,0,0,0,0,0,0,0,0,0,0,0,0.018,0,0,0.018,0,0,0.018,0,0,0,0,0,0,1,1,12-Apr-2023 17:10:00,738988.715277778,5.730575,34.19615,26.95,16.1615,0.09751,34.368498412839,0,0,0,0,0,0,0
NaN,5,2312471400,37.482,-124.7835,100,0.064532368,0,0.14815166,0,8.116552524,0,1.252252803,0,0.1145,0,28.104558318009,0,1.622,0,22.726,0,27.990058318009,0,0.093,0,0.019,0,0,0,0.01,0,0,0.022,0,0,0.093,0,0,0,0,0.012,0.007,0,0,0,0,0,0,0,0.112,0.01,0.022,0.134,0.032,0.051,0.144,0.032,0.55,0.69,0.31,3.5,0.07,0.93,0.65,12-Apr-2023 17:10:00,738988.715277778,9.716525,33.616625,25.9184,123.49,0.09751,33.7772512011633,0,0.10752688172043,0,0.236559139784946,0,0,0
NaN,5,2312471400,37.482,-124.7835,55,0.33830605,0,0.342974495,0,2.661097206,0,0.396230795,0,0.1945,0,6.25992056851654,0,0.513,0,5.2135,0,6.06542056851654,0,0.487,0.249,0.066,0.025,0,0.021,0.018,0,0,0.048,0,0.014,0.487,0,0,0.249,0,0.04,0.026,0,0.027,0.009,0.028,0.027,0.071,0,0.802,0.057,0.069,0.871,0.126,0.441,0.928,0.35,0.91,0.55,0.45,6.37,0.06,0.94,0.52,12-Apr-2023 17:10:00,738988.715277778,11.1585,32.83185,25.0573,213.147,1.05,32.9877664087563,0,0.0369609856262834,0,0.0985626283367557,0.0431211498973306,0.0287474332648871,0.51129363449692
NaN,5,2312471400,37.482,-124.7835,28,0.964074465,0,0.3794661,0,6.527060652,0,1.146371287,0,0.04,0,1.77878993985944,0,0.217,0,3.287,0,1.73878993985944,0,1.537,0.337,0.189,0.067,0.013,0.044,0.094,0.038,0.006,0.196,0,0.03,1.517,0,0.02,0.337,0,0.154,0.035,0.006,0.035,0.032,0.031,0.038,0.101,0,2.063,0.235,0.253,2.316,0.488,1.014,2.551,0.714,0.66,0.52,0.48,4.23,0.09,0.91,0.6,12-Apr-2023 17:10:00,738988.715277778,11.29925,32.494,24.771,226.239,11.268,32.647937238982,0,0.0611581001951854,0.00845803513337671,0.127521145087833,0.0286271958360442,0.0195185426154847,0.219258295380612
NaN,5,2312471400,37.482,-124.7835,10,0.870018842,0,0.41040052,0,5.866220296,0,1.032883459,0,0.1025,0,2.00039908870192,0,0.265,0,3.624,0,1.89789908870192,0,1.105,0.284,0.13,0.052,0,0.032,0.052,0.03,0.004,0.163,0,0.029,1.087,0,0.018,0.284,0,0.108,0.022,0.004,0.03,0.038,0.018,0.011,0.089,0,1.519,0.167,0.195,1.714,0.362,0.776,1.881,0.56,0.7,0.54,0.46,4.2,0.09,0.91,0.59,12-Apr-2023 17:10:00,738988.715277778,11.27835,32.46875,24.7547,226.536,103.57,32.6225442809565,0,0.0470588235294118,0,0.147511312217195,0.0289592760180995,0.0262443438914027,0.257013574660633
NaN,5,2312471400,37.482,-124.7835,5,1.071247689,0,0.519682089,0,5.611637162,0,1.111090057,0,0.101,0,2.05203617192736,0,0.268,0,3.5995,0,1.95103617192736,0,1.31,0.305,0.165,0.061,0.012,0.04,0.066,0.044,0,0.196,0,0.029,1.29,0,0.02,0.305,0,0.136,0.029,0,0.036,0.038,0.025,0.038,0.098,0,1.78,0.2,0.248,2.028,0.448,0.918,2.228,0.648,0.7,0.55,0.45,3.97,0.09,0.91,0.59,12-Apr-2023 17:10:00,738988.715277778,11.2799,32.46845,24.7543,226.55,223.14,32.6222413503119,0,0.050381679389313,0.00916030534351145,0.149618320610687,0.0305343511450382,0.0221374045801527,0.232824427480916
NaN,8,2312887020,37.1175,-123.791333333333,400,0.021297777,0,0.074799092,0,0,0,0,0,0.108,0,44.1749868130742,0,2.8985,0,64.685,0,44.0669868130742,0,0.016,0,0,0,0,0,0,0,0,0,0,0,0.016,0,0,0,0,0,0,0,0,0,0,0,0,0,0.016,0,0,0.016,0,0,0.016,0,0,0,0,0,0,1,1,17-Apr-2023 12:37:00,738993.525694444,6.4436,34.1493,26.8221,26.887,0.09751,34.3195027460485,0,0,0,0,0,0,0
NaN,8,2312887020,37.1175,-123.791333333333,100,0.126913657,0,0.310731282,0,-9999,0,-9999,0,0.1115,0,30.4147799060635,0,1.833,0,26.077,0,30.3032799060635,0,0.143,0,0.022,0.014,0,0,0.011,0.007,0,0.048,0,0,0.143,0,0,0,0,0.015,0.007,0,0,0,0.033,0.064,0,0,0.165,0.032,0.048,0.213,0.08,0.102,0.245,0.059,0.71,0.6,0.4,2.06,0.13,0.87,0.58,17-Apr-2023 12:37:00,738993.525694444,9.73625,33.7616,26.0281,108.581,0.09751,33.9230246642583,0,0.0769230769230769,0,0.335664335664336,0,0,0
NaN,8,2312887020,37.1175,-123.791333333333,60,0.188512735,0,0.236163665,0,0.459722371,0,0.01937274,0,0.5885,0,17.2392553893242,0,1.1195,0,11.415,0,16.6507553893242,0,0.218,0.035,0.048,0.015,0,0.012,0.01,0,0,0.08,0,0,0.218,0,0,0.035,0,0.03,0.018,0,0,0,0.028,0.041,0.012,0,0.301,0.025,0.092,0.393,0.117,0.2,0.418,0.137,0.92,0.79,0.21,2.57,0.06,0.94,0.52,17-Apr-2023 12:37:00,738993.525694444,11.1898,33.396,25.4913,194.683,0.09751,33.5547698475631,0,0.0458715596330275,0,0.36697247706422,0.055045871559633,0,0.160550458715596
NaN,8,2312887020,37.1175,-123.791333333333,45,1.075539464,0,0.686452603,0,4.134673556,0,0.64469514,0,0.2765,0,11.1885725851274,0,0.7865,0,10.4155,0,10.9120725851274,0,1.21,0.102,0.222,0.056,0,0.017,0.025,0.035,0,0.441,0,0,1.158,0,0.052,0.102,0,0.168,0.054,0,0.01,0.006,0.07,0.307,0.037,0,1.534,0.116,0.458,1.992,0.574,0.898,2.108,0.585,0.74,0.8,0.2,2.67,0.06,0.94,0.57,17-Apr-2023 12:37:00,738993.525694444,10.3975,32.9252,25.2644,206.111,0.09751,33.0813806993529,0,0.0206611570247934,0,0.364462809917355,0.0140495867768595,0,0.084297520661157
NaN,8,2312887020,37.1175,-123.791333333333,28,3.341977138,0,1.72387821,0,16.87692731,0,2.74383579,0,0.1795,0,5.22771679029148,0,0.4095,0,4.187,0,5.04821679029148,0,5.453,0.137,1.052,0.157,0,0.021,0.05,0.139,0.01,2.264,0,0.007,5.046,0,0.407,0.137,0,0.948,0.104,0,0.016,0.007,0.145,0.594,0.022,0,6.642,0.363,2.285,8.927,2.648,3.837,9.29,2.479,0.7,0.86,0.14,2.51,0.04,0.96,0.59,17-Apr-2023 12:37:00,738993.525694444,10.764325,32.78235,25.0891,229.8055,0.09751,32.9376611698532,0,0.00916926462497708,0,0.415184302218962,0.00385109114249037,0.00128369704749679,0.0251237850724372
NaN,8,2312887020,37.1175,-123.791333333333,10,4.665747303,0,1.954404573,0,22.77425869,0,3.617851766,0,0.0905,0,0.441066752550572,0,0.1535,0,1.3585,0,0.350566752550572,0,5.814,0.286,1.236,0.18,0,0.067,0.144,0.181,0.012,2.246,0,0.013,5.457,0,0.357,0.286,0,1.125,0.111,0,0.03,0.023,0.071,0.719,0.098,0,7.336,0.53,2.313,9.649,2.843,4.365,10.179,2.756,0.75,0.81,0.19,2.58,0.05,0.95,0.57,17-Apr-2023 12:37:00,738993.525694444,11.29435,32.7429,24.9649,248.417,0.09751,32.8980072777077,0,0.0247678018575851,0,0.386308909528724,0.0115239078087375,0.0022359821121431,0.0491916064671483
NaN,8,2312887020,37.1175,-123.791333333333,5,3.706808351,0,1.533991022,0,22.59567173,0,3.567745021,0,0.0865,0,0.383512920205559,0,0.1445,0,1.5315,1,0.297012920205559,0,5.187,0.256,1.098,0.155,0,0.061,0.116,0.153,0.01,1.992,0.021,0.013,4.922,0,0.265,0.256,0,1.002,0.096,0,0.026,0.015,0.076,0.484,0.084,0,6.541,0.447,2.074,8.615,2.521,3.875,9.062,2.459,0.75,0.82,0.18,2.59,0.05,0.95,0.57,17-Apr-2023 12:37:00,738993.525694444,11.29305,32.74275,24.965,247.872,0.442705,32.8978512318917,0.00404858299595142,0.0223636013109697,0,0.384037015615963,0.0117601696549065,0.0025062656641604,0.0493541546173125
NaN,9,2313045720,37.0406666666667,-123.924166666667,400,0.003184714,0,0.039073268,0,0,0,0,0,0.1,0,39.562,0,2.8645,0,70.035,0,39.462,0,0.007,0,0,0,0,0,0,0,0,0,0,0,0.007,0,0,0,0,0,0,0,0,0,0,0,0,0,0.007,0,0,0.007,0,0,0.007,0,0,0,0,0,0,1,1,19-Apr-2023 08:42:00,738995.3625,6.47945,34.153,26.8202,25.757,0.09751,34.3232134583356,0,0,0,0,0,0,0
NaN,9,2313045720,37.0406666666667,-123.924166666667,100,0.079198815,0,0.35377745,0,-9999,0,-9999,0,0.097,0,26.3645,0,1.797,0,28.333,0,26.2675,0,0.095,0,0.026,0.012,0,0,0,0,0,0.041,0,0,0.095,0,0,0,0,0.026,0,0,0,0,0.026,0.075,0,0,0.121,0.012,0.041,0.162,0.053,0.079,0.174,0.041,0.83,0.77,0.23,2.28,0.07,0.93,0.55,19-Apr-2023 08:42:00,738995.3625,9.6168,33.7686,26.0525,100.981,0.09751,33.9300358441665,0,0,0,0.431578947368421,0,0,0
NaN,9,2313045720,37.0406666666667,-123.924166666667,42,0.686389731,0,0.774732249,0,-9999,0,-9999,0,0.3255,0,11.7975,0,0.8605,0,13.0985,0,11.472,0,1.114,0.068,0.199,0.05,0,0.016,0.028,0.033,0,0.41,0,0,1.098,0,0.016,0.068,0,0.149,0.05,0,0,0,0.09,0.277,0.024,0,1.381,0.111,0.426,1.807,0.537,0.804,1.918,0.522,0.72,0.79,0.21,2.57,0.06,0.94,0.58,19-Apr-2023 08:42:00,738995.3625,10.1278,33.04045,25.3998,196.93,0.09751,33.1971359123326,0,0.0251346499102334,0,0.368043087971275,0.0143626570915619,0,0.0610412926391382
NaN,9,2313045720,37.0406666666667,-123.924166666667,24,0.193597104,0,0.570682086,0,1.857458579,0,0.167091561,0,0.1025,0,32.31,0,2.26,0,51.2115,0,32.2075,0,0.275,0,0.049,0.015,0,0,0.01,0.015,0,0.115,0,0,0.268,0,0.007,0,0,0.049,0,0,0,0,0.025,0.126,0,0,0.324,0.04,0.115,0.439,0.155,0.204,0.479,0.125,0.74,0.74,0.26,2.09,0.08,0.92,0.57,19-Apr-2023 08:42:00,738995.3625,10.81015,32.832725,25.12115,224.3505,0.09751,32.9883131364111,0,0.0363636363636364,0,0.418181818181818,0,0,0
NaN,9,2313045720,37.0406666666667,-123.924166666667,5,2.230878245,0,1.263410614,0,16.77169643,0,2.55587108,0,0.085,0,0.105963597868857,0,0.1115,0,0.655,1,0.020963597868857,0,3.37,0.158,0.855,0.098,0.014,0.043,0.043,0.146,0.009,1.562,0,0.015,3.083,0,0.287,0.158,0,0.781,0.074,0,0.019,0.01,0.197,0.648,0.056,0,4.383,0.311,1.619,6.002,1.93,2.943,6.313,1.835,0.87,0.84,0.16,2.27,0.05,0.95,0.53,19-Apr-2023 08:42:00,738995.3625,11.84875,32.8632,24.9571,246.03,0.51102,33.0188684213677,0,0.0127596439169139,0.00415430267062315,0.463501483679525,0.0127596439169139,0.00445103857566766,0.0468842729970326
NaN,11,2313056280,36.9795,-123.922666666667,400,0.012181532,0,0.021786775,0,0,0,0,0,0.0975,0,40.0965,0,2.938,0,73.6975,0,39.999,0,0.01,0,0,0,0,0,0,0,0,0,0,0,0.01,0,0,0,0,0,0,0,0,0,0,0,0,0,0.01,0,0,0.01,0,0,0.01,0,0,0,0,0,0,1,1,19-Apr-2023 11:38:00,738995.484722222,6.3052,34.1419,26.8344,25.249,0.09751,34.3120497632888,0,0,0,0,0,0,0
NaN,11,2313056280,36.9795,-123.922666666667,100,0.047910394,0,0.225293479,0,-9999,0,-9999,0,0.105,0,30.0678432531427,0,1.8235,0,28.032,0,29.9628432531427,0,0.064,0,0.01,0,0,0,0,0,0,0.039,0,0,0.064,0,0,0,0,0.01,0,0,0,0,0.017,0.048,0,0,0.074,0,0.039,0.113,0.039,0.049,0.113,0.039,0.77,1,0,1.9,0,1,0.57,19-Apr-2023 11:38:00,738995.484722222,9.5124,33.7894,26.0865,104.784,0.09751,33.9509218478963,0,0,0,0.609375,0,0,0
NaN,11,2313056280,36.9795,-123.922666666667,30,0.571013679,0,0.58059252,0,-9999,0,-9999,0,0.3685,0,12.8963615355519,0,0.89,0,10.8655,0,12.5278615355519,0,0.563,0.051,0.104,0.033,0,0.013,0.017,0.019,0,0.195,0,0,0.555,0,0.008,0.051,0,0.077,0.027,0,0,0,0.048,0.207,0.022,0,0.718,0.069,0.208,0.926,0.277,0.432,0.995,0.276,0.77,0.75,0.25,2.59,0.07,0.93,0.57,19-Apr-2023 11:38:00,738995.484722222,10.7198,33.1437,25.3796,199.812,0.09751,33.3006911816482,0,0.0301953818827709,0,0.346358792184725,0.0230905861456483,0,0.0905861456483126
NaN,11,2313056280,36.9795,-123.922666666667,17,2.191949428,0,1.471403265,0,10.04463459,0,2.706759518,0,0.2565,0,9.41677516695472,0,0.667,0,8.4045,0,9.16027516695472,0,3.63,0.081,0.707,0.119,0,0.017,0.059,0.093,0,1.461,0,0,3.388,0,0.242,0.081,0,0.61,0.097,0,0,0,0.179,0.798,0.017,0,4.418,0.271,1.478,5.896,1.749,2.537,6.167,1.618,0.7,0.85,0.15,2.53,0.04,0.96,0.59,19-Apr-2023 11:38:00,738995.484722222,10.32565,32.954525,25.29895,206.617,0.09751,33.1106968964455,0,0.0162534435261708,0,0.402479338842975,0.0046831955922865,0,0.0223140495867769
NaN,11,2313056280,36.9795,-123.922666666667,10,3.302915068,0,2.238823662,0,19.42284788,0,2.996918057,0,0.191,0,6.28143601986047,0,0.466,0,5.2175,0,6.09043601986047,0,6.389,0.089,1.283,0.174,0,0.027,0.077,0.172,0,2.763,0,0,6.077,0,0.312,0.089,0,1.144,0.139,0,0,0,0.23,0.918,0.02,0,7.761,0.423,2.79,10.551,3.213,4.585,10.974,2.956,0.72,0.87,0.13,2.42,0.04,0.96,0.58,19-Apr-2023 11:38:00,738995.484722222,10.40165,32.92845,25.2662,207.84,0.09751,33.0844276747408,0,0.0120519643136641,0,0.432462044138363,0.00422601346063547,0,0.013930192518391
NaN,12,2313061260,36.9605,-123.924333333333,400,0.010509557,0,0.032681233,0,0,0,0,0,0.115,0,44.9554598105753,0,2.8905,0,67.335,0,44.8404598105753,0,0.01,0,0,0,0,0,0,0,0,0,0,0,0.01,0,0,0,0,0,0,0,0,0,0,0,0,0,0.01,0,0,0.01,0,0,0.01,0,0,0,0,0,0,1,1,19-Apr-2023 13:01:00,738995.542361111,6.38355,34.139,26.8217,26.693,0.09751,34.3091327507163,0,0,0,0,0,0,0
NaN,12,2313061260,36.9605,-123.924333333333,100,0.080567683,0,0.230331407,0,-9999,0,-9999,0,0.105,0,30.4879324406329,0,1.8135,0,26.563,0,30.3829324406329,0,0.047,0,0.007,0,0,0,0,0,0,0.02,0,0,0.047,0,0,0,0,0.007,0,0,0,0,0.012,0.044,0,0,0.054,0,0.02,0.074,0.02,0.027,0.074,0.02,0.57,1,0,2.7,0,1,0.64,19-Apr-2023 13:01:00,738995.542361111,9.70335,33.744,26.0201,106.9635,0.09751,33.9053005625802,0,0,0,0.425531914893617,0,0,0
NaN,12,2313061260,36.9605,-123.924333333333,50,0.303106576,0,0.627169903,0,-9999,0,-9999,0,0.339,0,14.578,0,0.964,0,13.733,0,14.239,0,0.629,0.038,0.117,0.033,0,0.014,0.02,0.021,0,0.252,0,0,0.629,0,0,0.038,0,0.082,0.035,0,0,0,0.041,0.085,0.019,0,0.784,0.074,0.266,1.05,0.34,0.495,1.124,0.324,0.79,0.78,0.22,2.31,0.07,0.93,0.56,19-Apr-2023 13:01:00,738995.542361111,10.01295,33.1333,25.491,187.404,0.09751,33.2905048062005,0,0.0317965023847377,0,0.400635930047695,0.0222575516693164,0,0.0604133545310016
NaN,12,2313061260,36.9605,-123.924333333333,26,0.768521835,0,0.970991432,0,24.47917609,0,3.644277163,0,0.247,0,10.3635,0,0.737,0,10.0035,0,10.1165,0,1.043,0.07,0.196,0.051,0.012,0.019,0.033,0.031,0,0.377,0,0,1.023,0,0.02,0.07,0,0.144,0.052,0,0,0,0.095,0.32,0.027,0,1.309,0.115,0.408,1.717,0.523,0.789,1.832,0.511,0.76,0.78,0.22,2.5,0.06,0.94,0.57,19-Apr-2023 13:01:00,738995.542361111,10.74345,32.97015,25.2386,209.715,0.09751,33.1263602324414,0,0.0316395014381592,0.0115052732502397,0.361457334611697,0.0182166826462128,0,0.0671140939597316
NaN,12,2313061260,36.9605,-123.924333333333,12,3.776000143,0,3.247117499,0,4.173298537,0,0,0,0.0265,1,0.381,0,0.0185,1,0.7175,1,0.3545,0,5.6,0.139,1.605,0.166,0,0.051,0.059,0.248,0.009,2.927,0,0.017,5.018,0,0.582,0.139,0,1.509,0.096,0,0.021,0.013,0.119,0.993,0.021,0,7.344,0.499,2.978,10.322,3.477,5.221,10.821,3.193,0.93,0.86,0.14,2.11,0.05,0.95,0.52,19-Apr-2023 13:01:00,738995.542361111,11.1991,32.79245,25.0205,251.208,0.09751,32.9478019985694,0,0.0105357142857143,0,0.522678571428571,0.00910714285714286,0.00303571428571429,0.0248214285714286
NaN,13,2313238980,36.8673333333333,-123.9875,400,0.012564361,0,0.028897507,0,0,0,0,0,0.0625,0,41.2575,0,2.9035,0,70.3695,0,41.195,0,0.016,0,0,0,0,0,0,0,0,0,0,0,0.016,0,0,0,0,0,0,0,0,0,0,0,0,0,0.016,0,0,0.016,0,0,0.016,0,0,0,0,0,0,1,1,21-Apr-2023 14:23:00,738997.599305556,6.4408,34.13005,26.8072,29.954,0.09751,34.3001265755157,0,0,0,0,0,0,0
NaN,13,2313238980,36.8673333333333,-123.9875,100,0.048203723,0,0.146358934,0,0,0,0,0,0.0605,0,27.888,0,1.853,0,28.8455,0,27.8275,0,0.05,0,0.008,0,0,0,0,0,0,0.023,0,0,0.05,0,0,0,0,0.008,0,0,0,0,0.022,0.02,0,0,0.058,0,0.023,0.081,0.023,0.031,0.081,0.023,0.62,1,0,2.52,0,1,0.62,21-Apr-2023 14:23:00,738997.599305556,9.6018,33.774875,26.06055,102.211,0.09751,33.9362995806522,0,0,0,0.46,0,0,0
NaN,13,2313238980,36.8673333333333,-123.9875,45,0.332700208,0,1.419032305,0,2.65263859,0,0.566986636,0,0.281,0,12.367,0,0.8335,0,11.7045,0,12.086,0,0.705,0.034,0.145,0.035,0,0.014,0.025,0.021,0,0.267,0.016,0,0.687,0,0.018,0.034,0,0.103,0.042,0,0,0,0.106,0.193,0.014,0,0.884,0.081,0.297,1.181,0.378,0.557,1.262,0.356,0.79,0.79,0.21,2.34,0.06,0.94,0.56,21-Apr-2023 14:23:00,738997.599305556,10.40705,32.9896,25.313,198.943,0.09751,33.1460571692701,0.0226950354609929,0.0354609929078014,0,0.378723404255319,0.0198581560283688,0,0.0482269503546099
NaN,13,2313238980,36.8673333333333,-123.9875,33,1.604900433,0,0.792031268,0,5.237911044,0,1.045388665,0,0.1815,0,7.278,0,0.538,0,6.7785,0,7.0965,0,1.892,0.053,0.386,0.059,0,0.016,0.035,0.047,0,0.789,0,0,1.815,0,0.077,0.053,0,0.299,0.087,0,0,0,0.185,0.286,0.017,0,2.331,0.141,0.805,3.136,0.946,1.385,3.277,0.893,0.73,0.85,0.15,2.46,0.04,0.96,0.58,21-Apr-2023 14:23:00,738997.599305556,11.0682,32.9019,25.12935,211.0335,0.325755,33.0577819132212,0,0.0184989429175476,0,0.417019027484144,0.00845665961945032,0,0.0280126849894292
NaN,13,2313238980,36.8673333333333,-123.9875,24,2.076927217,0,1.290261705,0,11.39300278,0,1.851513941,0,0.0455,0,0.932,0,0.093,0,0.9855,1,0.8865,0,2.936,0.041,0.749,0.077,0,0.038,0.027,0.111,0.013,1.483,0,0.011,2.628,0,0.308,0.041,0,0.673,0.076,0,0,0.007,0.201,0.542,0.012,0,3.726,0.239,1.521,5.247,1.76,2.55,5.486,1.6,0.87,0.86,0.14,2.12,0.04,0.96,0.54,21-Apr-2023 14:23:00,738997.599305556,11.49515,32.8178,24.9867,233.115,1.2465,32.9733021917568,0,0.00919618528610354,0,0.505108991825613,0.0129427792915531,0.00374659400544959,0.0139645776566758
NaN,13,2313238980,36.8673333333333,-123.9875,10,2.413588778,0,1.568020901,0,-9999,0,-9999,0,0.033,0,0.796,0,0.068,0,0.5465,1,0.763,0,2.948,0.047,0.746,0.083,0,0.037,0.032,0.112,0.012,1.489,0,0.012,2.759,0,0.189,0.047,0,0.675,0.071,0,0,0,0.206,0.454,0.011,0,3.741,0.251,1.526,5.267,1.777,2.57,5.518,1.617,0.87,0.86,0.14,2.11,0.05,0.95,0.53,21-Apr-2023 14:23:00,738997.599305556,11.53815,32.82055,24.981,233.6935,24.175,32.976008853847,0,0.0108548168249661,0,0.505088195386703,0.012550881953867,0.00407055630936228,0.0159430122116689
NaN,13,2313238980,36.8673333333333,-123.9875,5,2.373921706,0,1.013053048,0,-9999,0,-9999,0,NaN,-9999,NaN,-9999,NaN,-9999,NaN,-9999,NaN,-9999,2.788,0.043,0.679,0.073,0,0.028,0.027,0.108,0.014,1.38,0,0,2.588,0,0.2,0.043,0,0.62,0.059,0,0,0,0.171,0.436,0.009,0,3.51,0.222,1.408,4.918,1.63,2.352,5.14,1.478,0.84,0.86,0.14,2.15,0.04,0.96,0.54,21-Apr-2023 14:23:00,738997.599305556,11.5361,32.81995,24.9811,233.428,88.485,32.9754008759936,0,0.00968436154949785,0,0.494978479196557,0.0100430416068867,0,0.0154232424677188
NaN,14,2313285780,36.8971666666667,-124.055333333333,400,0.028669063,0,0.048061764,0,0.309576454,0,0,0,0.042,0,40.8485,0,2.911,0,72.261,0,40.8065,0,0.026,0,0,0,0,0,0,0,0,0.012,0,0,0.026,0,0,0,0,0,0,0,0,0,0,0,0,0,0.026,0,0.012,0.038,0.012,0.012,0.038,0.012,0.46,1,0,2.17,0,1,0.68,22-Apr-2023 03:23:00,738998.140972222,6.39445,34.126125,26.81015,30.547,0.09751,34.2961833118027,0,0,0,0.461538461538462,0,0,0
NaN,14,2313285780,36.8971666666667,-124.055333333333,65,0.232512077,0,0.665083686,0,2.288671154,0,0.078331155,0,0.394,0,17.8105,0,1.0925,0,16.5955,0,17.4165,0,0.345,0.03,0.07,0.023,0,0.008,0.012,0.013,0,0.138,0,0,0.337,0,0.008,0.03,0,0.048,0.022,0,0,0,0.062,0.163,0.009,0,0.445,0.048,0.146,0.591,0.194,0.294,0.639,0.188,0.85,0.75,0.25,2.29,0.08,0.92,0.54,22-Apr-2023 03:23:00,738998.140972222,9.98,33.17845,25.5319,180.353,0.09751,33.3362840803083,0,0.0347826086956522,0,0.4,0.0231884057971015,0,0.0869565217391304
NaN,14,2313285780,36.8971666666667,-124.055333333333,42,0.718329994,0,0.598812392,0,2.657760535,0,0.52502465,0,0.3165,0,11.464,0,0.7665,0,12.03,0,11.1475,0,1.113,0.043,0.237,0.04,0,0.018,0.034,0.03,0,0.462,0,0,1.081,0,0.032,0.043,0,0.164,0.073,0,0,0,0.099,0.203,0.019,0,1.393,0.104,0.48,1.873,0.584,0.864,1.977,0.557,0.78,0.82,0.18,2.39,0.05,0.95,0.56,22-Apr-2023 03:23:00,738998.140972222,10.445225,32.947575,25.27375,204.1255,0.09751,33.1038008495874,0,0.0305480682839173,0,0.415094339622642,0.0161725067385445,0,0.0386343216531896
NaN,14,2313285780,36.8971666666667,-124.055333333333,34,0.924377281,0,1.014563286,0,4.057864073,0,0.699569465,0,0.2925,0,10.4125,0,0.727,0,10.3155,0,10.12,0,1.108,0.039,0.242,0.043,0,0.016,0.037,0.03,0,0.464,0,0,1.077,0,0.031,0.039,0,0.168,0.074,0,0,0,0.083,0.217,0.019,0,1.389,0.11,0.48,1.869,0.59,0.871,1.979,0.556,0.79,0.81,0.19,2.35,0.06,0.94,0.56,22-Apr-2023 03:23:00,738998.140972222,10.60735,32.944925,25.2429,205.1055,0.09751,33.1010260625623,0,0.0333935018050541,0,0.418772563176895,0.0144404332129964,0,0.0351985559566787
NaN,14,2313285780,36.8971666666667,-124.055333333333,28,2.945534388,0,1.932572639,0,20.13494481,0,2.941754126,0,0.0875,0,3.4165,0,0.1825,0,3.0875,0,3.329,0,3.764,0.052,1.005,0.106,0,0.037,0.039,0.198,0.013,2.085,0,0.02,3.434,0,0.33,0.052,0,0.905,0.1,0,0,0,0.139,0.676,0.011,0,4.821,0.376,2.122,6.943,2.498,3.555,7.319,2.233,0.94,0.85,0.15,1.93,0.05,0.95,0.51,22-Apr-2023 03:23:00,738998.140972222,11.39375,32.8598,25.037,244.0625,0.09751,33.0154587448919,0,0.0103613177470776,0,0.553931987247609,0.00982996811902232,0.0053134962805526,0.0138150903294368
NaN,14,2313285780,36.8971666666667,-124.055333333333,5,3.74294425,0,2.12085697,0,36.82140366,0,3.939629882,0,0.031,0,0.481,1,-0.001,1,0.572,0,0.45,0,3.97,0.045,1.24,0.116,0,0.047,0.036,0.266,0.011,2.411,0,0.024,3.284,0,0.686,0.045,0,1.155,0.085,0,0.011,0.008,0.089,0.757,0.013,0,5.255,0.453,2.458,7.713,2.911,4.196,8.166,2.563,1.06,0.84,0.16,1.81,0.06,0.94,0.49,22-Apr-2023 03:23:00,738998.140972222,11.42915,32.8481,25.0222,243.762,0.52118,33.0036841453204,0,0.00906801007556675,0,0.607304785894207,0.0118387909319899,0.00604534005037783,0.0113350125944584
NaN,15,2313325080,36.8918333333333,-124.117,400,0.016162425,0,0.029603855,0,0,0,0,0,0.0495,0,40.7285,0,2.8975,0,68.385,0,40.679,0,0.022,0,0,0,0,0,0,0,0,0.015,0,0,0.022,0,0,0,0,0,0,0,0,0,0,0,0,0,0.022,0,0.015,0.037,0.015,0.015,0.037,0.015,0.68,1,0,1.47,0,1,0.59,22-Apr-2023 14:18:00,738998.595833333,6.341575,34.141575,26.8295,27.613,0.09751,34.311706178182,0,0,0,0.681818181818182,0,0,0
NaN,15,2313325080,36.8918333333333,-124.117,55,0.283551313,0,0.791223501,0,0.984744716,0,0.160946345,0,0.477,0,17.3661965522534,0,1.0805,0,14.3645,0,16.8891965522534,0,0.515,0.032,0.103,0.032,0,0,0.02,0.021,0,0.21,0,0,0.504,0,0.011,0.032,0,0.081,0.022,0,0,0,0.066,0.24,0.012,0,0.65,0.073,0.21,0.86,0.283,0.418,0.933,0.262,0.81,0.74,0.26,2.3,0.08,0.92,0.55,22-Apr-2023 14:18:00,738998.595833333,10.180075,33.1954,25.5113,184.7425,0.09751,33.3530233678281,0,0.0388349514563107,0,0.407766990291262,0,0,0.0621359223300971
NaN,15,2313325080,36.8918333333333,-124.117,38,1.14932799,0,1.560174303,0,7.145934925,0,0.971138137,0,0.3235,0,11.427394095045,0,0.8125,0,10.155,0,11.103894095045,0,1.719,0.028,0.407,0.056,0,0,0.03,0.053,0,0.775,0,0,1.666,0,0.053,0.028,0,0.353,0.054,0,0,0,0.107,0.455,0.013,0,2.154,0.139,0.775,2.929,0.914,1.349,3.068,0.833,0.78,0.85,0.15,2.36,0.05,0.95,0.56,22-Apr-2023 14:18:00,738998.595833333,10.22365,33.02095,25.3683,199.0295,0.09751,33.1774678957838,0,0.0174520069808028,0,0.450843513670739,0,0,0.0162885398487493
NaN,15,2313325080,36.8918333333333,-124.117,28,2.576914335,0,2.436695665,0,25.96892691,0,3.650160972,0,0.108,0,1.7621154650679,0,0.1905,0,1.6055,0,1.6541154650679,0,4.032,0.04,1.167,0.117,0,0.032,0.036,0.196,0,2.271,0,0.02,3.513,0,0.519,0.04,0,1.07,0.097,0,0,0,0.091,0.779,0.01,0,5.239,0.369,2.303,7.542,2.672,3.879,7.911,2.399,0.96,0.86,0.14,1.96,0.05,0.95,0.51,22-Apr-2023 14:18:00,738998.595833333,11.3236,32.8714,25.0591,234.286,0.10916,33.02711010765,0,0.00892857142857143,0,0.563244047619048,0.00793650793650794,0.00496031746031746,0.00992063492063492
NaN,15,2313325080,36.8918333333333,-124.117,12,2.727874043,0,2.342695172,0,31.68115541,0,4.415139204,0,0.089,0,0.614266135869212,0,0.1285,0,1.014,0,0.525266135869212,0,4.352,0.041,1.246,0.121,0.012,0.038,0.028,0.204,0.011,2.426,0,0.015,3.997,0,0.355,0.041,0,1.149,0.097,0,0,0,0.078,0.637,0.008,0,5.639,0.379,2.476,8.115,2.855,4.142,8.494,2.56,0.95,0.87,0.13,1.98,0.04,0.96,0.51,22-Apr-2023 14:18:00,738998.595833333,11.3506,32.86545,25.0498,233.5065,3.32125,33.0211374047134,0,0.00643382352941176,0.00275735294117647,0.557444852941177,0.00873161764705882,0.00344669117647059,0.00942095588235294
NaN,15,2313325080,36.8918333333333,-124.117,5,2.740079296,0,2.409633248,0,16.95925479,0,2.49030155,0,0.094,0,0.271632573217121,0,0.1145,0,1.0225,0,0.177632573217121,0,4.099,0.029,1.199,0.108,0,0.033,0.028,0.183,0.01,2.234,0,0.014,3.759,0,0.34,0.029,0,1.108,0.091,0,0,0,0.071,0.658,0.008,0,5.327,0.343,2.267,7.594,2.61,3.838,7.937,2.338,0.94,0.87,0.13,2.04,0.04,0.96,0.52,22-Apr-2023 14:18:00,738998.595833333,11.3491,32.86565,25.0503,233.544,20.053,33.0213137779573,0,0.00683093437423762,0,0.545010978287387,0.00805074408392291,0.00341546718711881,0.00707489631617468
NaN,16,2313413760,36.8296666666667,-124.164333333333,400,0.03194003,0,0.046492146,0,0,0,0,0,0.104,0,44.8312080790641,0,2.85,0,67.678,0,44.7272080790641,0,0.049,0,0.009,0,0,0,0,0,0,0.029,0,0,0.049,0,0,0,0,0.009,0,0,0,0,0,0,0,0,0.058,0,0.029,0.087,0.029,0.038,0.087,0.029,0.78,1,0,2,0,1,0.56,23-Apr-2023 14:56:00,738999.622222222,6.3772,34.15075,26.8317,25.545,0.09751,34.320915405718,0,0,0,0.591836734693878,0,0,0
NaN,16,2313413760,36.8296666666667,-124.164333333333,69,0.347822944,0,0.4879273,0,1.490857959,0,0.117298496,0,0.618,0,18.6958514453083,0,1.101,0,13.6025,0,18.0778514453083,0,0.66,0.039,0.147,0.033,0.014,0.024,0.018,0.024,0,0.296,0.021,0,0.646,0,0.014,0.039,0,0.096,0.051,0,0,0,0.104,0.18,0.017,0,0.846,0.075,0.355,1.201,0.43,0.616,1.276,0.412,0.93,0.83,0.17,1.97,0.06,0.94,0.52,23-Apr-2023 14:56:00,738999.622222222,10.67765,33.222275,25.453,188.2965,0.09751,33.3803995750802,0.0318181818181818,0.0272727272727273,0.0212121212121212,0.448484848484848,0.0363636363636364,0,0.0590909090909091
NaN,16,2313413760,36.8296666666667,-124.164333333333,56,0.385629786,0,0.948227604,0,3.085048305,0,0.217105993,0,0.3675,0,13.527,0,0.896,0,13.292,0,13.1595,0,0.433,0.028,0.085,0.02,0,0.012,0.013,0.017,0,0.186,0,0,0.419,0,0.014,0.028,0,0.063,0.022,0,0,0,0.081,0.168,0.012,0,0.546,0.05,0.198,0.744,0.248,0.361,0.794,0.239,0.83,0.8,0.2,2.2,0.06,0.94,0.55,23-Apr-2023 14:56:00,738999.622222222,10.105125,32.94895,25.33025,189.1245,0.09751,33.1054170850418,0,0.0300230946882217,0,0.429561200923788,0.0277136258660508,0,0.0646651270207852
NaN,16,2313413760,36.8296666666667,-124.164333333333,28,2.728141702,0,1.937796197,0,15.70237889,0,2.392465912,0,0.088,0,0.505613106582363,0,0.1845,0,0.742,1,0.417613106582363,0,3.801,0.033,0.973,0.095,0,0.028,0.022,0.165,0.012,2.063,0,0.008,3.513,0,0.288,0.033,0,0.873,0.1,0,0,0,0.244,0.573,0.008,0,4.807,0.302,2.091,6.898,2.393,3.399,7.2,2.154,0.89,0.87,0.13,2.01,0.04,0.96,0.53,23-Apr-2023 14:56:00,738999.622222222,11.57385,32.8402,24.9896,229.6995,1.0412,32.995754391797,0,0.00578795053933175,0,0.542751907392791,0.00736648250460405,0.00210470928702973,0.00868192580899763
NaN,16,2313413760,36.8296666666667,-124.164333333333,10,2.764489802,0,1.859998829,0,17.61145679,0,2.594637649,0,0.039,0,0.702,0,0.09,0,0.54,0,0.663,0,4.116,0.032,1.087,0.097,0,0.028,0.017,0.184,0.015,2.297,0,0,3.63,0,0.486,0.032,0,0.976,0.111,0,0,0,0.221,0.711,0.008,0,5.235,0.313,2.325,7.56,2.638,3.757,7.873,2.374,0.91,0.88,0.12,1.98,0.04,0.96,0.52,23-Apr-2023 14:56:00,738999.622222222,11.5712,32.8398,24.99,229.757,26.863,32.9953386924505,0,0.00413022351797862,0,0.558066083576288,0.00680272108843537,0,0.00777453838678329
NaN,16,2313413760,36.8296666666667,-124.164333333333,5,2.392229586,0,1.931874136,0,15.41742522,0,2.480056051,0,0.039,0,0.532,0,0.0555,1,0.586,0,0.493,0,3.405,0.034,0.986,0.081,0,0.025,0.02,0.177,0.013,1.958,0,0.009,3.064,0,0.341,0.034,0,0.884,0.102,0,0,0,0.238,0.637,0.006,0,4.425,0.3,1.983,6.408,2.283,3.303,6.708,2.046,0.97,0.87,0.13,1.94,0.04,0.96,0.51,23-Apr-2023 14:56:00,738999.622222222,11.5688,32.8397,24.9901,229.403,90.243,32.9952336095076,0,0.00587371512481645,0,0.57503671071953,0.00734214390602056,0.0026431718061674,0.00998531571218796
NaN,17,-9999,36.9166666666667,-124.298333333333,400,0.008273622,0,0.05433601,0,-9999,0,-9999,0,0.0545,0,40.372,0,2.8845,0,69.887,0,40.3175,0,0,0,0,0,0,0,0,0,0,0,0,0,0,0,0,0,0,0,0,0,0,0,0,0,0,0,0,0,0,0,0,0,0,0,0,0,0,0,0,0,0,31-Dec-1949 21:13:21,712223.884270833,6.529675,34.13055,26.7959,30.209,0.09751,34.3006199662389,NaN,NaN,NaN,NaN,NaN,NaN,NaN
NaN,17,2313481920,36.9166666666667,-124.298333333333,56,1.102069437,0,1.328292274,0,-9999,0,-9999,0,0.13,0,5.9405,0,0.4305,0,4.972,0,5.8105,0,1.435,0.026,0.32,0.04,0,0.026,0.019,0.054,0.007,0.676,0,0,1.386,0,0.049,0.026,0,0.264,0.056,0,0,0,0.303,0.202,0.011,0,1.781,0.12,0.702,2.483,0.822,1.168,2.603,0.747,0.81,0.85,0.15,2.17,0.05,0.95,0.55,24-Apr-2023 09:52:00,739000.411111111,11.7392,32.9325,25.0311,220.592,0.09751,33.0888887194977,0,0.0132404181184669,0,0.471080139372822,0.0181184668989547,0,0.0181184668989547
NaN,17,2313481920,36.9166666666667,-124.298333333333,28,1.706978906,0,0.823672835,0,-9999,0,-9999,0,0.1065,0,2.707,0,0.1865,0,1.6395,0,2.6005,0,2.57,0.061,0.557,0.067,0.02,0.076,0.041,0.091,0.011,1.096,0,0,2.497,0,0.073,0.061,0,0.473,0.084,0,0.009,0,0.225,0.249,0.019,0,3.188,0.21,1.192,4.38,1.402,2.02,4.59,1.294,0.79,0.85,0.15,2.27,0.05,0.95,0.56,24-Apr-2023 09:52:00,739000.411111111,11.7344,32.931975,25.0316,220.89,0.09751,33.0879650849022,0,0.0159533073929961,0.00778210116731518,0.426459143968872,0.0295719844357977,0,0.0237354085603113
NaN,17,2313481920,36.9166666666667,-124.298333333333,10,1.458909146,0,1.256021825,0,8.611359002,0,1.279252918,0,0.092,0,2.7875,0,0.184,0,2.397,0,2.6955,0,2.334,0.062,0.52,0.065,0.022,0.084,0.053,0.082,0.009,0.934,0,0,2.234,0,0.1,0.062,0,0.427,0.093,0,0,0,0.15,0.23,0.025,0,2.916,0.209,1.04,3.956,1.249,1.831,4.165,1.155,0.78,0.83,0.17,2.33,0.05,0.95,0.56,24-Apr-2023 09:52:00,739000.411111111,11.71,32.92845,25.0328,220.991,0.09751,33.0844081773247,0,0.0227077977720651,0.00942587832047986,0.400171379605827,0.0359897172236504,0,0.0265638389031705
NaN,17,2313481920,36.9166666666667,-124.298333333333,5,1.573333393,0,0.952732815,0,-9999,0,-9999,0,0.091,0,3.018,0,0.2155,0,2.774,0,2.927,0,2.72,0.074,0.602,0.072,0.025,0.094,0.055,0.097,0.008,1.114,0,0.007,2.608,0,0.112,0.074,0,0.496,0.106,0,0.01,0,0.161,0.301,0.025,0,3.396,0.239,1.233,4.629,1.472,2.148,4.868,1.369,0.79,0.84,0.16,2.31,0.05,0.95,0.56,24-Apr-2023 09:52:00,739000.411111111,11.71405,32.9289,25.0329,220.949,0.61876,33.0848562521163,0,0.0202205882352941,0.00919117647058824,0.409558823529412,0.0345588235294118,0.00257352941176471,0.0272058823529412
NaN,18,2313487140,36.8631666666667,-124.253,200,0.0215499,0,0.144671869,0,-9999,0,-9999,0,NaN,-9999,NaN,-9999,NaN,-9999,NaN,-9999,NaN,-9999,0.034,0,0.007,0,0,0,0,0,0,0.017,0,0,0.034,0,0,0,0,0.007,0,0,0,0,0.014,0.014,0,0,0.041,0,0.017,0.058,0.017,0.024,0.058,0.017,0.71,1,0,2.41,0,1,0.59,24-Apr-2023 11:19:00,739000.471527778,8.3431,34.0263,26.4567,71.469,0.09751,34.1914157701989,0,0,0,0.5,0,0,0
NaN,18,2313487140,36.8631666666667,-124.253,61,0.143665999,0,0.648625233,0,0.612643038,0,0.159640058,0,NaN,-9999,NaN,-9999,NaN,-9999,NaN,-9999,NaN,-9999,0.356,0.028,0.075,0.016,0,0,0.012,0.014,0,0.16,0,0,0.35,0,0.006,0.028,0,0.057,0.018,0,0,0,0.062,0.143,0,0,0.459,0.042,0.16,0.619,0.202,0.305,0.661,0.2,0.86,0.79,0.21,2.27,0.06,0.94,0.54,24-Apr-2023 11:19:00,739000.471527778,10.30295,33.3138,25.5821,175.699,0.09751,33.4721329890571,0,0.0337078651685393,0,0.449438202247191,0,0,0.0786516853932584
NaN,18,2313487140,36.8631666666667,-124.253,39,0.776930598,0,0.831052872,0,-9999,0,-9999,0,NaN,-9999,NaN,-9999,NaN,-9999,NaN,-9999,NaN,-9999,0.879,0,0.187,0.032,0,0.012,0.014,0.032,0,0.407,0,0,0.849,0,0.03,0,0,0.146,0.041,0,0,0,0.187,0.359,0.009,0,1.066,0.078,0.419,1.485,0.497,0.684,1.563,0.433,0.78,0.84,0.16,2.14,0.05,0.95,0.56,24-Apr-2023 11:19:00,739000.471527778,10.5388,33.02165,25.3204,209.875,0.09751,33.1781754413431,0,0.0159271899886234,0,0.463026166097838,0.0136518771331058,0,0
NaN,18,2313487140,36.8631666666667,-124.253,32,2.193805005,0,1.186637584,0,4.294297482,0,0.607080295,0,NaN,-9999,NaN,-9999,NaN,-9999,NaN,-9999,NaN,-9999,2.613,0.033,0.668,0.068,0,0.051,0.022,0.117,0.009,1.399,0,0,2.417,0,0.196,0.033,0,0.573,0.095,0,0,0,0.145,0.375,0.01,0,3.314,0.216,1.45,4.764,1.666,2.367,4.98,1.505,0.91,0.87,0.13,1.99,0.04,0.96,0.52,24-Apr-2023 11:19:00,739000.471527778,11.40845,32.8202,25.0014,225.168,0.09751,32.9756668775346,0,0.00841944125526215,0,0.535399923459625,0.0195177956371986,0,0.0126291618828932
NaN,18,2313487140,36.8631666666667,-124.253,10,1.930464181,0,1.641777912,0,12.59269367,0,1.852419738,0,NaN,-9999,NaN,-9999,NaN,-9999,NaN,-9999,NaN,-9999,2.743,0.032,0.713,0.065,0,0.05,0.025,0.12,0.009,1.46,0,0,2.549,0,0.194,0.032,0,0.606,0.107,0,0,0,0.129,0.416,0.009,0,3.488,0.219,1.51,4.998,1.729,2.474,5.217,1.567,0.9,0.87,0.13,2.02,0.04,0.96,0.53,24-Apr-2023 11:19:00,739000.471527778,11.40865,32.81175,24.9978,225.719,0.09751,32.9671537779228,0,0.00911410864017499,0,0.53226394458622,0.01822821728035,0,0.011666059059424
NaN,19,2313491340,36.832,-124.2185,68,0.28861473,0,0.551851534,0,1.225209649,0,0.215751619,0,0.5725,0,18.5016744969293,0,1.13,0,14.0295,0,17.9291744969293,0,0.348,0.031,0.077,0.022,0,0,0.011,0.017,0,0.16,0,0,0.34,0,0.008,0.031,0,0.056,0.021,0,0,0,0.079,0.168,0.005,0,0.456,0.05,0.16,0.616,0.21,0.318,0.666,0.202,0.91,0.76,0.24,2.17,0.08,0.92,0.52,24-Apr-2023 12:29:00,739000.520138889,10.45755,33.328025,25.5678,173.03,0.09751,33.4866169142673,0,0.0316091954022989,0,0.459770114942529,0,0,0.0890804597701149
NaN,19,2313491340,36.832,-124.2185,50,0.368616707,0,0.774689627,0,-9999,0,-9999,0,0.4835,0,14.4035189021942,0,0.9585,0,11.6395,0,13.9200189021942,0,0.572,0.021,0.117,0.024,0,0,0.015,0.019,0,0.239,0,0,0.556,0,0.016,0.021,0,0.093,0.024,0,0,0,0.07,0.202,0,0,0.71,0.058,0.239,0.949,0.297,0.435,1.007,0.275,0.76,0.8,0.2,2.39,0.06,0.94,0.57,24-Apr-2023 12:29:00,739000.520138889,10.5124,33.13635,25.4092,191.416,0.09751,33.2935381137539,0,0.0262237762237762,0,0.417832167832168,0,0,0.0367132867132867
NaN,19,2313491340,36.832,-124.2185,38,2.514407023,0,1.03898015,0,14.77179853,0,2.137423196,0,0.1495,0,3.6452553439454,0,0.3485,0,2.844,0,3.4957553439454,0,2.818,0.029,0.703,0.069,0,0.036,0.015,0.12,0.009,1.518,0,0,2.658,0,0.16,0.029,0,0.615,0.088,0,0,0,0.134,0.479,0.021,0,3.55,0.213,1.554,5.104,1.767,2.499,5.317,1.598,0.89,0.88,0.12,2.01,0.04,0.96,0.53,24-Apr-2023 12:29:00,739000.520138889,11.223425,32.845075,25.05295,221.2385,0.09751,33.0007471324335,0,0.00532292405961675,0,0.538679914833215,0.0127750177430802,0,0.010290986515259
NaN,19,2313491340,36.832,-124.2185,10,0.979197202,0,0.927984856,0,4.805111225,0,0.943754198,0,0.144,0,3.07832320103284,0,0.326,0,1.857,0,2.93432320103284,0,1.306,0.064,0.293,0.044,0.011,0.035,0.028,0.053,0,0.594,0,0.011,1.272,0,0.034,0.064,0,0.236,0.057,0,0,0,0.13,0.189,0.023,0,1.663,0.136,0.64,2.303,0.776,1.133,2.439,0.743,0.87,0.82,0.18,2.14,0.06,0.94,0.54,24-Apr-2023 12:29:00,739000.520138889,11.3781,32.81305,25.004,221.86,0.09751,32.9684593517597,0,0.0214395099540582,0.00842266462480857,0.454823889739663,0.0267993874425727,0.00842266462480857,0.0490045941807044
NaN,19,2313491340,36.832,-124.2185,5,0.944000036,0,0.765900588,0,-9999,0,-9999,0,NaN,-9999,NaN,-9999,NaN,-9999,NaN,-9999,NaN,-9999,1.761,0.064,0.378,0.051,0,0.041,0.026,0.072,0.009,0.843,0,0.013,1.698,0,0.063,0.064,0,0.316,0.062,0,0,0.005,0.194,0.21,0.023,0,2.203,0.171,0.884,3.087,1.055,1.497,3.258,0.987,0.85,0.84,0.16,2.09,0.05,0.95,0.54,24-Apr-2023 12:29:00,739000.520138889,11.3818,32.8128,25.0032,221.649,0.57511,32.9682037451127,0,0.0147643384440659,0,0.47870528109029,0.02328222600795,0.00738216922203294,0.0363429869392391
NaN,20,2313495060,36.8121666666667,-124.226333333333,80,0.209726703,0,0.43338311,0,0.478963041,0,0.084007896,0,0.283,0,19.5779849504094,0,1.2155,0,14.7185,0,19.2949849504094,0,0.265,0.021,0.065,0.013,0,0,0.01,0.011,0,0.116,0,0,0.258,0,0.007,0.021,0,0.048,0.017,0,0,0,0.053,0.135,0,0,0.351,0.034,0.116,0.467,0.15,0.236,0.501,0.147,0.89,0.77,0.23,2.34,0.07,0.93,0.53,24-Apr-2023 13:31:00,739000.563194444,10.5264,33.41415,25.6231,170.63,0.09751,33.5734363169224,0,0.0377358490566038,0,0.437735849056604,0,0,0.0792452830188679
NaN,20,2313495060,36.8121666666667,-124.226333333333,40,1.365079033,0,1.926216863,0,8.199332329,0,1.358056622,0,0.187,0,5.22771679029148,0,0.4685,0,4.6735,0,5.04071679029148,0,1.549,0,0.396,0.049,0,0.016,0.014,0.076,0.007,0.893,0,0.008,1.25,0,0.299,0,0,0.355,0.041,0,0,0,0.458,0.428,0,0,1.945,0.154,0.909,2.854,1.063,1.459,3.008,0.931,0.94,0.86,0.14,1.83,0.05,0.95,0.51,24-Apr-2023 13:31:00,739000.563194444,11.06105,32.9093,25.13545,216.4815,0.09751,33.0653033833593,0,0.00903808908973531,0,0.576500968366688,0.0103292446739832,0.00516462233699161,0
NaN,20,2313495060,36.8121666666667,-124.226333333333,28,2.322852358,0,1.382084193,0,-9999,0,-9999,0,0.102,0,1.5458851790614,0,0.221,0,1.6725,0,1.4438851790614,0,3.679,0.028,0.971,0.089,0,0.032,0.014,0.165,0.009,2.019,0,0,3.395,0,0.284,0.028,0,0.865,0.106,0,0,0,0.103,0.554,0.009,0,4.678,0.277,2.051,6.729,2.328,3.327,7.006,2.093,0.9,0.88,0.12,2.01,0.04,0.96,0.53,24-Apr-2023 13:31:00,739000.563194444,11.40835,32.85495,25.0309,223.2665,0.09751,33.01056963259,0,0.00380538189725469,0,0.548790432182658,0.00869801576515357,0,0.00761076379450938
NaN,20,2313495060,36.8121666666667,-124.226333333333,10,2.466014266,0,1.361944721,0,13.08807628,0,1.98669706,0,0.1125,0,1.91810248731139,0,0.2415,0,1.638,0,1.80560248731139,0,3.162,0.034,0.804,0.078,0.013,0.044,0.012,0.142,0.006,1.699,0,0.007,2.995,0,0.167,0.034,0,0.704,0.1,0,0,0,0.089,0.364,0.01,0,4,0.245,1.756,5.756,2.001,2.839,6.001,1.809,0.9,0.88,0.12,2,0.04,0.96,0.53,24-Apr-2023 13:31:00,739000.563194444,11.4094,32.85285,25.0295,223.322,1.0922,33.0084459182274,0,0.00379506641366224,0.00411132194813409,0.537318153067679,0.0139152435167615,0.00221378874130297,0.010752688172043
NaN,20,2313495060,36.8121666666667,-124.226333333333,5,1.916224719,0,1.965395843,0,-9999,0,-9999,0,0.0745,0,1.9475,0,0.127,0,1.5825,0,1.873,0,3.658,0.034,1.015,0.087,0.015,0.041,0.012,0.177,0,2.047,0.057,0,3.35,0,0.308,0.034,0,0.894,0.121,0,0,0,0.092,0.549,0.008,0,4.707,0.276,2.16,6.867,2.436,3.485,7.143,2.206,0.95,0.89,0.11,1.93,0.04,0.96,0.51,24-Apr-2023 13:31:00,739000.563194444,11.40885,32.85295,25.0297,223.592,3.904,33.0085419634765,0.0155822854018589,0.00328048113723346,0.00410060142154183,0.559595407326408,0.0112083105522143,0,0.00929469655549481
NaN,21,2313499200,36.7948333333333,-124.227,60,0.327096693,0,0.475939899,0,0.966103158,0,0.182356356,0,NaN,-9999,NaN,-9999,NaN,-9999,NaN,-9999,NaN,-9999,0.379,0.039,0.086,0.018,0,0.011,0.012,0.012,0,0.167,0,0,0.368,0,0.011,0.039,0,0.061,0.025,0,0,0,0.069,0.126,0.011,0,0.504,0.042,0.178,0.682,0.22,0.345,0.724,0.229,0.91,0.81,0.19,2.29,0.06,0.94,0.52,24-Apr-2023 14:40:00,739000.611111111,10.46275,33.2352,25.4986,183.53,0.09751,33.3931238125091,0,0.0316622691292876,0,0.440633245382586,0.029023746701847,0,0.102902374670185
NaN,21,2313499200,36.7948333333333,-124.227,40,0.551143455,0,0.909185875,0,-9999,0,-9999,0,NaN,-9999,NaN,-9999,NaN,-9999,NaN,-9999,NaN,-9999,0.504,0.054,0.122,0.023,0.013,0.033,0.018,0.017,0,0.204,0.01,0.006,0.497,0,0.007,0.054,0,0.074,0.048,0,0,0,0.077,0.099,0.019,0,0.68,0.064,0.26,0.94,0.324,0.5,1.004,0.338,0.99,0.8,0.2,2.1,0.06,0.94,0.5,24-Apr-2023 14:40:00,739000.611111111,10.37075,32.82845,25.1891,200.658,0.15184,32.9840680952479,0.0198412698412698,0.0357142857142857,0.0257936507936508,0.404761904761905,0.0654761904761905,0.0119047619047619,0.107142857142857
NaN,21,2313499200,36.7948333333333,-124.227,26,1.566715523,0,1.326986124,0,11.3054329,0,1.856665388,0,NaN,-9999,NaN,-9999,NaN,-9999,NaN,-9999,NaN,-9999,2.771,0.034,0.671,0.08,0.012,0.031,0.021,0.113,0.014,1.498,0,0.008,2.529,0,0.242,0.034,0,0.595,0.076,0,0,0,0.368,0.519,0.016,0,3.476,0.236,1.541,5.017,1.777,2.482,5.253,1.604,0.9,0.87,0.13,1.96,0.04,0.96,0.53,24-Apr-2023 14:40:00,739000.611111111,11.3594,32.87385,25.0548,222.769,1.1816,33.0295784185828,0,0.00757849151930711,0.00433056658246121,0.540599061710574,0.0111872970046914,0.00288704438830747,0.0122699386503068
NaN,21,2313499200,36.7948333333333,-124.227,15,2.074839476,0,1.742421907,0,26.26219466,0,4.915255989,0,NaN,-9999,NaN,-9999,NaN,-9999,NaN,-9999,NaN,-9999,3.693,0.031,0.952,0.091,0.013,0.029,0.015,0.166,0.015,2.016,0,0,3.41,0,0.283,0.031,0,0.861,0.091,0,0,0,0.24,0.64,0.008,0,4.676,0.287,2.058,6.734,2.345,3.328,7.021,2.104,0.9,0.88,0.12,1.99,0.04,0.96,0.53,24-Apr-2023 14:40:00,739000.611111111,11.3647,32.87435,25.0543,223.6285,6.8507,33.0300948314619,0,0.00406173842404549,0.00352017330083943,0.545897644191714,0.00785269428648795,0,0.00839425940969402
NaN,21,2313499200,36.7948333333333,-124.227,5,2.618026766,0,1.416484319,0,-9999,0,-9999,0,NaN,-9999,NaN,-9999,NaN,-9999,NaN,-9999,NaN,-9999,3.812,0.033,0.943,0.094,0.013,0.03,0.017,0.182,0.02,2.058,0,0.009,3.62,0,0.192,0.033,0,0.856,0.087,0,0,0.006,0.186,0.578,0.006,0,4.788,0.322,2.101,6.889,2.423,3.399,7.211,2.16,0.89,0.87,0.13,1.98,0.04,0.96,0.53,24-Apr-2023 14:40:00,739000.611111111,11.36705,32.8746,25.054,223.7635,95.7355,33.0302931087883,0,0.00445960125918153,0.0034102833158447,0.5398740818468,0.00786988457502623,0.00236096537250787,0.00865687303252886
NaN,22,2313603120,36.7861666666667,-124.453666666667,80,0.151426528,0,0.32035747,0,1.228527029,0,0.116227275,0,0.0345,0,23.83,0,1.6315,0,22.781,0,23.7955,0,0.167,0.014,0.031,0,0.007,0,0.005,0.006,0,0.069,0,0,0.167,0,0,0.014,0,0.022,0.009,0,0,0,0.06,0.087,0,0,0.212,0.011,0.076,0.288,0.087,0.132,0.299,0.095,0.79,0.87,0.13,2.44,0.04,0.96,0.56,25-Apr-2023 19:32:00,739001.813888889,9.6615,33.67435,25.9739,119.422,0.16711,33.8348238998093,0,0.029940119760479,0.0419161676646707,0.413173652694611,0,0,0.0838323353293413
NaN,22,2313603120,36.7861666666667,-124.453666666667,55,0.430997996,0,0.51339978,0,0.178645401,0,0.229005464,0,0.529,0,16.3505,0,0.989,0,14.0205,0,15.8215,0,0.654,0.018,0.121,0.02,0.006,0.011,0.011,0.017,0,0.263,0.015,0,0.641,0,0.013,0.018,0,0.091,0.03,0,0,0,0.152,0.185,0,0,0.793,0.048,0.295,1.088,0.343,0.482,1.136,0.324,0.74,0.86,0.14,2.31,0.04,0.96,0.58,25-Apr-2023 19:32:00,739001.813888889,10.3628,33.2736,25.5408,179.737,1.3639,33.4315476841359,0.0229357798165138,0.0168195718654434,0.00917431192660551,0.402140672782875,0.0168195718654434,0,0.0275229357798165
NaN,22,2313603120,36.7861666666667,-124.453666666667,35,0.676742468,0,0.540109888,0,1.97250356,0,0.329111285,0,0.232,0,10.617,0,0.778,0,10.0045,0,10.385,0,0.815,0.036,0.17,0.028,0.009,0.018,0.01,0.025,0,0.364,0,0,0.8,0,0.015,0.036,0,0.12,0.05,0,0,0,0.191,0.194,0.008,0,1.021,0.063,0.391,1.412,0.454,0.66,1.475,0.437,0.81,0.86,0.14,2.25,0.04,0.96,0.55,25-Apr-2023 19:32:00,739001.813888889,10.569825,33.052575,25.3348,196.3985,6.122,33.209169178279,0,0.0122699386503067,0.0110429447852761,0.446625766871166,0.0220858895705521,0,0.0441717791411043
NaN,22,2313603120,36.7861666666667,-124.453666666667,28,1.860096615,0,0.887850189,0,9.763948057,0,1.487355073,0,0.0835,0,2.9265,0,0.2175,0,1.609,0,2.843,0,2.312,0.036,0.545,0.055,0,0.035,0.019,0.105,0.018,1.162,0.015,0.007,2.229,0,0.083,0.036,0,0.466,0.079,0,0,0,0.177,0.307,0,0,2.893,0.204,1.212,4.105,1.416,1.997,4.309,1.274,0.86,0.86,0.14,2.04,0.05,0.95,0.54,25-Apr-2023 19:32:00,739001.813888889,11.3915,32.88735,25.0599,220.938,11.987,33.043109611533,0.0064878892733564,0.00821799307958478,0,0.502595155709343,0.0151384083044983,0.00302768166089965,0.0155709342560554
NaN,22,2313603120,36.7861666666667,-124.453666666667,15,1.79213798,0,0.605545157,0,9.443587586,0,1.456426773,0,0.0735,0,2.4795,0,0.155,0,1.544,0,2.406,0,2.177,0.033,0.551,0.054,0.01,0.039,0.026,0.122,0.021,1.067,0,0.006,2.066,0,0.111,0.033,0,0.469,0.082,0,0,0,0.065,0.324,0.009,0,2.761,0.229,1.116,3.877,1.345,1.929,4.106,1.181,0.89,0.83,0.17,2.05,0.06,0.94,0.53,25-Apr-2023 19:32:00,739001.813888889,11.4086,32.88675,25.0559,221.6775,163.32,33.0425407674569,0,0.0119430408819476,0.00459347726228755,0.490124023886082,0.0179145613229215,0.00275608635737253,0.0151584749655489
NaN,22,2313603120,36.7861666666667,-124.453666666667,7,1.700598583,0,0.992073327,0,9.878331741,0,1.459596237,0,0.086,0,2.2905,0,0.139,0,1.2525,0,2.2045,0,2.687,0.03,0.659,0.06,0,0.047,0.023,0.144,0.027,1.339,0,0.005,2.567,0,0.12,0.03,0,0.569,0.09,0,0.008,0,0.085,0.373,0.008,0,3.376,0.259,1.386,4.762,1.645,2.334,5.021,1.444,0.87,0.84,0.16,2.05,0.05,0.95,0.54,25-Apr-2023 19:32:00,739001.813888889,11.416325,32.8865,25.0541,222.1115,577.945,33.0422393060754,0,0.00855973204317082,0,0.498325269817641,0.0174916263490882,0.00186081131373279,0.0111648678823967
NaN,23,2313639900,36.8038333333333,-124.4885,80,0.015623677,0,0.022962911,0,0,0,0,0,0.051,0,41.579,0,2.965,0,73.215,0,41.528,0,0.013,0,0.004,0,0,0,0,0,0,0.008,0,0,0.013,0,0,0,0,0.004,0,0,0,0,0,0,0,0,0.017,0,0.008,0.025,0.008,0.012,0.025,0.008,0.92,1,0,2.13,0,1,0.52,26-Apr-2023 05:45:00,739002.239583333,9.8415,33.5275,25.82765,141.426,0.09751,33.6872709334982,0,0,0,0.615384615384615,0,0,0
NaN,23,2313639900,36.8038333333333,-124.4885,58,0.234402419,0,0.626420333,0,2.411488067,0,0.223632814,0,0.3405,0,14.6972048130388,0,0.9465,0,10.5675,0,14.3567048130388,0,0.505,0.065,0.107,0.025,0.012,0.025,0.014,0.015,0,0.195,0,0,0.492,0,0.013,0.065,0,0.065,0.042,0,0,0,0.143,0.184,0.018,0,0.677,0.054,0.232,0.909,0.286,0.458,0.963,0.311,0.91,0.81,0.19,2.37,0.06,0.94,0.52,26-Apr-2023 05:45:00,739002.239583333,10.769875,33.21945,25.4258,183.717,0.09751,33.377217596392,0,0.0277227722772277,0.0237623762376238,0.386138613861386,0.0495049504950495,0,0.128712871287129
NaN,23,2313639900,36.8038333333333,-124.4885,50,0.519844074,0,1.176728922,0,2.760156294,0,0.387502228,0,0.342,0,12.0825395884677,0,0.8275,0,10.586,0,11.7405395884677,0,1.075,0.027,0.218,0.036,0.011,0.023,0.017,0.032,0,0.506,0,0,1.05,0,0.025,0.027,0,0.158,0.06,0,0,0,0.298,0.254,0.009,0,1.32,0.085,0.54,1.86,0.625,0.87,1.945,0.584,0.81,0.86,0.14,2.11,0.04,0.96,0.55,26-Apr-2023 05:45:00,739002.239583333,10.44285,32.992825,25.30875,193.2345,0.09751,33.1493105728886,0,0.0158139534883721,0.0102325581395349,0.470697674418605,0.0213953488372093,0,0.0251162790697674
NaN,23,2313639900,36.8038333333333,-124.4885,41,1.849006608,0,0.787952564,0,10.07696165,0,1.588283099,0,0.139,0,2.92072251993855,0,0.296,0,1.747,0,2.78172251993855,0,2.216,0.039,0.547,0.057,0,0.057,0.024,0.095,0.011,1.085,0,0.006,2.091,0,0.125,0.039,0,0.455,0.092,0,0,0,0.097,0.265,0.008,0,2.802,0.193,1.142,3.944,1.335,1.921,4.137,1.211,0.87,0.86,0.14,2.1,0.05,0.95,0.54,26-Apr-2023 05:45:00,739002.239583333,11.51885,32.8864,25.0354,221.81,0.09751,33.0422893733128,0,0.0108303249097473,0,0.489620938628159,0.0257220216606498,0.00270758122743682,0.0175992779783393
NaN,23,2313639900,36.8038333333333,-124.4885,30,1.529470765,0,0.849887993,0,8.135488573,0,1.223462588,0,NaN,-9999,NaN,-9999,NaN,-9999,NaN,-9999,NaN,-9999,2.082,0.033,0.52,0.054,0,0.048,0.025,0.103,0.009,1.018,0,0,1.991,0,0.091,0.033,0,0.448,0.072,0,0,0,0.054,0.247,0.009,0,2.635,0.191,1.066,3.701,1.257,1.81,3.892,1.124,0.87,0.85,0.15,2.1,0.05,0.95,0.53,26-Apr-2023 05:45:00,739002.239583333,11.515025,32.884,25.0343,222.991,0.09751,33.0397230333543,0,0.0120076849183477,0,0.48895292987512,0.0230547550432277,0,0.015850144092219
NaN,23,2313639900,36.8038333333333,-124.4885,5,1.696530165,0,1.233571733,0,12.82738741,0,1.870913322,0,0.1455,0,2.78732672160618,0,0.245,0,1.394,0,2.64182672160618,0,2.1,0.034,0.549,0.056,0.011,0.05,0.026,0.114,0.008,1.063,0,0.007,1.939,0,0.161,0.034,0,0.468,0.081,0,0,0,0.057,0.3,0.009,0,2.683,0.211,1.124,3.807,1.335,1.918,4.018,1.191,0.91,0.84,0.16,2.01,0.05,0.95,0.52,26-Apr-2023 05:45:00,739002.239583333,11.5182,32.88565,25.035,223.044,0.45791,33.0413834347764,0,0.0123809523809524,0.00523809523809524,0.506190476190476,0.0238095238095238,0.00333333333333333,0.0161904761904762
NaN,24,2313670320,36.8318333333333,-124.5795,400,0.018909241,0,0.086691714,0,-9999,0,-9999,0,NaN,-9999,NaN,-9999,NaN,-9999,NaN,-9999,NaN,-9999,0.035,0,0.006,0,0,0,0,0,0,0.018,0,0,0.035,0,0,0,0,0.006,0,0,0,0,0,0.01,0,0,0.041,0,0.018,0.059,0.018,0.024,0.059,0.018,0.69,1,0,2.28,0,1,0.59,26-Apr-2023 14:12:00,739002.591666667,6.35565,34.1348,26.8218,27.188,0.09751,34.3048626003173,0,0,0,0.514285714285714,0,0,0
NaN,24,2313670320,36.8318333333333,-124.5795,80,0.242485261,0,0.44225356,0,0.949702408,0,0,0,NaN,-9999,NaN,-9999,NaN,-9999,NaN,-9999,NaN,-9999,0.221,0,0.044,0.009,0.006,0,0.005,0.009,0,0.098,0,0,0.215,0,0.006,0,0,0.033,0.011,0,0,0,0.095,0.134,0,0,0.265,0.023,0.104,0.369,0.127,0.171,0.392,0.109,0.77,0.82,0.18,2.09,0.06,0.94,0.56,26-Apr-2023 14:12:00,739002.591666667,9.815075,33.660325,25.9353,117.377,0.09751,33.8207164122953,0,0.0226244343891403,0.0271493212669683,0.443438914027149,0,0,0
NaN,24,2313670320,36.8318333333333,-124.5795,66,0.265951577,0,0.315038938,0,0.927478216,0,0.075305807,0,NaN,-9999,NaN,-9999,NaN,-9999,NaN,-9999,NaN,-9999,0.244,0.029,0.064,0.01,0.009,0.019,0.009,0.007,0,0.088,0,0,0.238,0,0.006,0.029,0,0.035,0.029,0,0,0,0.048,0.077,0.009,0,0.337,0.026,0.116,0.453,0.142,0.235,0.479,0.154,0.96,0.82,0.18,2.37,0.05,0.95,0.51,26-Apr-2023 14:12:00,739002.591666667,10.362475,33.312075,25.57055,165.3545,0.09751,33.4704817356524,0,0.0368852459016393,0.0368852459016393,0.360655737704918,0.0778688524590164,0,0.118852459016393
NaN,24,2313670320,36.8318333333333,-124.5795,35,1.793304143,0,0.716945804,0,10.2754205,0,1.362525846,0,NaN,-9999,NaN,-9999,NaN,-9999,NaN,-9999,NaN,-9999,2.467,0.024,0.573,0.063,0,0.022,0.013,0.068,0.01,1.157,0,0.005,2.362,0,0.105,0.024,0,0.506,0.067,0,0,0,0.123,0.38,0,0,3.064,0.159,1.179,4.243,1.338,1.935,4.402,1.221,0.78,0.88,0.12,2.29,0.04,0.96,0.56,26-Apr-2023 14:12:00,739002.591666667,11.61005,32.9898,25.0984,219.488,0.64907,33.1460946593745,0,0.00526955816781516,0,0.468990676935549,0.00891771382245642,0.00202675314146737,0.00972841507904337
NaN,24,2313670320,36.8318333333333,-124.5795,20,1.28628636,0,0.311621181,0,6.224518235,0,0.935110205,0,NaN,-9999,NaN,-9999,NaN,-9999,NaN,-9999,NaN,-9999,1.285,0.068,0.262,0.045,0.019,0.078,0.066,0.05,0,0.407,0,0.006,1.261,0,0.024,0.068,0,0.2,0.062,0,0.008,0.007,0.027,0.081,0.025,0,1.615,0.167,0.504,2.119,0.671,1.001,2.286,0.644,0.78,0.75,0.25,2.41,0.07,0.93,0.56,26-Apr-2023 14:12:00,739002.591666667,11.516625,32.858875,25.01465,216.618,4.15905,33.014579228912,0,0.0513618677042802,0.0147859922178988,0.316731517509728,0.0607003891050584,0.00466926070038911,0.0529182879377432
NaN,24,2313670320,36.8318333333333,-124.5795,5,1.017118116,0,0.313453911,0,3.402012495,0,0.681568005,0,NaN,-9999,NaN,-9999,NaN,-9999,NaN,-9999,NaN,-9999,1.536,0.063,0.344,0.064,0.026,0.091,0.049,0.075,0.007,0.576,0,0.006,1.498,0,0.038,0.063,0,0.262,0.082,0,0.01,0.009,0.04,0.13,0.022,0,1.943,0.201,0.693,2.636,0.894,1.301,2.837,0.811,0.85,0.78,0.22,2.17,0.07,0.93,0.54,26-Apr-2023 14:12:00,739002.591666667,11.46335,32.81675,24.9915,216.443,33.356,32.9721548021993,0,0.0319010416666667,0.0169270833333333,0.375,0.0592447916666667,0.00390625,0.041015625
NaN,25,2313651600,36.7488333333333,-124.743,400,0.02135749,0,0.028926165,0,0,0,0,0,NaN,-9999,NaN,-9999,NaN,-9999,NaN,-9999,NaN,-9999,0.018,0,0,0,0,0,0,0,0,0.009,0,0,0.018,0,0,0,0,0,0,0,0,0,0,0,0,0,0.018,0,0.009,0.027,0.009,0.009,0.027,0.009,0.5,1,0,2,0,1,0.67,26-Apr-2023 09:00:00,739002.375,6.180075,34.13605,26.8454,25.877,0.09751,34.306095957236,0,0,0,0.5,0,0,0
NaN,25,2313651600,36.7488333333333,-124.743,80,0.161226159,0,0.3984589,0,0,0,0,0,NaN,-9999,NaN,-9999,NaN,-9999,NaN,-9999,NaN,-9999,0.182,0,0.033,0.009,0,0,0.003,0.008,0,0.091,0,0,0.177,0,0.005,0,0,0.026,0.007,0,0,0,0.072,0.168,0,0,0.215,0.02,0.091,0.306,0.111,0.144,0.326,0.094,0.79,0.82,0.18,1.94,0.06,0.94,0.56,26-Apr-2023 09:00:00,739002.375,9.66555,33.704075,25.99395,107.354,0.09751,33.8646227612087,0,0.0164835164835165,0,0.5,0,0,0
NaN,25,2313651600,36.7488333333333,-124.743,55,0.271818155,0,0.366233928,0,0.841604014,0,0.074261982,0,NaN,-9999,NaN,-9999,NaN,-9999,NaN,-9999,NaN,-9999,0.272,0,0.05,0.011,0,0.006,0.009,0.009,0,0.116,0,0,0.272,0,0,0,0,0.035,0.015,0,0,0,0.058,0.124,0,0,0.322,0.029,0.122,0.444,0.151,0.201,0.473,0.131,0.74,0.81,0.19,2.13,0.06,0.94,0.58,26-Apr-2023 09:00:00,739002.375,10.2752,33.31055,25.5848,170.824,0.09751,33.4686408118329,0,0.0330882352941176,0,0.426470588235294,0.0220588235294118,0,0
NaN,25,2313651600,36.7488333333333,-124.743,40,0.518214469,0,0.524456008,0,1.637278921,0,0.270131774,0,NaN,-9999,NaN,-9999,NaN,-9999,NaN,-9999,NaN,-9999,0.533,0.016,0.113,0.018,0.01,0.016,0.014,0.017,0,0.231,0,0,0.524,0,0.009,0.016,0,0.079,0.034,0,0,0,0.11,0.17,0,0,0.662,0.049,0.257,0.919,0.306,0.435,0.968,0.287,0.82,0.84,0.16,2.16,0.05,0.95,0.55,26-Apr-2023 09:00:00,739002.375,11.08215,32.93365,25.1503,218.529,0.09751,33.0897328802983,0,0.0262664165103189,0.0187617260787992,0.433395872420263,0.0300187617260788,0,0.0300187617260788
NaN,25,2313651600,36.7488333333333,-124.743,34,1.278395033,0,1.413276731,0,9.719026456,0,1.182434799,0,NaN,-9999,NaN,-9999,NaN,-9999,NaN,-9999,NaN,-9999,2.285,0.024,0.533,0.054,0,0.042,0.016,0.069,0.008,1.154,0,0.007,2.216,0,0.069,0.024,0,0.412,0.121,0,0,0,0.15,0.313,0.005,0,2.842,0.154,1.196,4.038,1.35,1.907,4.192,1.243,0.83,0.89,0.11,2.11,0.04,0.96,0.55,26-Apr-2023 09:00:00,739002.375,11.32385,32.9187,25.0959,222.241,0.09751,33.0746272360405,0,0.00700218818380744,0,0.505032822757111,0.0183807439824945,0.00306345733041575,0.0105032822757112
NaN,25,2313651600,36.7488333333333,-124.743,5,1.349416979,0,1.26375496,0,7.264245572,0,1.064229672,0,NaN,-9999,NaN,-9999,NaN,-9999,NaN,-9999,NaN,-9999,1.665,0.015,0.468,0.048,0.01,0.049,0.029,0.094,0.006,0.965,0,0.007,1.552,0,0.113,0.015,0,0.392,0.076,0,0,0,0.065,0.366,0,0,2.148,0.184,1.024,3.172,1.208,1.691,3.356,1.075,1.02,0.85,0.15,1.78,0.05,0.95,0.5,26-Apr-2023 09:00:00,739002.375,11.53435,32.899625,25.0431,229.7365,0.5529,33.0554082852721,0,0.0174174174174174,0.00600600600600601,0.57957957957958,0.0294294294294294,0.0042042042042042,0.00900900900900901
NaN,26,2313767160,36.7625,-124.769333333333,80,0.161226159,0,0.43717925,0,0,0,0,0,NaN,-9999,NaN,-9999,NaN,-9999,NaN,-9999,NaN,-9999,0.26,0,0.055,0.015,0.008,0.01,0.007,0.008,0,0.121,0,0,0.254,0,0.006,0,0,0.04,0.015,0,0,0,0.075,0.139,0,0,0.315,0.03,0.139,0.454,0.169,0.224,0.484,0.146,0.86,0.82,0.18,1.86,0.06,0.94,0.54,27-Apr-2023 17:06:00,739003.7125,10.054275,33.5826,25.8345,125.898,0.23565,33.7425667330556,0,0.0269230769230769,0.0307692307692308,0.465384615384615,0.0384615384615385,0,0
NaN,26,2313767160,36.7625,-124.769333333333,60,0.299195524,0,0.442604866,0,1.365504125,0,0.110215992,0,NaN,-9999,NaN,-9999,NaN,-9999,NaN,-9999,NaN,-9999,0.31,0.016,0.067,0.013,0.008,0.009,0.007,0.011,0,0.136,0,0,0.304,0,0.006,0.016,0,0.048,0.019,0,0,0,0.092,0.132,0,0,0.393,0.031,0.153,0.546,0.184,0.267,0.577,0.176,0.86,0.83,0.17,2.14,0.05,0.95,0.54,27-Apr-2023 17:06:00,739003.7125,10.335475,33.32625,25.59,172.6375,1.047,33.4845367051288,0,0.0225806451612903,0.0258064516129032,0.438709677419355,0.0290322580645161,0,0.0516129032258065
NaN,26,2313767160,36.7625,-124.769333333333,55,0.293328945,0,0.491699906,0,1.248130443,0,0.075310735,0,NaN,-9999,NaN,-9999,NaN,-9999,NaN,-9999,NaN,-9999,0.309,0.018,0.077,0.008,0.006,0.014,0.01,0.01,0,0.135,0,0,0.309,0,0,0.018,0,0.052,0.025,0,0,0,0.075,0.11,0,0,0.404,0.028,0.155,0.559,0.183,0.278,0.587,0.183,0.9,0.85,0.15,2.21,0.05,0.95,0.53,27-Apr-2023 17:06:00,739003.7125,10.480075,33.267725,25.5165,174.4535,1.5787,33.425612034267,0,0.0323624595469256,0.0194174757281553,0.436893203883495,0.0453074433656958,0,0.058252427184466
NaN,26,2313767160,36.7625,-124.769333333333,50,0.342217102,0,0.5621223,0,1.352264565,0,0.145614843,0,NaN,-9999,NaN,-9999,NaN,-9999,NaN,-9999,NaN,-9999,0.399,0.016,0.089,0.013,0,0.017,0.01,0.013,0,0.183,0,0,0.391,0,0.008,0.016,0,0.058,0.031,0,0,0,0.117,0.134,0,0,0.504,0.036,0.2,0.704,0.236,0.341,0.74,0.226,0.85,0.85,0.15,2.14,0.05,0.95,0.54,27-Apr-2023 17:06:00,739003.7125,10.39765,33.21575,25.49015,178.2475,2.37675,33.3732688536233,0,0.025062656641604,0,0.458646616541353,0.0426065162907268,0,0.0401002506265664
NaN,26,2313767160,36.7625,-124.769333333333,35,1.144242468,0,1.268318809,0,5.706039452,0,1.190404054,0,NaN,-9999,NaN,-9999,NaN,-9999,NaN,-9999,NaN,-9999,1.868,0,0.434,0.05,0.01,0.036,0.009,0.053,0.004,1.009,0,0,1.771,0,0.097,0,0,0.335,0.099,0,0,0,0.348,0.376,0,0,2.302,0.116,1.055,3.357,1.171,1.605,3.473,1.064,0.86,0.9,0.1,1.97,0.03,0.97,0.54,27-Apr-2023 17:06:00,739003.7125,10.6517,33.02605,25.30045,199.314,10.027,33.1824998433579,0,0.00481798715203426,0.00535331905781585,0.540149892933619,0.019271948608137,0,0
NaN,26,2313767160,36.7625,-124.769333333333,5,1.142269636,0,0.931870175,0,8.019026236,0,0.959609042,0,NaN,-9999,NaN,-9999,NaN,-9999,NaN,-9999,NaN,-9999,1.531,0,0.451,0.045,0.01,0.045,0.017,0.159,0.03,0.914,0,0.005,1.296,0,0.235,0,0,0.378,0.073,0,0,0,0.04,0.27,0,0,1.982,0.256,0.969,2.951,1.225,1.676,3.207,0.991,1.09,0.79,0.21,1.62,0.08,0.92,0.48,27-Apr-2023 17:06:00,739003.7125,11.623175,32.88415,25.01435,225.2125,642.21,33.0398597250013,0,0.0111038536903984,0.00653167864141084,0.596995427824951,0.0293925538863488,0.00326583932070542,0
NaN,28,2314070040,36.8461666666667,-125.305,100,0.316480979,0,0.301284605,0,0.375376435,0,0.057646237,0,NaN,-9999,NaN,-9999,NaN,-9999,NaN,-9999,NaN,-9999,0.437,0.05,0.091,0.019,0.013,0.02,0.01,0.015,0,0.178,0,0,0.437,0,0,0.05,0,0.058,0.033,0,0,0,0.028,0.044,0.013,0,0.578,0.044,0.211,0.789,0.255,0.396,0.833,0.271,0.91,0.83,0.17,2.27,0.05,0.95,0.52,01-May-2023 05:14:00,739007.218055556,9.583925,33.352875,25.73215,160.5635,0.09751,33.511992599283,0,0.022883295194508,0.0297482837528604,0.407322654462243,0.045766590389016,0,0.11441647597254
NaN,28,2314070040,36.8461666666667,-125.305,53,0.811543414,0,0.33487537,0,-9999,0,-9999,0,NaN,-9999,NaN,-9999,NaN,-9999,NaN,-9999,NaN,-9999,1.046,0.05,0.235,0.033,0.017,0.067,0.043,0.024,0,0.371,0,0,1.023,0,0.023,0.05,0,0.16,0.075,0,0,0,0.02,0.155,0,0,1.331,0.1,0.455,1.786,0.555,0.84,1.886,0.548,0.8,0.82,0.18,2.4,0.05,0.95,0.55,01-May-2023 05:14:00,739007.218055556,11.0168,32.56435,24.8748,210.711,0.09751,32.7188181773808,0,0.0411089866156788,0.0162523900573614,0.354684512428298,0.0640535372848948,0,0.0478011472275335
NaN,28,2314070040,36.8461666666667,-125.305,46,1.736507353,0,0.874491687,0,7.958346839,0,1.024104194,0,NaN,-9999,NaN,-9999,NaN,-9999,NaN,-9999,NaN,-9999,2.004,0.046,0.462,0.05,0.021,0.07,0.055,0.046,0,0.798,0,0.006,1.919,0,0.085,0.046,0,0.332,0.13,0,0,0,0.041,0.379,0.008,0,2.512,0.157,0.889,3.401,1.046,1.554,3.558,0.996,0.78,0.85,0.15,2.4,0.04,0.96,0.56,01-May-2023 05:14:00,739007.218055556,11.181025,32.5257,24.81595,214.082,0.09751,32.6798838711941,0,0.0274451097804391,0.0104790419161677,0.398203592814371,0.0349301397205589,0.0029940119760479,0.0229540918163673
NaN,28,2314070040,36.8461666666667,-125.305,35,0.917141834,0,0.632166206,0,-9999,0,-9999,0,NaN,-9999,NaN,-9999,NaN,-9999,NaN,-9999,NaN,-9999,1.681,0.092,0.439,0.048,0.032,0.114,0.046,0.1,0.009,0.685,0.022,0.007,1.572,0,0.109,0.092,0,0.317,0.122,0,0.008,0,0.024,0.261,0.01,0,2.212,0.21,0.853,3.065,1.063,1.594,3.275,0.998,0.95,0.8,0.2,2.08,0.06,0.94,0.51,01-May-2023 05:14:00,739007.218055556,11.8718,32.5154,24.68235,222.128,0.09751,32.6694108867878,0.0130874479476502,0.0273646638905413,0.0190362879238548,0.407495538370018,0.0678167757287329,0.00416418798334325,0.0547293277810827
NaN,28,2314070040,36.8461666666667,-125.305,6,1.073220521,0,0.760186494,0,13.42262072,0,1.87090395,0,NaN,-9999,NaN,-9999,NaN,-9999,NaN,-9999,NaN,-9999,1.223,0.066,0.318,0.041,0.028,0.118,0.043,0.075,0.007,0.428,0.014,0.007,1.184,0,0.039,0.066,0,0.227,0.091,0,0.007,0,0.017,0.189,0.012,0,1.607,0.173,0.588,2.195,0.761,1.145,2.368,0.704,0.94,0.77,0.23,2.11,0.07,0.93,0.52,01-May-2023 05:14:00,739007.218055556,11.87635,32.5157,24.6818,221.421,0.34753,32.6696451242832,0.0114472608340147,0.0351594439901881,0.0228945216680294,0.349959116925593,0.0964840556009812,0.00572363041700736,0.053965658217498
NaN,29,2314074720,36.8465,-125.389166666667,100,0.104896526,0,0.354995631,0,-9999,0,-9999,0,NaN,-9999,NaN,-9999,NaN,-9999,NaN,-9999,NaN,-9999,0.132,0,0.031,0.01,0,0,0.005,0.004,0,0.061,0,0,0.132,0,0,0,0,0.022,0.009,0,0,0,0.043,0.049,0,0,0.163,0.019,0.061,0.224,0.08,0.111,0.243,0.066,0.84,0.76,0.24,2.04,0.08,0.92,0.54,01-May-2023 06:32:00,739007.272222222,9.974675,33.6267,25.88255,121.393,0.09751,33.7871054935311,0,0.0378787878787879,0,0.462121212121212,0,0,0
NaN,29,2314074720,36.8465,-125.389166666667,80,0.322661839,0,0.310202829,0,1.399587895,0,0.235963032,0,NaN,-9999,NaN,-9999,NaN,-9999,NaN,-9999,NaN,-9999,0.58,0.043,0.121,0.023,0.015,0.024,0.03,0.016,0,0.208,0.016,0,0.57,0,0.01,0.043,0,0.078,0.043,0,0,0,0.025,0.091,0.008,0,0.744,0.069,0.263,1.007,0.332,0.496,1.076,0.336,0.86,0.79,0.21,2.24,0.06,0.94,0.54,01-May-2023 06:32:00,739007.272222222,10.0873,33.17525,25.518,171.316,0.09751,33.3331680608546,0.0275862068965517,0.0517241379310345,0.0258620689655172,0.358620689655172,0.0413793103448276,0,0.0741379310344828
NaN,29,2314074720,36.8465,-125.389166666667,63,0.874120255,0,0.318985266,0,-9999,0,-9999,0,NaN,-9999,NaN,-9999,NaN,-9999,NaN,-9999,NaN,-9999,1.009,0.079,0.228,0.036,0.022,0.089,0.043,0.024,0,0.327,0,0.008,0.998,0,0.011,0.079,0,0.142,0.086,0,0,0,0.028,0.101,0.014,0,1.316,0.111,0.438,1.754,0.549,0.856,1.865,0.568,0.85,0.8,0.2,2.4,0.06,0.94,0.54,01-May-2023 06:32:00,739007.272222222,10.43535,32.72875,25.1036,207.677,0.09751,32.8842022747615,0,0.0426164519326065,0.0218037661050545,0.32408325074331,0.0882061446977205,0.00792864222001982,0.0782953419226957
NaN,29,2314074720,36.8465,-125.389166666667,54,0.799810256,0,1.112616855,0,-9999,0,-9999,0,NaN,-9999,NaN,-9999,NaN,-9999,NaN,-9999,NaN,-9999,1.407,0.094,0.329,0.048,0.029,0.101,0.055,0.037,0,0.511,0,0.01,1.383,0,0.024,0.094,0,0.209,0.12,0,0.006,0,0.037,0.138,0.017,0,1.83,0.15,0.641,2.471,0.791,1.214,2.621,0.8,0.86,0.81,0.19,2.31,0.06,0.94,0.54,01-May-2023 06:32:00,739007.272222222,10.5776,32.5785,24.9599,211.927,0.09751,32.7330494596534,0,0.03909026297086,0.0206112295664534,0.36318407960199,0.0717839374555792,0.00710732054015636,0.0668088130774698
NaN,29,2314074720,36.8465,-125.389166666667,34,1.122541317,0,0.46489958,0,15.32249089,0,1.813729589,0,NaN,-9999,NaN,-9999,NaN,-9999,NaN,-9999,NaN,-9999,1.363,0.08,0.345,0.047,0.031,0.121,0.041,0.095,0.009,0.507,0.009,0.015,1.31,0,0.053,0.08,0,0.247,0.098,0,0.011,0.007,0.024,0.132,0.018,0,1.788,0.207,0.668,2.456,0.875,1.3,2.663,0.804,0.95,0.76,0.24,2.04,0.08,0.92,0.51,01-May-2023 06:32:00,739007.272222222,11.2005,32.49025,24.7859,227.38,0.09751,32.6441236980754,0.0066030814380044,0.0300807043286867,0.0227439471753485,0.371973587674248,0.0887747615553925,0.0110051357300073,0.0586940572267058
NaN,29,2314074720,36.8465,-125.389166666667,5,1.049546539,0,0.443694569,0,-9999,0,-9999,0,NaN,-9999,NaN,-9999,NaN,-9999,NaN,-9999,NaN,-9999,1.442,0.085,0.412,0.05,0.034,0.127,0.05,0.113,0.005,0.574,0.014,0.012,1.403,0,0.039,0.085,0,0.304,0.108,0,0.01,0.008,0.016,0.166,0.023,0,1.939,0.23,0.749,2.688,0.979,1.476,2.918,0.896,1.02,0.77,0.23,1.98,0.08,0.92,0.49,01-May-2023 06:32:00,739007.272222222,11.80965,32.47725,24.6641,227.079,0.45791,32.6310088636814,0.00970873786407767,0.0346740638002774,0.0235783633841886,0.398058252427184,0.0880721220527046,0.00832177531206657,0.0589459084604716
NaN,30,2314078020,36.8466666666667,-125.410666666667,100,0.084793017,0,0.415755507,0,-9999,0,-9999,0,NaN,-9999,NaN,-9999,NaN,-9999,NaN,-9999,NaN,-9999,0.142,0,0.03,0,0,0,0,0.004,0,0.066,0,0,0.142,0,0,0,0,0.022,0.008,0,0,0,0.06,0.078,0,0,0.172,0.004,0.066,0.238,0.07,0.1,0.242,0.066,0.7,0.94,0.06,2.46,0.02,0.98,0.59,01-May-2023 07:27:00,739007.310416667,9.799,33.6821,25.9548,114.339,0.09751,33.8427650573545,0,0,0,0.464788732394366,0,0,0
NaN,30,2314078020,36.8466666666667,-125.410666666667,75,0.182646156,0,0.254134213,0,0.73329914,0,0.087579035,0,NaN,-9999,NaN,-9999,NaN,-9999,NaN,-9999,NaN,-9999,0.307,0.035,0.072,0.016,0.01,0.01,0.011,0.009,0,0.107,0,0,0.307,0,0,0.035,0,0.048,0.024,0,0,0,0.024,0.05,0.008,0,0.414,0.036,0.127,0.541,0.163,0.27,0.577,0.173,0.88,0.78,0.22,2.54,0.06,0.94,0.53,01-May-2023 07:27:00,739007.310416667,10.173925,33.1076,25.44685,176.961,0.09751,33.2651038491125,0,0.0358306188925081,0.0325732899022801,0.348534201954397,0.0325732899022801,0,0.11400651465798
NaN,30,2314078020,36.8466666666667,-125.410666666667,50,0.885853413,0,0.466332845,0,-9999,0,-9999,0,NaN,-9999,NaN,-9999,NaN,-9999,NaN,-9999,NaN,-9999,1.029,0.082,0.258,0.04,0.033,0.122,0.064,0.027,0,0.287,0,0.007,1.013,0,0.016,0.082,0,0.155,0.103,0,0.008,0,0.02,0.097,0.015,0,1.369,0.138,0.442,1.811,0.58,0.92,1.949,0.595,0.89,0.76,0.24,2.36,0.07,0.93,0.53,01-May-2023 07:27:00,739007.310416667,10.9026,32.59055,24.9146,207.619,0.09751,32.7450710981805,0,0.0621963070942663,0.0320699708454811,0.27891156462585,0.118561710398445,0.00680272108843537,0.0796890184645287
NaN,30,2314078020,36.8466666666667,-125.410666666667,33,1.071628411,0,0.657510026,0,12.22407903,0,1.253300183,0,NaN,-9999,NaN,-9999,NaN,-9999,NaN,-9999,NaN,-9999,1.485,0.071,0.397,0.047,0.031,0.123,0.047,0.104,0.005,0.578,0,0.012,1.426,0,0.059,0.071,0,0.287,0.11,0,0,0,0.023,0.2,0.019,0,1.953,0.215,0.732,2.685,0.947,1.415,2.9,0.862,0.95,0.77,0.23,2.06,0.07,0.93,0.51,01-May-2023 07:27:00,739007.310416667,11.0533,32.4855,24.8107,219.522,0.09751,32.6393364021539,0,0.0316498316498317,0.0208754208754209,0.389225589225589,0.0828282828282828,0.00808080808080808,0.0478114478114478
NaN,30,2314078020,36.8466666666667,-125.410666666667,8,0.958796275,0,0.68272228,0,13.0209374,0,1.378598154,0,NaN,-9999,NaN,-9999,NaN,-9999,NaN,-9999,NaN,-9999,1.295,0.076,0.346,0.042,0.031,0.115,0.044,0.096,0.007,0.501,0,0.011,1.242,0,0.053,0.076,0,0.252,0.094,0,0.008,0.006,0.018,0.172,0.021,0,1.717,0.2,0.647,2.364,0.847,1.269,2.564,0.778,0.98,0.76,0.24,2.03,0.08,0.92,0.51,01-May-2023 07:27:00,739007.310416667,11.7776,32.47625,24.6693,226.441,0.11485,32.6300033553235,0,0.033976833976834,0.0239382239382239,0.386872586872587,0.0888030888030888,0.00849420849420849,0.0586872586872587
NaN,31,2314081200,36.8468333333333,-125.448166666667,83,0.179140177,0,0.38582493,0,-9999,0,-9999,0,NaN,-9999,NaN,-9999,NaN,-9999,NaN,-9999,NaN,-9999,0.168,0.011,0.043,0.01,0.01,0.013,0.005,0.005,0,0.07,0,0,0.168,0,0,0.011,0,0.024,0.019,0,0,0,0.06,0.07,0,0,0.222,0.02,0.093,0.315,0.113,0.167,0.335,0.109,0.99,0.82,0.18,1.96,0.06,0.94,0.5,01-May-2023 08:20:00,739007.347222222,10.2683,33.451575,25.6964,148.374,0.09751,33.6108467198085,0,0.0297619047619048,0.0595238095238095,0.416666666666667,0.0773809523809524,0,0.0654761904761905
NaN,31,2314081200,36.8468333333333,-125.448166666667,68,0.398927365,0,0.455267023,0,1.931834437,0,0.250390539,0,NaN,-9999,NaN,-9999,NaN,-9999,NaN,-9999,NaN,-9999,0.468,0.069,0.103,0.019,0.011,0.022,0.016,0.012,0,0.155,0.01,0.004,0.457,0,0.011,0.069,0,0.067,0.036,0,0.007,0,0.022,0.072,0.015,0,0.64,0.051,0.198,0.838,0.249,0.421,0.889,0.287,0.9,0.8,0.2,2.57,0.06,0.94,0.53,01-May-2023 08:20:00,739007.347222222,10.82485,33.102,25.3277,190.52,0.09751,33.2593225049769,0.0213675213675214,0.0341880341880342,0.0235042735042735,0.331196581196581,0.047008547008547,0.00854700854700855,0.147435897435897
NaN,31,2314081200,36.8468333333333,-125.448166666667,53,0.645323678,0,0.741445348,0,-9999,0,-9999,0,NaN,-9999,NaN,-9999,NaN,-9999,NaN,-9999,NaN,-9999,1.428,0.135,0.344,0.051,0.029,0.103,0.055,0.032,0,0.516,0,0.013,1.397,0,0.031,0.135,0,0.205,0.139,0,0.013,0.009,0.035,0.155,0.026,0,1.907,0.151,0.648,2.555,0.799,1.278,2.706,0.851,0.89,0.81,0.19,2.39,0.06,0.94,0.53,01-May-2023 08:20:00,739007.347222222,10.621,32.65475,25.0176,209.927,0.09751,32.8096353088076,0,0.038515406162465,0.0203081232492997,0.361344537815126,0.0721288515406162,0.00910364145658263,0.0945378151260504
NaN,31,2314081200,36.8468333333333,-125.448166666667,40,0.844787361,0,0.363880407,0,9.289218099,0,1.21509943,0,NaN,-9999,NaN,-9999,NaN,-9999,NaN,-9999,NaN,-9999,0.742,0.076,0.189,0.026,0.022,0.09,0.038,0.021,0,0.237,0,0.008,0.73,0,0.012,0.076,0,0.118,0.071,0,0.007,0,0.011,0.037,0.019,0,1.007,0.093,0.349,1.356,0.442,0.707,1.449,0.471,0.95,0.79,0.21,2.28,0.06,0.94,0.51,01-May-2023 08:20:00,739007.347222222,11.00095,32.486725,24.81765,223.93,0.09751,32.6406611590992,0,0.0512129380053908,0.0296495956873315,0.319407008086253,0.121293800539084,0.0107816711590297,0.102425876010782
NaN,31,2314081200,36.8468333333333,-125.448166666667,5,1.217237246,0,0.438236833,0,14.65151366,0,1.80885566,0,NaN,-9999,NaN,-9999,NaN,-9999,NaN,-9999,NaN,-9999,1.508,0.08,0.397,0.05,0.034,0.131,0.041,0.109,0.01,0.597,0,0.018,1.442,0,0.066,0.08,0,0.292,0.105,0,0.009,0.007,0.016,0.175,0.02,0,1.985,0.228,0.762,2.747,0.99,1.467,2.975,0.901,0.97,0.77,0.23,2.01,0.08,0.92,0.51,01-May-2023 08:20:00,739007.347222222,11.82365,32.48725,24.6695,224.183,0.55135,32.6410533636759,0,0.0271883289124668,0.0225464190981432,0.395888594164456,0.0868700265251989,0.0119363395225464,0.0530503978779841
NaN,32,2314084140,36.847,-125.483333333333,80,0.161226159,0,0.377338709,0,-9999,0,-9999,0,NaN,-9999,NaN,-9999,NaN,-9999,NaN,-9999,NaN,-9999,0.186,0,0.047,0.007,0.005,0,0,0.007,0,0.087,0.009,0,0.186,0,0,0,0,0.035,0.012,0,0,0,0.084,0.119,0,0,0.233,0.014,0.101,0.334,0.115,0.162,0.348,0.101,0.87,0.88,0.12,2.03,0.04,0.96,0.53,01-May-2023 09:09:00,739007.38125,10.206925,33.4435,25.71165,143.9895,0.09751,33.6026756936478,0.0483870967741935,0,0.0268817204301075,0.467741935483871,0,0,0
NaN,32,2314084140,36.847,-125.483333333333,40,0.664878941,0,0.381249813,0,3.722726487,0,0.453193522,0,NaN,-9999,NaN,-9999,NaN,-9999,NaN,-9999,NaN,-9999,1.013,0.334,0.178,0.045,0.022,0.121,0.075,0.015,0,0.085,0,0.008,0.998,0,0.015,0.334,0,0.116,0.062,0,0.03,0.013,0.024,0,0.098,0,1.525,0.143,0.228,1.753,0.371,0.883,1.896,0.645,0.87,0.61,0.39,4.11,0.08,0.92,0.53,01-May-2023 09:09:00,739007.38125,12.3297,32.992875,24.96665,211.7875,0.09751,33.1492075467042,0,0.0740375123395854,0.0217176702862784,0.0839091806515301,0.119447186574531,0.00789733464955578,0.329713721618954
NaN,32,2314084140,36.847,-125.483333333333,34,0.619901837,0,0.405477257,0,-9999,0,-9999,0,NaN,-9999,NaN,-9999,NaN,-9999,NaN,-9999,NaN,-9999,1,0.366,0.144,0.041,0.014,0.06,0.068,0.012,0,0.081,0,0.016,0.983,0,0.017,0.366,0,0.102,0.042,0,0.04,0.021,0.019,0,0.115,0,1.51,0.137,0.155,1.665,0.292,0.802,1.802,0.605,0.8,0.53,0.47,5.17,0.08,0.92,0.55,01-May-2023 09:09:00,739007.38125,12.349225,32.9823,24.95475,210.783,0.09751,33.1384992111609,0,0.068,0.014,0.081,0.06,0.016,0.366
NaN,32,2314084140,36.847,-125.483333333333,26,0.985585254,0,0.491098971,0,8.827433532,0,0.943680095,0,NaN,-9999,NaN,-9999,NaN,-9999,NaN,-9999,NaN,-9999,1.389,0.091,0.392,0.046,0.03,0.134,0.042,0.1,0.008,0.566,0,0.015,1.339,0,0.05,0.091,0,0.276,0.116,0,0,0.006,0.021,0.173,0.025,0,1.872,0.211,0.73,2.602,0.941,1.424,2.813,0.878,1.03,0.78,0.22,1.99,0.08,0.92,0.49,01-May-2023 09:09:00,739007.38125,11.26835,32.61395,24.8691,223.7905,0.09751,32.7683881348432,0,0.0302375809935205,0.0215982721382289,0.407487401007919,0.0964722822174226,0.0107991360691145,0.0655147588192945
NaN,32,2314084140,36.847,-125.483333333333,5,0.798996895,0,0.582600018,0,10.79073855,0,1.089972965,0,NaN,-9999,NaN,-9999,NaN,-9999,NaN,-9999,NaN,-9999,1.214,0.064,0.337,0.039,0.03,0.114,0.036,0.106,0.009,0.493,0,0.014,1.158,0,0.056,0.064,0,0.248,0.089,0,0,0,0.018,0.169,0.015,0,1.615,0.204,0.637,2.252,0.841,1.242,2.456,0.751,1.02,0.76,0.24,1.92,0.08,0.92,0.49,01-May-2023 09:09:00,739007.38125,11.8743,32.484825,24.6582,225.727,0.40744,32.6386151860973,0,0.0296540362438221,0.0247116968698517,0.406095551894563,0.0939044481054366,0.0115321252059308,0.0527182866556837
NaN,33,2314086960,36.8466666666667,-125.521666666667,83,0.185111516,0,0.356973384,0,-9999,0,-9999,0,NaN,-9999,NaN,-9999,NaN,-9999,NaN,-9999,NaN,-9999,0.181,0,0.042,0.008,0.008,0.007,0.006,0.006,0,0.08,0.013,0,0.181,0,0,0,0,0.028,0.014,0,0,0,0.057,0.048,0,0,0.223,0.02,0.108,0.331,0.128,0.17,0.351,0.114,0.94,0.84,0.16,1.74,0.06,0.94,0.52,01-May-2023 09:56:00,739007.413888889,10.05685,33.3153,25.6256,155.106,0.09751,33.4739076401183,0.0718232044198895,0.0331491712707182,0.0441988950276243,0.441988950276243,0.0386740331491713,0,0
NaN,33,2314086960,36.8466666666667,-125.521666666667,34,0.588613416,0,0.33474651,0,3.56041407,0,0.529095052,0,NaN,-9999,NaN,-9999,NaN,-9999,NaN,-9999,NaN,-9999,0.845,0.14,0.198,0.034,0.016,0.076,0.071,0.026,0,0.236,0,0.018,0.823,0,0.022,0.14,0,0.129,0.069,0,0.014,0.011,0.034,0.042,0.045,0,1.183,0.149,0.328,1.511,0.477,0.815,1.66,0.557,0.96,0.69,0.31,2.48,0.09,0.91,0.51,01-May-2023 09:56:00,739007.413888889,11.4602,32.870225,25.0268,214.6505,0.09751,33.0258914345037,0,0.0840236686390533,0.0189349112426036,0.279289940828402,0.0899408284023669,0.021301775147929,0.165680473372781
NaN,33,2314086960,36.8466666666667,-125.521666666667,25,0.488881575,0,0.263293646,0,5.907478147,0,0.765419763,0,NaN,-9999,NaN,-9999,NaN,-9999,NaN,-9999,NaN,-9999,0.725,0.134,0.131,0.038,0.014,0.056,0.059,0.033,0,0.134,0,0.017,0.706,0,0.019,0.134,0,0.101,0.03,0,0.014,0.02,0.023,0.02,0.041,0,0.99,0.147,0.204,1.194,0.351,0.616,1.341,0.414,0.85,0.58,0.42,2.82,0.11,0.89,0.54,01-May-2023 09:56:00,739007.413888889,12.688225,32.992525,24.8989,210.0405,0.09751,33.1487634645083,0,0.0813793103448276,0.0193103448275862,0.184827586206897,0.0772413793103448,0.023448275862069,0.184827586206897
NaN,33,2314086960,36.8466666666667,-125.521666666667,18,0.819365519,0,0.382385695,0,-9999,0,-9999,0,NaN,-9999,NaN,-9999,NaN,-9999,NaN,-9999,NaN,-9999,1.049,0.062,0.266,0.043,0.023,0.091,0.044,0.094,0.008,0.408,0,0.021,1.004,0,0.045,0.062,0,0.203,0.063,0,0.008,0.005,0.013,0.107,0.019,0,1.377,0.21,0.522,1.899,0.732,1.06,2.109,0.649,1.01,0.71,0.29,1.88,0.1,0.9,0.5,01-May-2023 09:56:00,739007.413888889,12.0896,32.5117,24.6391,223.228,0.09751,32.6656903212387,0,0.0419447092469018,0.0219256434699714,0.388941849380362,0.0867492850333651,0.0200190657769304,0.0591039084842707
NaN,33,2314086960,36.8466666666667,-125.521666666667,5,0.86804601,0,0.370506778,0,11.28029111,0,1.089314634,0,NaN,-9999,NaN,-9999,NaN,-9999,NaN,-9999,NaN,-9999,1.164,0.065,0.302,0.047,0.026,0.092,0.043,0.104,0.009,0.472,0,0.02,1.127,0,0.037,0.065,0,0.232,0.07,0,0.009,0.005,0.012,0.123,0.016,0,1.531,0.223,0.59,2.121,0.813,1.18,2.344,0.718,1.01,0.73,0.27,1.88,0.1,0.9,0.5,01-May-2023 09:56:00,739007.413888889,12.083125,32.50875,24.6381,223.525,0.588205,32.6626515692918,0,0.0369415807560137,0.0223367697594502,0.405498281786942,0.0790378006872852,0.0171821305841924,0.0558419243986254
