"","X","ID","year","cast","niskin","UTCDatetime","localTime","day","lon","lat","depth","date","temp","sal","sal_prac","sigma_T","oxygen","PAR","chl","chl_fl","POC","chl_btl","phaeo","POC_btl","PON","PO4","SiO4","NO3","total_chlorophyll_a","total_chlorophyll_b","total_chlorophyll_c","a_b_carotene","butanoyloxyfucoxanthin19_","hexanoyloxyfucoxanthin19_","diadinoxanthin","alloxanthin","diatoxanthin","zeaxanthin","fucoxanthin","peridinin","divinyl_chlorophyll_a","monovinyl_chlorophyll_a","divinyl_chlorophyll_b","monovinyl_chlorophyll_b","chlorophyll_c3","chlorophyll_c2","chlorophyllide_a","lutein","neoxanthin","prasinoxanthin","pheophorbide_a","pheophytin_a","violaxanthin","gyroxanthin_diester","total_diagnostic_pigments","photoprotective_carotenoids","photosynthetic_carotenoids","photosynthetic_pigments","total_accessory_pigments","total_carotenoids","total_chlorophylls","total_pigments","PPC_Tcar_ratio","PPC_Tpg_ratio","PSC_Tcar_ratio","PSP_Tpg_ratio","Tacc_Tchla_ratio","Tchl_Tcar_ratio","Tchla_Tpg_ratio","Location"
"1",1,"20221014_smode1_C1N1_16S.exp.",2022,1,1,"14-Oct-2022 17:52:00",0.744444444426335,14,-124.5656,37.0259,100,"2022-10-14",9.91815,33.7735209589443,33.61295,NA,192.281,NA,NA,NA,4.31985175004306,0.02,0.07,2.56,0.28,1.5345,22.342,23.7415,0.028,0,0.008,0,0,0,0,0,0,0.007,0,0,0.028,0,0,0,0,0.004,0.004,0,0,0,0,0,0,0,0.036,0,0.007,0.043,0.007,0.015,0.043,0.007,0.54,1,0,5.14,0,1,0.65,"UNK"
"2",2,"20221014_smode1_C1N10_16S.exp.",2022,1,10,"14-Oct-2022 17:52:00",0.744444444426335,14,-124.5656,37.0259,5,"2022-10-14",14.7784,32.7240501606736,32.5698,NA,257.17,NA,NA,NA,7.83759462504915,0.6,0.12,6.37,1.11,0.1825,1.4425,0.1365,0.697,0.114,0.192,0.034,0.081,0.194,0.015,0.05,0,0.109,0.023,0.036,0.662,0.027,0.008,0.114,0,0.105,0.087,0.007,0.014,0.019,0,0.006,0.027,0,1.003,0.135,0.407,1.41,0.542,0.848,1.545,0.572,1.22,0.75,0.25,1.85,0.09,0.91,0.45,"UNK"
"3",3,"20221014_smode1_C1N2_16S.exp.",2022,1,2,"14-Oct-2022 17:52:00",0.744444444426335,14,-124.5656,37.0259,75,"2022-10-14",10.169,33.2332694205025,33.0757,NA,221.134,NA,NA,NA,4.54117955957418,NA,NA,NA,NA,NA,NA,NA,NA,NA,NA,NA,NA,NA,NA,NA,NA,NA,NA,NA,NA,NA,NA,NA,NA,NA,NA,NA,NA,NA,NA,NA,NA,NA,NA,NA,NA,NA,NA,NA,NA,NA,NA,NA,NA,NA,NA,NA,NA,"UNK"
"4",4,"20221014_smode1_C1N4_16S.exp.",2022,1,4,"14-Oct-2022 17:52:00",0.744444444426335,14,-124.5656,37.0259,51,"2022-10-14",12.0826,33.0754934249506,32.9193,NA,251.615,NA,NA,NA,5.06085600779491,NA,NA,NA,NA,NA,NA,NA,NA,NA,NA,NA,NA,NA,NA,NA,NA,NA,NA,NA,NA,NA,NA,NA,NA,NA,NA,NA,NA,NA,NA,NA,NA,NA,NA,NA,NA,NA,NA,NA,NA,NA,NA,NA,NA,NA,NA,NA,NA,"UNK"
"5",5,"20221014_smode1_C1N7_16S.exp.",2022,1,7,"14-Oct-2022 17:52:00",0.744444444426335,14,-124.5656,37.0259,28,"2022-10-14",12.9919,32.7117110863994,32.5575,NA,268.157,NA,NA,NA,6.50969970513974,0.51,0.2,7.86,0.81,0.3305,1.6995,1.5165,0.628,0.102,0.221,0.023,0.082,0.193,0.013,0.026,0,0.144,0,0.012,0.615,0.012,0,0.102,0,0.102,0.119,0,0.011,0.007,0,0,0.026,0,0.951,0.074,0.419,1.37,0.493,0.816,1.444,0.546,1.3,0.85,0.15,1.93,0.05,0.95,0.43,"UNK"
"6",6,"20221014_smode1_C1N8_16S.exp.",2022,1,8,"14-Oct-2022 17:52:00",0.744444444426335,14,-124.5656,37.0259,14,"2022-10-14",14.4976,32.6834029013328,32.5293,NA,259.998,NA,NA,NA,7.76700134393015,NA,NA,NA,NA,0.178,2.343,0.546,0,0,0,0,0,0,0,0,0,0,0,0,0,0,0,0,0,0,0,0,0,0,0,0,0,0,0,0,0,0,0,0,0,0,0,0,0,0,0,0,0,"UNK"
"7",7,"20221014_smode1_C2N1_16S.exp.",2022,2,1,"14-Oct-2022 20:54:00",0.870833333348855,14,-124.5534,37.1501,100,"2022-10-14",9.54095,33.9858582237293,33.82425,NA,132.678,NA,NA,NA,2.82457062327694,0.04,0.08,2.15,0.22,1.791,28.913,26.3315,0.026,0,0,0,0,0,0,0,0,0.009,0,0,0.026,0,0,0,0,0,0,0,0,0,0.016,0,0,0,0.026,0,0.009,0.035,0.009,0.009,0.035,0.009,0.35,1,0,2.89,0,1,0.74,"UNK"
"8",8,"20221014_smode1_C2N10_16S.exp.",2022,2,10,"14-Oct-2022 20:54:00",0.870833333348855,14,-124.5534,37.1501,5,"2022-10-14",14.31185,32.7611850431202,32.60675,NA,261.075,NA,NA,NA,5.36972827330986,0.48,0.39,5.55,0.97,0.1975,2.907,0.759,0.825,0.179,0.181,0.036,0.057,0.185,0.024,0.042,0,0.126,0.016,0.019,0.814,0,0.011,0.179,0,0.103,0.078,0,0.022,0.033,0,0.015,0.057,0,1.185,0.121,0.384,1.569,0.505,0.865,1.69,0.606,1.05,0.76,0.24,2.35,0.07,0.93,0.49,"UNK"
"9",9,"20221014_smode1_C2N3_16S.exp.",2022,2,3,"14-Oct-2022 20:54:00",0.870833333348855,14,-124.5534,37.1501,51,"2022-10-14",9.9233,33.3427697293445,33.1853,NA,208.717,NA,NA,NA,2.9052481153449,NA,NA,NA,NA,NA,NA,NA,NA,NA,NA,NA,NA,NA,NA,NA,NA,NA,NA,NA,NA,NA,NA,NA,NA,NA,NA,NA,NA,NA,NA,NA,NA,NA,NA,NA,NA,NA,NA,NA,NA,NA,NA,NA,NA,NA,NA,NA,NA,"UNK"
"10",10,"20221014_smode1_C2N5_16S.exp.",2022,2,5,"14-Oct-2022 20:54:00",0.870833333348855,14,-124.5534,37.1501,38,"2022-10-14",11.1877,33.0279190730787,32.8721,NA,237.443,NA,NA,NA,3.94627592399933,0.3,0.19,4.82,0.59,0.875,11.391,12.5765,0.419,0.086,0.147,0.018,0.047,0.098,0.01,0.015,0,0.139,0,0.008,0.406,0.013,0,0.069,0.017,0.064,0.083,0,0,0,0.01,0.036,0.021,0,0.652,0.051,0.284,0.936,0.335,0.568,0.987,0.388,1.36,0.85,0.15,1.95,0.05,0.95,0.42,"UNK"
"11",11,"20221014_smode1_C2N7_16S.exp.",2022,2,7,"14-Oct-2022 20:54:00",0.870833333348855,14,-124.5534,37.1501,22,"2022-10-14",12.5681,32.9507628189162,32.79535,NA,254.889,NA,NA,NA,5.42401601524542,0.51,0.21,4.66,0.71,0.632,8.0555,8.381,0.634,0.121,0.202,0.029,0.058,0.123,0.02,0.02,0,0.18,0.013,0.01,0.617,0.012,0.005,0.105,0.016,0.102,0.1,0,0.012,0.007,0,0.035,0.028,0,0.957,0.079,0.374,1.331,0.453,0.776,1.41,0.525,1.22,0.83,0.17,2.11,0.06,0.94,0.45,"UNK"
"12",12,"20221014_smode1_C2N9_16S.exp.",2022,2,9,"14-Oct-2022 20:54:00",0.870833333348855,14,-124.5534,37.1501,15,"2022-10-14",13.1047,32.7331585931544,32.5788,NA,266.3485,NA,NA,NA,6.11940336925417,0.83,0.31,NA,NA,0.333,4.3535,2.9315,0.979,0.149,0.281,0.043,0.091,0.215,0.039,0.038,0,0.222,0.029,0.016,0.971,0,0.008,0.149,0,0.149,0.132,0,0.02,0.013,0.014,0.035,0.049,0,1.409,0.136,0.557,1.966,0.693,1.123,2.102,0.761,1.15,0.8,0.2,2.03,0.06,0.94,0.47,"UNK"
"13",13,"20221015_smode1_C3N1_16S.exp.",2022,3,1,"16-Oct-2022 03:22:00",0.140277777798474,16,-124.4296,37.1086,100,"2022-10-16",9.5797,33.9965761693946,33.8349,NA,116.138,NA,NA,NA,3.4183773033747,0.03,0.09,1.53,0.15,1.926,31.007,27.5275,0.025,0,0.004,0,0,0.004,0,0,0,0.011,0,0,0.025,0,0,0,0,0.004,0,0,0,0,0.011,0.018,0,0,0.029,0,0.015,0.044,0.015,0.019,0.044,0.015,0.76,1,0,1.93,0,1,0.57,"UNK"
"14",14,"20221015_smode1_C3N10_16S.exp.",2022,3,10,"16-Oct-2022 03:22:00",0.140277777798474,16,-124.4296,37.1086,5,"2022-10-16",14.5762,32.7574709150647,32.60305,NA,259.0655,NA,NA,NA,5.7520912112713,0.23,0.11,4.87,0.87,0.1315,2.679,0.327,0.329,0.125,0.047,0.013,0.02,0.062,0.004,0.008,0,0.029,0,0.008,0.323,0,0.006,0.125,0,0.028,0.019,0,0.017,0.023,0,0,0.039,0,0.501,0.033,0.111,0.612,0.144,0.316,0.645,0.248,0.96,0.77,0.23,3.48,0.05,0.95,0.51,"UNK"
"15",15,"20221015_smode1_C3N3_16S.exp.",2022,3,3,"16-Oct-2022 03:22:00",0.140277777798474,16,-124.4296,37.1086,NA,"2022-10-16",NA,NA,NA,NA,NA,NA,NA,NA,NA,NA,NA,NA,NA,NA,NA,NA,NA,NA,NA,NA,NA,NA,NA,NA,NA,NA,NA,NA,NA,NA,NA,NA,NA,NA,NA,NA,NA,NA,NA,NA,NA,NA,NA,NA,NA,NA,NA,NA,NA,NA,NA,NA,NA,NA,NA,NA,NA,"UNK"
"16",16,"20221015_smode1_C3N4_16S.exp.",2022,3,4,"16-Oct-2022 03:22:00",0.140277777798474,16,-124.4296,37.1086,NA,"2022-10-16",NA,NA,NA,NA,NA,NA,NA,NA,NA,NA,NA,NA,NA,NA,NA,NA,NA,NA,NA,NA,NA,NA,NA,NA,NA,NA,NA,NA,NA,NA,NA,NA,NA,NA,NA,NA,NA,NA,NA,NA,NA,NA,NA,NA,NA,NA,NA,NA,NA,NA,NA,NA,NA,NA,NA,NA,NA,"UNK"
"17",17,"20221015_smode1_C3N7_16S.exp.",2022,3,7,"16-Oct-2022 03:22:00",0.140277777798474,16,-124.4296,37.1086,NA,"2022-10-16",NA,NA,NA,NA,NA,NA,NA,NA,NA,NA,NA,NA,NA,NA,NA,NA,NA,NA,NA,NA,NA,NA,NA,NA,NA,NA,NA,NA,NA,NA,NA,NA,NA,NA,NA,NA,NA,NA,NA,NA,NA,NA,NA,NA,NA,NA,NA,NA,NA,NA,NA,NA,NA,NA,NA,NA,NA,"UNK"
"18",18,"20221015_smode1_C3N9_16S.exp.",2022,3,9,"16-Oct-2022 03:22:00",0.140277777798474,16,-124.4296,37.1086,NA,"2022-10-16",NA,NA,NA,NA,NA,NA,NA,NA,NA,NA,NA,NA,NA,NA,NA,NA,NA,NA,NA,NA,NA,NA,NA,NA,NA,NA,NA,NA,NA,NA,NA,NA,NA,NA,NA,NA,NA,NA,NA,NA,NA,NA,NA,NA,NA,NA,NA,NA,NA,NA,NA,NA,NA,NA,NA,NA,NA,"UNK"
"19",19,"20221019_smode1_C4N1_16S.exp.",2022,4,1,"19-Oct-2022 09:22:00",0.390277777798474,19,-124.4459,36.9997,100,"2022-10-19",9.7701,33.857992761557,33.697,NA,143.184,NA,NA,0,1.60191264389139,0.03,0.07,0.9,0.1,1.6725,25.952,24.667,0.025,0,0,0,0,0,0,0,0,0.012,0,0,0.025,0,0,0,0,0,0,0,0,0,0,0,0,0,0.025,0,0.012,0.037,0.012,0.012,0.037,0.012,0.48,1,0,2.08,0,1,0.68,"UNK"
"20",20,"20221019_smode1_C4N10_16S.exp.",2022,4,10,"19-Oct-2022 09:22:00",0.390277777798474,19,-124.4459,36.9997,5,"2022-10-19",14.6651,32.8161886861362,32.6615,NA,259.502,NA,NA,0.32155,5.5117107089158,0.38,0.17,7.57,1.28,0.214,3.039,0.542,0.601,0.127,0.134,0.032,0.044,0.17,0.013,0.037,0,0.076,0,0.023,0.595,0,0.006,0.127,0,0.069,0.065,0,0.018,0.032,0,0,0.043,0,0.862,0.105,0.29,1.152,0.395,0.656,1.257,0.453,1.09,0.73,0.27,2.18,0.08,0.92,0.48,"UNK"
"21",21,"20221019_smode1_C4N3_16S.exp.",2022,4,3,"19-Oct-2022 09:22:00",0.390277777798474,19,-124.4459,36.9997,50,"2022-10-19",10.70205,33.1435928801612,32.9871,NA,228.3205,NA,NA,0.1947,2.72642304082836,0.24,0.22,NA,NA,NA,NA,NA,0.343,0.083,0.121,0.018,0.042,0.08,0.005,0.011,0,0.104,0,0.007,0.331,0.012,0,0.07,0.013,0.05,0.071,0,0.008,0,0,0.021,0.018,0,0.547,0.041,0.226,0.773,0.267,0.471,0.814,0.321,1.37,0.85,0.15,2.05,0.05,0.95,0.42,"UNK"
"22",22,"20221019_smode1_C4N7_16S.exp.",2022,4,7,"19-Oct-2022 09:22:00",0.390277777798474,19,-124.4459,36.9997,37,"2022-10-19",11.68375,32.9524889522627,32.79705,NA,253.6875,NA,NA,0.4602,4.56679992988139,0.49,0.3,4.38,0.63,0.7525,8.8565,8.7775,0.755,0.139,0.244,0.033,0.073,0.168,0.027,0.026,0,0.186,0.027,0.013,0.734,0.015,0.006,0.125,0.014,0.114,0.13,0,0.013,0.007,0.012,0.027,0.034,0,1.138,0.099,0.454,1.592,0.553,0.936,1.691,0.633,1.24,0.82,0.18,2.06,0.06,0.94,0.45,"UNK"
"23",23,"20221019_smode1_C4N9_16S.exp.",2022,4,9,"19-Oct-2022 09:22:00",0.390277777798474,19,-124.4459,36.9997,23,"2022-10-19",13.64515,33.0110798729792,32.8554,NA,262.337,NA,NA,0.4602,5.56542079932322,NA,NA,NA,NA,NA,NA,NA,NA,NA,NA,NA,NA,NA,NA,NA,NA,NA,NA,NA,NA,NA,NA,NA,NA,NA,NA,NA,NA,NA,NA,NA,NA,NA,NA,NA,NA,NA,NA,NA,NA,NA,NA,NA,NA,NA,NA,NA,NA,"UNK"
"24",24,"20221019_smode1_C5N1_16S.exp.",2022,5,1,"19-Oct-2022 10:22:00",0.431944444426335,19,-124.4418,36.9525,100,"2022-10-19",9.528,33.8219121402523,33.6611,NA,159.47,NA,NA,0.0059,1.84045019536,0.02,0.09,2.59,0.32,1.6765,25.0265,25.463,0.019,0,0.088,0,0,0,0,0,0,0.009,0,0,0.019,0,0,0,0,0.088,0,0,0,0,0,0.009,0,0,0.107,0,0.009,0.116,0.009,0.097,0.116,0.009,5.11,1,0,11.89,0,1,0.16,"UNK"
"25",25,"20221019_smode1_C5N10_16S.exp.",2022,5,10,"19-Oct-2022 10:22:00",0.431944444426335,19,-124.4418,36.9525,5,"2022-10-19",14.9101,32.7929257783826,32.63835,NA,258.6085,NA,NA,0.3363,6.23206152552899,0.5,0.15,7.43,1.2,0.227,3.2755,0.8755,0.81,0.14,0.361,0.039,0.07,0.227,0.018,0.042,0,0.122,0,0.026,0.801,0,0.009,0.14,0,0.264,0.097,0,0.02,0.028,0,0,0.049,0,1.311,0.125,0.419,1.73,0.544,1.045,1.855,0.603,1.29,0.77,0.23,2.41,0.07,0.93,0.44,"UNK"
"26",26,"20221019_smode1_C5N3_16S.exp.",2022,5,3,"19-Oct-2022 10:22:00",0.431944444426335,19,-124.4418,36.9525,63,"2022-10-19",10.5672,33.237074762682,33.0798,NA,200.233,NA,NA,0.06195,2.34725225353484,0.1,0.1,NA,NA,1.185,15.259,18.303,0.13,0.043,0.044,0.007,0.016,0.03,0,0.004,0,0.041,0,0,0.123,0.006,0,0.028,0.015,0.016,0.028,0,0,0,0,0.008,0.006,0,0.217,0.011,0.087,0.304,0.098,0.185,0.315,0.13,1.42,0.89,0.11,2.21,0.03,0.97,0.41,"UNK"
"27",27,"20221019_smode1_C5N7_16S.exp.",2022,5,7,"19-Oct-2022 10:22:00",0.431944444426335,19,-124.4418,36.9525,46,"2022-10-19",11.04695,33.1516289362569,32.99515,NA,223.9455,NA,NA,0.1829,2.79747370378755,0.29,0.19,0,0,0.815,9.813,10.48,0.423,0.113,0.144,0.021,0.048,0.101,0.007,0.015,0,0.123,0.009,0.009,0.407,0.015,0,0.095,0.018,0.061,0.083,0,0.01,0,0,0.023,0.019,0,0.68,0.052,0.281,0.961,0.333,0.59,1.013,0.41,1.39,0.84,0.16,2.04,0.05,0.95,0.42,"UNK"
"28",28,"20221019_smode1_C5N9_16S.exp.",2022,5,9,"19-Oct-2022 10:22:00",0.431944444426335,19,-124.4418,36.9525,33,"2022-10-19",11.11445,33.0031605566548,32.84755,NA,238.5275,NA,NA,0.2596,3.5970145359474,NA,NA,NA,NA,NA,NA,NA,NA,NA,NA,NA,NA,NA,NA,NA,NA,NA,NA,NA,NA,NA,NA,NA,NA,NA,NA,NA,NA,NA,NA,NA,NA,NA,NA,NA,NA,NA,NA,NA,NA,NA,NA,NA,NA,NA,NA,NA,NA,"UNK"
"29",29,"20221019_smode1_C6N1_16S.exp.",2022,6,1,"19-Oct-2022 11:48:00",0.491666666697711,19,-124.4431,36.9286,100,"2022-10-19",9.61525,33.9028414627851,33.74165,NA,166.7075,NA,NA,0,1.45553404522211,0.03,0.05,0.82,0.1,1.60325,25.1365,24.579,0.019,0,0,0,0,0,0,0,0,0.008,0,0,0.019,0,0,0,0,0,0,0,0,0,0,0,0,0,0.019,0,0.008,0.027,0.008,0.008,0.027,0.008,0.42,1,0,2.38,0,1,0.7,"UNK"
"30",30,"20221019_smode1_C6N10_16S.exp.",2022,6,10,"19-Oct-2022 11:48:00",0.491666666697711,19,-124.4431,36.9286,5,"2022-10-19",15.13605,32.7819723487156,32.62745,NA,255.2275,NA,NA,0.2714,4.86382928413903,0.35,0.18,6.33,1.18,0.166,2.2765,0.1495,0.594,0.097,0.146,0.031,0.052,0.206,0.013,0.034,0,0.071,0,0.028,0.576,0.01,0.008,0.097,0,0.071,0.075,0.005,0.012,0.022,0,0,0.029,0,0.837,0.106,0.329,1.166,0.435,0.678,1.272,0.467,1.14,0.76,0.24,1.92,0.08,0.92,0.47,"UNK"
"31",31,"20221019_smode1_C6N3_16S.exp.",2022,6,3,"19-Oct-2022 11:48:00",0.491666666697711,19,-124.4431,36.9286,56,"2022-10-19",10.9883,33.2610962155111,33.1039,NA,213.3115,NA,NA,0.1239,1.91340302495741,0.17,0.11,NA,NA,0.99,13.2715,14.8745,0.19,0.061,0.069,0.012,0.025,0.047,0,0.006,0,0.062,0,0.004,0.181,0.009,0,0.045,0.016,0.027,0.042,0,0,0,0,0.01,0.009,0,0.32,0.022,0.134,0.454,0.156,0.286,0.476,0.199,1.51,0.86,0.14,2.05,0.05,0.95,0.4,"UNK"
"32",32,"20221019_smode1_C6N7_16S.exp.",2022,6,7,"19-Oct-2022 11:48:00",0.491666666697711,19,-124.4431,36.9286,32,"2022-10-19",11.87905,32.9000085005521,32.7449,NA,255.9705,NA,NA,0.3186,3.44470916898709,0.4,0.28,NA,NA,0.5305,5.663,6.1185,0.588,0.112,0.195,0.025,0.071,0.143,0.016,0.019,0,0.138,0.009,0.01,0.578,0.01,0,0.112,0,0.086,0.109,0,0.013,0.006,0,0,0.031,0,0.895,0.07,0.361,1.256,0.431,0.738,1.326,0.499,1.26,0.84,0.16,2.08,0.05,0.95,0.44,"UNK"
"33",33,"20221019_smode1_C6N9_16S.exp.",2022,6,9,"19-Oct-2022 11:48:00",0.491666666697711,19,-124.4431,36.9286,15,"2022-10-19",13.7525,32.7835829140232,32.629,NA,266.091,NA,NA,0.3894,4.91183961601059,0.6,0.23,7.25,1.03,0.2055,3.0295,1.0205,0.836,0.17,0.228,0.04,0.095,0.232,0.016,0.031,0,0.143,0,0.025,0.829,0,0.007,0.17,0,0.114,0.114,0,0.02,0.021,0,0.025,0.055,0,1.234,0.112,0.47,1.704,0.582,0.98,1.816,0.681,1.17,0.81,0.19,2.12,0.06,0.94,0.46,"UNK"
"34",34,"20221019_smode1_C7N1_16S.exp.",2022,7,1,"19-Oct-2022 12:38:00",0.526388888945803,19,-124.4414,36.8952,100,"2022-10-19",9.6207,33.6870586137807,33.5269,NA,183.704,NA,NA,0,1.54512841281852,0.03,0.04,4.02,0.52,1.323,20.4385,22.017,0.029,0,0.01,0,0.008,0.008,0,0,0,0.007,0,0,0.029,0,0,0,0,0.004,0.006,0,0,0,0,0,0,0,0.039,0,0.023,0.062,0.023,0.033,0.062,0.023,1.14,1,0,1.7,0,1,0.47,"UNK"
"35",35,"20221019_smode1_C7N10_16S.exp.",2022,7,10,"19-Oct-2022 12:38:00",0.526388888945803,19,-124.4414,36.8952,5,"2022-10-19",16.5556,32.605186601467,32.4515,NA,242.743,NA,NA,0.1121,4.91070752816455,0.23,0.04,1.15,0.16,0.1235,0.478,0.043,0.333,0.035,0.079,0.027,0.051,0.082,0.003,0.029,0.002,0.043,0,0.078,0.262,0.065,0.006,0.035,0,0.042,0.037,0.006,0,0.006,0,0,0,0,0.447,0.139,0.176,0.623,0.315,0.429,0.762,0.292,1.29,0.56,0.44,1.42,0.18,0.82,0.44,"UNK"
"36",36,"20221019_smode1_C7N3_16S.exp.",2022,7,3,"19-Oct-2022 12:38:00",0.526388888945803,19,-124.4414,36.8952,45,"2022-10-19",11.0701,32.7352963603815,32.5808,NA,256.336,NA,NA,0.2301,2.77843393849745,0.22,0.23,NA,NA,0.5815,4.9255,6.8485,0.365,0.106,0.13,0.023,0.052,0.1,0.009,0.011,0,0.083,0,0.014,0.335,0.03,0,0.073,0.033,0.059,0.071,0,0.009,0.005,0,0.019,0.014,0,0.601,0.057,0.235,0.836,0.292,0.528,0.893,0.364,1.45,0.8,0.2,2.06,0.06,0.94,0.41,"UNK"
"37",37,"20221019_smode1_C7N7_16S.exp.",2022,7,7,"19-Oct-2022 12:38:00",0.526388888945803,19,-124.4414,36.8952,32,"2022-10-19",12.59105,32.7518065473355,32.5974,NA,261.667,NA,NA,0.2832,3.72363205011292,0.45,0.14,2.49,0.49,0.4,3.309,3.169,0.589,0.142,0.172,0.027,0.065,0.145,0.017,0.018,0,0.105,0.013,0.013,0.566,0.018,0.005,0.13,0.012,0.083,0.089,0,0.015,0.008,0,0,0.028,0,0.903,0.075,0.328,1.231,0.403,0.717,1.306,0.5,1.22,0.81,0.19,2.24,0.06,0.94,0.45,"UNK"
"38",38,"20221019_smode1_C7N9_16S.exp.",2022,7,9,"19-Oct-2022 12:38:00",0.526388888945803,19,-124.4414,36.8952,23,"2022-10-19",13.88675,32.7972596419338,32.6426,NA,259.8375,NA,NA,0.4956,4.76924061566393,0.48,0.21,NA,NA,0.272,2.8685,1.6795,0.733,0.142,0.225,0.033,0.104,0.232,0.014,0.026,0,0.125,0.009,0.021,0.705,0.021,0.007,0.142,0,0.103,0.122,0.008,0.017,0.012,0,0.01,0.03,0,1.1,0.094,0.47,1.57,0.564,0.931,1.664,0.647,1.27,0.83,0.17,1.95,0.06,0.94,0.44,"UNK"
"39",39,"20221019_smode1_C8N1_16S.exp.",2022,8,1,"19-Oct-2022 13:27:00",0.560416666674428,19,-124.4438,36.8338,100,"2022-10-19",9.95995,33.4202758279094,33.2614,NA,208.184,NA,NA,0.0177,1.41676007274499,0.04,0.04,0.23,0.04,1.174,15.744,17.824,0.069,0.026,0.025,0.007,0.019,0.021,0,0.004,0,0.012,0,0.004,0.059,0.01,0,0.009,0.017,0.01,0.015,0,0,0,0,0,0,0,0.12,0.015,0.052,0.172,0.067,0.118,0.187,0.082,1.71,0.78,0.22,1.79,0.08,0.92,0.37,"UNK"
"40",40,"20221019_smode1_C8N10_16S.exp.",2022,8,10,"19-Oct-2022 13:27:00",0.560416666674428,19,-124.4438,36.8338,5,"2022-10-19",17.72165,32.6787284902398,32.5247,NA,235.516,NA,NA,0.0885,4.19126897856048,0.21,0.04,3.5,0.65,0.1765,1.342,0.0305,0.302,0.041,0.055,0.029,0.046,0.066,0,0.016,0,0.018,0,0.104,0.201,0.101,0,0.028,0.013,0.03,0.025,0.005,0,0.005,0,0,0,0,0.398,0.149,0.13,0.528,0.279,0.375,0.677,0.275,1.24,0.47,0.53,1.43,0.22,0.78,0.45,"UNK"
"41",41,"20221019_smode1_C8N3_16S.exp.",2022,8,3,"19-Oct-2022 13:27:00",0.560416666674428,19,-124.4438,36.8338,52,"2022-10-19",11.6693,32.7313794148446,32.5768,NA,257.666,NA,NA,0.2006,2.45213955736173,0.26,0.19,NA,NA,0.478,3.5295,4.3185,0.405,0.196,0.121,0.034,0.07,0.117,0.004,0.011,0,0.045,0,0.03,0.323,0.082,0,0.107,0.089,0.051,0.07,0,0.013,0.005,0,0,0.014,0,0.722,0.079,0.232,0.954,0.311,0.628,1.033,0.462,1.55,0.75,0.25,2.32,0.08,0.92,0.39,"UNK"
"42",42,"20221019_smode1_C8N7_16S.exp.",2022,8,7,"19-Oct-2022 13:27:00",0.560416666674428,19,-124.4438,36.8338,42,"2022-10-19",12.33455,32.7931315712596,32.6384,NA,264.7425,NA,NA,0.3953,3.11383877223908,0.41,0.25,2.59,0.51,0.304,2.257,1.2425,0.585,0.237,0.191,0.044,0.121,0.225,0,0.017,0,0.039,0.009,0.05,0.47,0.115,0,0.15,0.087,0.085,0.106,0.004,0.018,0.007,0,0,0.012,0,1.013,0.111,0.394,1.407,0.505,0.933,1.518,0.681,1.59,0.78,0.22,2.01,0.07,0.93,0.39,"UNK"
"43",43,"20221019_smode1_C8N9_16S.exp.",2022,8,9,"19-Oct-2022 13:27:00",0.560416666674428,19,-124.4438,36.8338,34,"2022-10-19",12.9911,32.7465056373288,32.5921,NA,271.554,NA,NA,0.5959,4.15154550173606,0.48,0.23,NA,NA,0.2545,2.3815,0.854,0.663,0.229,0.229,0.046,0.153,0.266,0,0.02,0,0.05,0.013,0.059,0.548,0.115,0,0.163,0.066,0.102,0.127,0.007,0.018,0.009,0.013,0,0.01,0,1.121,0.125,0.482,1.603,0.607,1.065,1.728,0.77,1.61,0.79,0.21,1.85,0.07,0.93,0.38,"UNK"
"44",44,"20221025_smode1_C10N1_16S.exp.",2022,10,1,"25-Oct-2022 08:34:00",0.356944444472902,25,-124.0722,36.8648,100,"2022-10-25",9.9897,33.406198093706,33.2473,NA,200.614,NA,NA,0.0236,0.855335518121546,0.04,0.05,0.51,0.06,1.268,17.7555,20.1555,0.052,0,0.024,0,0.018,0.021,0,0,0,0.011,0,0,0.052,0,0,0,0,0.009,0.015,0,0,0,0,0,0,0,0.076,0,0.05,0.126,0.05,0.074,0.126,0.05,1.42,1,0,1.52,0,1,0.41,"UNK"
"45",45,"20221025_smode1_C10N10_16S.exp.",2022,10,10,"25-Oct-2022 08:34:00",0.356944444472902,25,-124.0722,36.8648,5,"2022-10-25",14.379,32.8424205872604,32.6876,NA,260.724,NA,NA,0.4248,5.49022912312648,0.46,0.12,NA,NA,0.177,1.7505,0.1125,0.724,0.104,0.217,0.04,0.103,0.247,0.013,0.06,0,0.114,0,0.081,0.65,0.058,0.016,0.104,0,0.11,0.107,0.009,0.011,0.015,0.013,0.01,0.02,0,1.045,0.194,0.464,1.509,0.658,0.979,1.703,0.662,1.35,0.71,0.29,1.59,0.11,0.89,0.43,"UNK"
"46",46,"20221025_smode1_C10N3_16S.exp.",2022,10,3,"25-Oct-2022 08:34:00",0.356944444472902,25,-124.0722,36.8648,34,"2022-10-25",13.7158,32.7137227390506,32.55945,NA,261.807,NA,NA,0.5015,3.61152402164561,NA,NA,NA,NA,NA,NA,NA,NA,NA,NA,NA,NA,NA,NA,NA,NA,NA,NA,NA,NA,NA,NA,NA,NA,NA,NA,NA,NA,NA,NA,NA,NA,NA,NA,NA,NA,NA,NA,NA,NA,NA,NA,NA,NA,NA,NA,NA,NA,"UNK"
"47",47,"20221025_smode1_C10N7_16S.exp.",2022,10,7,"25-Oct-2022 08:34:00",0.356944444472902,25,-124.0722,36.8648,26,"2022-10-25",14.1759,32.8794324127302,32.7244,NA,260.514,NA,NA,0.4366,4.6759782762534,NA,NA,NA,NA,NA,NA,NA,NA,NA,NA,NA,NA,NA,NA,NA,NA,NA,NA,NA,NA,NA,NA,NA,NA,NA,NA,NA,NA,NA,NA,NA,NA,NA,NA,NA,NA,NA,NA,NA,NA,NA,NA,NA,NA,NA,NA,NA,NA,"UNK"
"48",48,"20221025_smode1_C10N9_16S.exp.",2022,10,9,"25-Oct-2022 08:34:00",0.356944444472902,25,-124.0722,36.8648,19,"2022-10-25",14.246,32.8774296121844,32.72235,NA,259.9545,NA,NA,0.4366,5.2933353845822,NA,NA,NA,NA,NA,NA,NA,NA,NA,NA,NA,NA,NA,NA,NA,NA,NA,NA,NA,NA,NA,NA,NA,NA,NA,NA,NA,NA,NA,NA,NA,NA,NA,NA,NA,NA,NA,NA,NA,NA,NA,NA,NA,NA,NA,NA,NA,NA,"UNK"
"49",49,"20221025_smode1_C11N1_16S.exp.",2022,11,1,"25-Oct-2022 09:17:00",0.386805555550382,25,-124.0544,36.8245,100,"2022-10-25",9.8904,33.4511049002105,33.292,NA,199.1075,NA,NA,0,0.378622836415641,0.04,0.05,0.49,0.06,1.164,16.3205,17.8265,0.073,0.029,0.026,0.007,0.019,0.025,0,0,0,0.01,0,0,0.063,0.01,0,0.011,0.018,0.011,0.015,0,0,0,0,0,0,0,0.128,0.007,0.054,0.182,0.061,0.116,0.189,0.083,1.59,0.89,0.11,2.1,0.04,0.96,0.39,"UNK"
"50",50,"20221025_smode1_C11N10_16S.exp.",2022,11,10,"25-Oct-2022 09:17:00",0.386805555550382,25,-124.0544,36.8245,5,"2022-10-25",15.23625,32.8586446606141,32.70375,NA,250.0155,NA,NA,0.3363,3.88626308871699,0.34,0.1,6.63,1.06,0.174,1.787,0.048,0.595,0.077,0.17,0.031,0.079,0.218,0.01,0.051,0,0.074,0,0.067,0.539,0.045,0.01,0.077,0,0.086,0.084,0.009,0.01,0.015,0,0,0.019,0,0.842,0.159,0.371,1.213,0.53,0.777,1.372,0.525,1.31,0.7,0.3,1.59,0.12,0.88,0.43,"UNK"
"51",51,"20221025_smode1_C11N2_16S.exp.",2022,11,2,"25-Oct-2022 09:17:00",0.386805555550382,25,-124.0544,36.8245,54,"2022-10-25",11.9836,32.9984243703637,32.8425,NA,249.8955,NA,NA,0.20355,1.45448958154798,0.29,0.23,NA,NA,0.468,5.2835,5.1295,0.533,0.261,0.167,0.046,0.067,0.134,0.007,0.014,0,0.102,0,0.038,0.427,0.106,0,0.131,0.13,0.073,0.094,0,0.017,0.006,0.011,0,0.02,0,0.961,0.105,0.303,1.264,0.408,0.836,1.369,0.609,1.57,0.74,0.26,2.36,0.08,0.92,0.39,"UNK"
"52",52,"20221025_smode1_C11N3_16S.exp.",2022,11,3,"25-Oct-2022 09:17:00",0.386805555550382,25,-124.0544,36.8245,38,"2022-10-25",13.8869,32.8656464012136,32.7106,NA,259.553,NA,NA,0.4012,2.97501876996678,0.44,0.27,NA,NA,0.268,2.505,1.2105,0.752,0.218,0.241,0.043,0.099,0.226,0.012,0.023,0,0.121,0,0.054,0.647,0.098,0.007,0.153,0.065,0.11,0.131,0,0.016,0.01,0.01,0.012,0.025,0,1.211,0.132,0.446,1.657,0.578,1.037,1.789,0.73,1.38,0.77,0.23,2.1,0.07,0.93,0.42,"UNK"
"53",53,"20221025_smode1_C11N7_16S.exp.",2022,11,7,"25-Oct-2022 09:17:00",0.386805555550382,25,-124.0544,36.8245,27,"2022-10-25",14.2004,32.9558801249522,32.8005,NA,259.118,NA,NA,0.531,4.14485633243077,0.65,0.2,6.8,1.16,0.217,3.031,0.9655,1.078,0.17,0.331,0.045,0.111,0.401,0.023,0.047,0,0.165,0.013,0.048,1.043,0.021,0.014,0.17,0,0.162,0.169,0,0.019,0.02,0.015,0.021,0.047,0,1.579,0.163,0.69,2.269,0.853,1.354,2.432,0.931,1.26,0.81,0.19,1.85,0.07,0.93,0.44,"UNK"
"54",54,"20221025_smode1_C12N1_16S.exp.",2022,12,1,"25-Oct-2022 10:00:00",0.416666666627862,25,-124.0414,36.7919,100,"2022-10-25",10.06995,33.344293074009,33.1857,NA,207.138,NA,NA,0.0118,0.556133001130249,0.03,0.05,0.56,0.06,1.106,15.025,17.4115,0.039,0,0.02,0,0.014,0.016,0,0,0,0,0,0,0.039,0,0,0,0,0.009,0.011,0,0,0,0,0,0,0,0.059,0,0.03,0.089,0.03,0.05,0.089,0.03,1.28,1,0,1.97,0,1,0.44,"UNK"
"55",55,"20221025_smode1_C12N10_16S.exp.",2022,12,10,"25-Oct-2022 10:00:00",0.416666666627862,25,-124.0414,36.7919,5,"2022-10-25",15.3928,32.8498009262374,32.69495,NA,250.158,NA,NA,0.295,4.17113655346524,0.33,0.09,4.74,0.76,0.1165,1.56,0.0055,0.56,0.065,0.163,0.034,0.079,0.191,0.01,0.057,0.005,0.074,0,0.078,0.496,0.054,0.011,0.065,0,0.084,0.079,0.006,0,0.014,0,0,0.013,0,0.788,0.184,0.344,1.132,0.528,0.756,1.316,0.497,1.35,0.65,0.35,1.49,0.14,0.86,0.43,"UNK"
"56",56,"20221025_smode1_C12N3_16S.exp.",2022,12,3,"25-Oct-2022 10:00:00",0.416666666627862,25,-124.0414,36.7919,49,"2022-10-25",11.70145,32.7958370490681,32.641,NA,256.709,NA,NA,0.2419,1.60784294149213,0.22,0.23,NA,NA,0.415,3.3715,4.2395,0,0,0,0,0,0,0,0,0,0,0,0,0,0,0,0,0,0,0,0,0,0,0,0,0,0,0,0,0,0,0,0,0,0,0,0,0,0,0,0,0,"UNK"
"57",57,"20221025_smode1_C12N7_16S.exp.",2022,12,7,"25-Oct-2022 10:00:00",0.416666666627862,25,-124.0414,36.7919,38,"2022-10-25",13.8438,32.9153782868624,32.7601,NA,258.399,NA,NA,0.4366,3.64340074629973,0.38,0.38,NA,NA,0.1925,2.698,1.066,0.764,0.186,0.419,0.05,0.094,0.241,0.018,0.026,0,0.126,0,0.048,0.687,0.068,0.008,0.145,0.041,0.299,0.12,0,0.018,0.011,0.011,0.022,0.03,0,1.369,0.142,0.461,1.83,0.603,1.208,1.972,0.713,1.58,0.76,0.24,2.27,0.07,0.93,0.39,"UNK"
"58",58,"20221025_smode1_C12N9_16S.exp.",2022,12,9,"25-Oct-2022 10:00:00",0.416666666627862,25,-124.0414,36.7919,28,"2022-10-25",14.24495,32.9094482177452,32.7543,NA,258.459,NA,NA,0.4956,4.49963440690001,0.61,0.33,4.58,0.75,0.157,3.033,0.901,1.085,0.159,0.348,0.045,0.116,0.429,0.021,0.049,0,0.162,0,0.049,1.048,0.022,0.014,0.159,0,0.167,0.181,0.007,0.02,0.02,0.014,0.012,0.047,0,1.592,0.164,0.707,2.299,0.871,1.378,2.463,0.936,1.27,0.81,0.19,1.83,0.07,0.93,0.44,"UNK"
"59",59,"20221025_smode1_C13N1_16S.exp.",2022,13,1,"25-Oct-2022 10:43:00",0.446527777821757,25,-124.0284,36.7556,100,"2022-10-25",9.9236,33.3326320965753,33.1741,NA,205.522,NA,NA,0.0531,26.5413337262095,0.05,0.05,0.49,0.04,0.4175,4.4355,4.816,0.062,0.033,0.028,0.007,0.02,0.024,0,0,0,0.009,0,0,0.05,0.012,0,0.009,0.024,0.018,0.01,0,0,0,0,0,0,0,0.123,0.007,0.053,0.176,0.06,0.121,0.183,0.086,1.95,0.88,0.12,2.05,0.04,0.96,0.34,"UNK"
"60",60,"20221025_smode1_C13N10_16S.exp.",2022,13,10,"25-Oct-2022 10:43:00",0.446527777821757,25,-124.0284,36.7556,5,"2022-10-25",16.3225,32.8227713366193,32.66805,NA,246.792,NA,NA,0.1062,64.262761143921,0.17,0.07,3.73,0.56,0.1035,1.001,0,0.278,0.046,0.054,0.027,0.041,0.064,0,0.024,0,0.021,0,0.114,0.192,0.086,0,0.035,0.011,0.027,0.027,0.006,0,0,0,0,0,0,0.378,0.165,0.126,0.504,0.291,0.391,0.669,0.286,1.41,0.43,0.57,1.3,0.25,0.75,0.42,"UNK"
"61",61,"20221025_smode1_C13N3_16S.exp.",2022,13,3,"25-Oct-2022 10:43:00",0.446527777821757,25,-124.0284,36.7556,50,"2022-10-25",11.7931,32.8086593269675,32.65375,NA,257.329,NA,NA,0.236,0,0.19,0.18,NA,NA,0.152,2.234,0.116,0.407,0.229,0.269,0.051,0.076,0.12,0,0,0,0.032,0,0.041,0.282,0.125,0,0.083,0.146,0.206,0.063,0,0.014,0,0,0,0.009,0,0.905,0.092,0.228,1.133,0.32,0.818,1.225,0.498,2.01,0.71,0.29,2.83,0.08,0.92,0.33,"UNK"
"62",62,"20221025_smode1_C13N7_16S.exp.",2022,13,7,"25-Oct-2022 10:43:00",0.446527777821757,25,-124.0284,36.7556,37,"2022-10-25",13.2199,32.7551025868315,32.6006,NA,268.944,NA,NA,0.1652,0,0.33,0.17,NA,NA,0.1105,1.9035,0,0.512,0.191,0.24,0.052,0.093,0.179,0,0.018,0,0.036,0.009,0.072,0.37,0.142,0,0.123,0.068,0.163,0.077,0,0.01,0.005,0,0,0.007,0,0.943,0.142,0.317,1.26,0.459,0.89,1.402,0.58,1.74,0.69,0.31,2.05,0.1,0.9,0.37,"UNK"
"63",63,"20221025_smode1_C13N9_16S.exp.",2022,13,9,"25-Oct-2022 10:43:00",0.446527777821757,25,-124.0284,36.7556,31,"2022-10-25",14.0326,32.7778721029483,32.62335,NA,265.6335,NA,NA,0.2655,30.5436673015763,0.26,0.16,4.08,0.66,NA,NA,NA,0.375,0.069,0.092,0.033,0.061,0.128,0.007,0.017,0,0.032,0.011,0.068,0.286,0.089,0,0.057,0.012,0.056,0.036,0,0,0,0,0,0,0,0.536,0.125,0.232,0.768,0.357,0.518,0.893,0.376,1.38,0.65,0.35,1.5,0.14,0.86,0.42,"UNK"
"64",64,"20221025_smode1_C14N1_16S.exp.",2022,14,1,"25-Oct-2022 11:26:00",0.476388888899237,25,-124.0164,36.7195,100,"2022-10-25",10.0353,33.2584739030242,33.1003,NA,213.4565,NA,NA,0,0.855399115491261,0.04,0.05,2.55,0.12,1.0385,13.567,16.003,0.072,0.059,0.027,0.012,0.026,0.028,0,0,0,0.01,0,0,0.054,0.018,0,0.013,0.046,0.009,0.018,0,0,0,0,0,0,0,0.158,0.012,0.064,0.222,0.076,0.162,0.234,0.123,2.25,0.84,0.16,2.08,0.05,0.95,0.31,"UNK"
"65",65,"20221025_smode1_C14N10_16S.exp.",2022,14,10,"25-Oct-2022 11:26:00",0.476388888899237,25,-124.0164,36.7195,5,"2022-10-25",17.06105,32.8231206589198,32.6684,NA,238.1945,NA,NA,0.0708,3.5892907277916,0.13,0.05,4.93,0.57,1.088,14.969,16.8315,0.221,0.02,0.031,0.023,0.031,0.044,0,0.015,0,0.02,0,0.098,0.143,0.078,0,0.02,0,0.018,0.013,0.005,0,0,0,0,0,0,0.272,0.136,0.095,0.367,0.231,0.282,0.503,0.213,1.28,0.41,0.59,1.18,0.27,0.73,0.44,"UNK"
"66",66,"20221025_smode1_C14N3_16S.exp.",2022,14,3,"25-Oct-2022 11:26:00",0.476388888899237,25,-124.0164,36.7195,50,"2022-10-25",12.4653,32.8320152391878,32.677,NA,265.065,NA,NA,0.4425,2.23699981952891,0.28,0.24,2.27,0.41,0.2385,2.446,0.876083333,0.421,0.224,0.124,0.045,0.081,0.154,0,0,0,0.035,0,0.045,0.305,0.116,0,0.1,0.124,0.054,0.07,0,0.012,0,0,0,0.009,0,0.769,0.09,0.27,1.039,0.36,0.708,1.129,0.539,1.68,0.75,0.25,2.14,0.08,0.92,0.37,"UNK"
"67",67,"20221025_smode1_C14N7_16S.exp.",2022,14,7,"25-Oct-2022 11:26:00",0.476388888899237,25,-124.0164,36.7195,42,"2022-10-25",13.0321,32.8043964828499,32.6496,NA,268.4245,NA,NA,0.2124,2.45622787673928,0.27,0.27,NA,NA,0.144,1.787,0.00025,0.508,0.236,0.141,0.049,0.091,0.187,0,0.014,0,0.029,0,0.061,0.369,0.138,0,0.137,0.099,0.068,0.073,0,0.019,0.007,0,0,0.009,0,0.885,0.124,0.307,1.192,0.431,0.808,1.316,0.604,1.59,0.71,0.29,2.05,0.09,0.91,0.39,"UNK"
"68",68,"20221025_smode1_C14N9_16S.exp.",2022,14,9,"25-Oct-2022 11:26:00",0.476388888899237,25,-124.0164,36.7195,31,"2022-10-25",16.03695,32.5885279728364,32.4349,NA,251.744,NA,NA,0.0885,3.14914598320093,0.2,0.11,NA,NA,0.091,1.3335,0,0.344,0.096,0.072,0.037,0.053,0.098,0,0.013,0,0.016,0,0.09,0.228,0.116,0,0.075,0.021,0.039,0.033,0,0,0,0,0,0,0,0.512,0.14,0.167,0.679,0.307,0.475,0.819,0.353,1.38,0.54,0.46,1.67,0.17,0.83,0.42,"UNK"
"69",69,"20221027_smode1_blank_16S.exp.",2022,0,0,"NaT",NA,NA,NA,NA,5,"NaT",NA,NA,NA,NA,NA,NA,NA,NA,NA,NA,NA,NA,NA,NA,NA,NA,NA,NA,NA,NA,NA,NA,NA,NA,NA,NA,NA,NA,NA,NA,NA,NA,NA,NA,NA,NA,NA,NA,NA,NA,NA,NA,NA,NA,NA,NA,NA,NA,NA,NA,NA,NA,NA,NA,NA,NA,NA,"UNK"
"70",70,"20221027_smode1_C15N10_16S.exp.",2022,15,10,"27-Oct-2022 23:54:00",0.995833333348855,27,-123.9571,36.6017,7,"2022-10-27",16.53905,32.8476287550094,32.6928,NA,240.8745,NA,NA,0.1298,3.18110092301514,NA,NA,NA,NA,NA,NA,NA,NA,NA,NA,NA,NA,NA,NA,NA,NA,NA,NA,NA,NA,NA,NA,NA,NA,NA,NA,NA,NA,NA,NA,NA,NA,NA,NA,NA,NA,NA,NA,NA,NA,NA,NA,NA,NA,NA,NA,NA,NA,"UNK"
"71",71,"20221027_smode1_C15N3_16S.exp.",2022,15,3,"27-Oct-2022 23:54:00",0.995833333348855,27,-123.9571,36.6017,100,"2022-10-27",10.022,33.3373777801461,33.17885,NA,211.238,NA,NA,0,0.36158462721478,NA,NA,NA,NA,NA,NA,NA,NA,NA,NA,NA,NA,NA,NA,NA,NA,NA,NA,NA,NA,NA,NA,NA,NA,NA,NA,NA,NA,NA,NA,NA,NA,NA,NA,NA,NA,NA,NA,NA,NA,NA,NA,NA,NA,NA,NA,NA,NA,"UNK"
"72",72,"20221027_smode1_C15N4_16S.exp.",2022,15,4,"27-Oct-2022 23:54:00",0.995833333348855,27,-123.9571,36.6017,56,"2022-10-27",12.2594,32.844829634785,32.6896,NA,260.437,NA,NA,0.413,2.16157839546921,NA,NA,NA,NA,NA,NA,NA,NA,NA,NA,NA,NA,NA,NA,NA,NA,NA,NA,NA,NA,NA,NA,NA,NA,NA,NA,NA,NA,NA,NA,NA,NA,NA,NA,NA,NA,NA,NA,NA,NA,NA,NA,NA,NA,NA,NA,NA,NA,"UNK"
"73",73,"20221027_smode1_C15N7_16S.exp.",2022,15,7,"27-Oct-2022 23:54:00",0.995833333348855,27,-123.9571,36.6017,44,"2022-10-27",13.4109,32.8070673147815,32.65225,NA,269.349,NA,NA,0.1239,2.01097912481764,NA,NA,NA,NA,NA,NA,NA,NA,NA,NA,NA,NA,NA,NA,NA,NA,NA,NA,NA,NA,NA,NA,NA,NA,NA,NA,NA,NA,NA,NA,NA,NA,NA,NA,NA,NA,NA,NA,NA,NA,NA,NA,NA,NA,NA,NA,NA,NA,"UNK"
"74",74,"20221027_smode1_C15N8_16S.exp.",2022,15,8,"27-Oct-2022 23:54:00",0.995833333348855,27,-123.9571,36.6017,30,"2022-10-27",15.6501,32.8843978048737,32.7294,NA,254.576,NA,NA,0.2773,3.44569576806969,NA,NA,NA,NA,NA,NA,NA,NA,NA,NA,NA,NA,NA,NA,NA,NA,NA,NA,NA,NA,NA,NA,NA,NA,NA,NA,NA,NA,NA,NA,NA,NA,NA,NA,NA,NA,NA,NA,NA,NA,NA,NA,NA,NA,NA,NA,NA,NA,"UNK"
"75",75,"20221027_smode1_C15N9_16S.exp.",2022,15,9,"27-Oct-2022 23:54:00",0.995833333348855,27,-123.9571,36.6017,20,"2022-10-27",15.8321,32.9038868557237,32.7487,NA,251.549,NA,NA,0.2891,4.03682493629626,NA,NA,NA,NA,NA,NA,NA,NA,NA,NA,NA,NA,NA,NA,NA,NA,NA,NA,NA,NA,NA,NA,NA,NA,NA,NA,NA,NA,NA,NA,NA,NA,NA,NA,NA,NA,NA,NA,NA,NA,NA,NA,NA,NA,NA,NA,NA,NA,"UNK"
"76",76,"20230411_smode2_B1.16S.exp.",2023,1,0,"11-Apr-2023 16:03:00",0.66875,11,-123.833542,37.025004,5,"2023-04-11",12.296,32.7242847314068,32.57,24.647,6.283,888.8313493,NA,0.239,NA,NA,NA,NA,NA,NA,NA,NA,NA,NA,NA,NA,NA,NA,NA,NA,NA,NA,NA,NA,NA,NA,NA,NA,NA,NA,NA,NA,NA,NA,NA,NA,NA,NA,NA,NA,NA,NA,NA,NA,NA,NA,NA,NA,NA,NA,NA,NA,NA,"UNK"
"77",77,"20230411_smode2_B10.16S.exp.",2023,10,0,"11-Apr-2023 23:30:00",0.979166666666667,11,NA,NA,5,"2023-04-11",12.732,33.0869428245506,32.931,24.843,6.539,2658.784678,1.007,0.603,15.29794,0.77,1.01,10.625,1.464408846,0.289,4.9395,4.316,1.453,0.232,0.224,0.057,0,0.021,0.044,0.056,0.031,0.026,0.316,0.012,0,1.376,0,0.232,0.021,0.203,0.077,0.011,0.025,0.07,0.095,0.014,0.009,0,0.663,0.214,0.349,2.258,1.019,0.563,1.909,2.472,0.38,0.09,0.62,0.91,0.7,3.39,0.59,"UNK"
"78",78,"20230411_smode2_B2.16S.exp.",2023,2,0,"11-Apr-2023 16:30:00",0.6875,11,-124.005788,37.328717,5,"2023-04-11",12.287,32.7423732685656,32.588,24.662,6.248,1724.217317,0.745,0.464,14.27104,0.58,0.72,8.3053,1.291984814,0.1415,1.3455,0.422,1.003,0.075,0.252,0.029,0.039,0.133,0.061,0.016,0.02,0.037,0.362,0,0,0.98,0,0.075,0.076,0.176,0.023,0,0,0.021,0.012,0,0,0,0.662,0.163,0.534,1.864,1.024,0.697,1.33,2.027,0.23,0.08,0.77,0.92,1.02,1.91,0.49,"UNK"
"79",79,"20230411_smode2_B3.16S.exp.",2023,3,0,"11-Apr-2023 17:00:00",0.708333333333333,11,-124.567586,36.713605,5,"2023-04-11",11.989,32.7685002943994,32.614,24.739,6.228,2119.645995,NA,0.569,NA,NA,NA,NA,NA,NA,NA,NA,NA,NA,NA,NA,NA,NA,NA,NA,NA,NA,NA,NA,NA,NA,NA,NA,NA,NA,NA,NA,NA,NA,NA,NA,NA,NA,NA,NA,NA,NA,NA,NA,NA,NA,NA,NA,NA,NA,NA,NA,NA,"UNK"
"80",80,"20230411_smode2_B4.16S.exp.",2023,4,0,"11-Apr-2023 17:30:00",0.729166666666667,11,-124.874158,36.782081,5,"2023-04-11",12.059,32.6820983257999,32.528,24.659,6.312,2409.746671,0.71,0.371,14.04284,0.82,0.27,10.0401,1.503465224,0.1885,2.5205,0.899,1.145,0.16,0.209,0.042,0.023,0.096,0.038,0.072,0.014,0.024,0.158,0.021,0,1.126,0,0.16,0.058,0.151,0.019,0,0.015,0.037,0.012,0.013,0,0,0.554,0.19,0.298,1.812,0.857,0.488,1.514,2.002,0.39,0.09,0.61,0.91,0.75,3.1,0.57,"UNK"
"81",81,"20230411_smode2_B5.16S.exp.",2023,5,0,"11-Apr-2023 21:00:00",0.875,11,-124.783509,37.481921,5,"2023-04-11",12.474,32.7855655591355,32.631,24.66,6.26,2456.771327,NA,0.323,NA,0.8,0.11,-9999,-9999,0.1275,1.206,0.2495,1.022,0.064,0.247,0.033,0.032,0.118,0.083,0.033,0.039,0.034,0.373,0,0,0.979,0,0.064,0.07,0.177,0.043,0,0,0.014,0.015,0.014,0,0,0.654,0.222,0.523,1.856,1.056,0.745,1.333,2.078,0.3,0.11,0.7,0.89,1.03,1.79,0.49,"UNK"
"82",82,"20230411_smode2_B6.16S.exp.",2023,6,0,"11-Apr-2023 21:30:00",0.895833333333333,11,-124.881282,37.158902,5,"2023-04-11",12.435,32.7574238587382,32.603,24.645,6.298,2621.119301,0.743,0.34,14.54488,0.83,0.49,-9999,-9999,0.1465,2.575,0.5385,1.155,0.16,0.22,0.05,0.027,0.111,0.056,0.063,0.044,0.044,0.229,0.018,0,1.105,0,0.16,0.065,0.155,0.05,0.009,0.019,0.044,0.015,0.011,0.006,0,0.652,0.257,0.385,1.92,1.022,0.642,1.535,2.177,0.4,0.12,0.6,0.88,0.88,2.39,0.53,"UNK"
"83",83,"20230411_smode2_B7.16S.exp.",2023,7,0,"11-Apr-2023 22:00:00",0.916666666666667,11,NA,NA,5,"2023-04-11",12.197,32.8337748766407,32.679,24.75,6.38,2769.416668,0.809,0.419,14.20258,1.05,0.67,-9999,-9999,0.262,4.5515,2.4465,2.755,0.323,0.521,0.076,0,0.045,0.097,0.054,0.046,0.023,0.914,0.021,0,2.624,0,0.323,0.076,0.445,0.131,0.01,0.032,0.09,0.218,0.038,0.011,0,1.38,0.296,0.98,4.579,2.12,1.276,3.599,4.875,0.23,0.06,0.77,0.94,0.77,2.82,0.57,"UNK"
"84",84,"20230411_smode2_B8.16S.exp.",2023,8,0,"11-Apr-2023 22:30:00",0.91875,11,-123.791269,37.117527,5,"2023-04-11",12.518,33.0316992109359,32.876,24.842,6.453,2596.186668,0.917,0.383,13.90592,0.96,0.73,-9999,-9999,0.3375,4.3215,3.9775,1.398,0.224,0.199,0.055,0,0.015,0.038,0.092,0.027,0.017,0.256,0,0,1.339,0,0.224,0.015,0.184,0.059,0.012,0.022,0.053,0.098,0.018,0.007,0,0.604,0.229,0.271,2.092,0.923,0.5,1.821,2.321,0.46,0.1,0.54,0.9,0.66,3.64,0.6,"UNK"
"85",85,"20230411_smode2_B9.16S.exp.",2023,9,0,"11-Apr-2023 23:00:00",0.958333333333333,11,-123.924169,37.0406,5,"2023-04-11",12.764,33.0748943174949,32.919,24.827,6.871,2789.400705,1.791,0.85,18.19608,1.83,0.71,-9999,-9999,0.1365,3.3155,1.6575,1.698,0.364,0.563,0.071,0.018,0.069,0.048,0.102,0.032,0.041,0.267,0.02,0,1.631,0,0.364,0.058,0.505,0.067,0.019,0.036,0.094,0.065,0.024,0.011,0,0.881,0.294,0.374,2.999,1.595,0.668,2.625,3.293,0.44,0.09,0.56,0.91,0.94,3.93,0.52,"UNK"
"86",86,"20230411_smode2_C1N13.16S.exp.",2023,1,13,"11-Apr-2023 12:57:00",0.539594907430001,11,-123.8335,37.025,NA,"2023-04-11",NA,NA,NA,NA,NA,NA,NA,NA,NA,NA,NA,NA,NA,NA,NA,NA,NA,NA,NA,NA,NA,NA,NA,NA,NA,NA,NA,NA,NA,NA,NA,NA,NA,NA,NA,NA,NA,NA,NA,NA,NA,NA,NA,NA,NA,NA,NA,NA,NA,NA,NA,NA,NA,NA,NA,NA,NA,"UNK"
"87",87,"20230411_smode2_C1N16.16S.exp.",2023,1,16,"11-Apr-2023 12:57:00",0.539594907430001,11,-123.8335,37.025,NA,"2023-04-11",NA,NA,NA,NA,NA,NA,NA,NA,NA,NA,NA,NA,NA,NA,NA,NA,NA,NA,NA,NA,NA,NA,NA,NA,NA,NA,NA,NA,NA,NA,NA,NA,NA,NA,NA,NA,NA,NA,NA,NA,NA,NA,NA,NA,NA,NA,NA,NA,NA,NA,NA,NA,NA,NA,NA,NA,NA,"UNK"
"88",88,"20230411_smode2_C1N19.16S.exp.",2023,1,19,"11-Apr-2023 12:57:00",0.539594907430001,11,-123.8335,37.025,NA,"2023-04-11",NA,NA,NA,NA,NA,NA,NA,NA,NA,NA,NA,NA,NA,NA,NA,NA,NA,NA,NA,NA,NA,NA,NA,NA,NA,NA,NA,NA,NA,NA,NA,NA,NA,NA,NA,NA,NA,NA,NA,NA,NA,NA,NA,NA,NA,NA,NA,NA,NA,NA,NA,NA,NA,NA,NA,NA,NA,"UNK"
"89",89,"20230411_smode2_C1N7.16S.exp.",2023,1,7,"11-Apr-2023 12:57:00",0.539594907430001,11,-123.8335,37.025,NA,"2023-04-11",NA,NA,NA,NA,NA,NA,NA,NA,NA,NA,NA,NA,NA,NA,NA,NA,NA,NA,NA,NA,NA,NA,NA,NA,NA,NA,NA,NA,NA,NA,NA,NA,NA,NA,NA,NA,NA,NA,NA,NA,NA,NA,NA,NA,NA,NA,NA,NA,NA,NA,NA,NA,NA,NA,NA,NA,NA,"UNK"
"90",90,"20230411_smode2_C1N9.16S.exp.",2023,1,9,"11-Apr-2023 12:57:00",0.539594907430001,11,-123.8335,37.025,NA,"2023-04-11",NA,NA,NA,NA,NA,NA,NA,NA,NA,NA,NA,NA,NA,NA,NA,NA,NA,NA,NA,NA,NA,NA,NA,NA,NA,NA,NA,NA,NA,NA,NA,NA,NA,NA,NA,NA,NA,NA,NA,NA,NA,NA,NA,NA,NA,NA,NA,NA,NA,NA,NA,NA,NA,NA,NA,NA,NA,"UNK"
"91",91,"20230411_smode2_C2N10.16S.exp.",2023,2,10,"11-Apr-2023 18:35:00",0.774409722187556,11,-124.005833333333,37.3286666666667,NA,"2023-04-11",NA,NA,NA,NA,NA,NA,NA,NA,NA,NA,NA,NA,NA,NA,NA,NA,NA,NA,NA,NA,NA,NA,NA,NA,NA,NA,NA,NA,NA,NA,NA,NA,NA,NA,NA,NA,NA,NA,NA,NA,NA,NA,NA,NA,NA,NA,NA,NA,NA,NA,NA,NA,NA,NA,NA,NA,NA,"UNK"
"92",92,"20230411_smode2_C2N12.16S.exp.",2023,2,12,"11-Apr-2023 18:35:00",0.774409722187556,11,-124.005833333333,37.3286666666667,NA,"2023-04-11",NA,NA,NA,NA,NA,NA,NA,NA,NA,NA,NA,NA,NA,NA,NA,NA,NA,NA,NA,NA,NA,NA,NA,NA,NA,NA,NA,NA,NA,NA,NA,NA,NA,NA,NA,NA,NA,NA,NA,NA,NA,NA,NA,NA,NA,NA,NA,NA,NA,NA,NA,NA,NA,NA,NA,NA,NA,"UNK"
"93",93,"20230412_smode2_B11.16S.exp.",2023,11,0,"12-Apr-2023 15:00:00",0.625,12,-123.922674,36.979572,5,"2023-04-12",11.835,32.6258122473064,32.472,24.657,6.32,193.9520004,0.612,0.88,15.77716,0.6,0.27,6.5108,0.984706592,0.195,2.132,0.8615,0.98,0.112,0.257,0.037,0.042,0.174,0.051,0.03,0,0.03,0.288,0.014,0,0.964,0,0.112,0.095,0.162,0.016,0,0.012,0.034,0,0.014,0.009,0,0.69,0.148,0.518,1.867,1.035,0.666,1.349,2.015,0.22,0.07,0.78,0.93,1.06,2.03,0.49,"UNK"
"94",94,"20230412_smode2_B12.16S.exp.",2023,12,0,"12-Apr-2023 15:30:00",0.645833333333333,12,-123.924243,36.960474,5,"2023-04-12",11.997,32.699156312881,32.545,24.684,6.282,200.74,0.953,1.017,15.68588,0.79,0.3,6.837,1.067328096,0.1815,1.7115,0.7875,1.246,0.111,0.328,0.041,0.046,0.177,0.065,0.027,0.005,0.021,0.459,0.013,0,1.224,0,0.111,0.116,0.212,0.022,0,0.012,0.033,0.032,0.021,0.009,0,0.854,0.159,0.695,2.38,1.293,0.854,1.685,2.539,0.19,0.06,0.81,0.94,1.04,1.97,0.49,"UNK"
"95",95,"20230412_smode2_B13.16S.exp.",2023,13,0,"12-Apr-2023 16:30:00",0.6875,12,-123.987423,36.867255,5,"2023-04-12",12.031,32.6288223246294,32.475,24.622,6.408,1192.865326,0.653,0.545,31.08938,NA,NA,NA,NA,NA,NA,NA,NA,NA,NA,NA,NA,NA,NA,NA,NA,NA,NA,NA,NA,NA,NA,NA,NA,NA,NA,NA,NA,NA,NA,NA,NA,NA,NA,NA,NA,NA,NA,NA,NA,NA,NA,NA,NA,NA,NA,NA,NA,"UNK"
"96",96,"20230412_smode2_B14.16S.exp.",2023,14,0,"12-Apr-2023 22:00:00",0.916666666666667,12,-124.055256,36.897199,5,"2023-04-12",11.953,32.6689937920931,32.515,24.669,5.903,2782.891372,0.842,0.561,NA,0.91,0.28,8.6584,1.531135144,0.2285,2.7765,1.395,1.112,0.137,0.223,0.04,0.028,0.118,0.043,0.043,0.014,0.031,0.229,0.017,0,1.096,0,0.137,0.071,0.152,0.016,0,0.015,0.04,0.029,0.016,0.009,0,0.603,0.171,0.392,1.864,0.923,0.563,1.472,2.035,0.3,0.08,0.7,0.92,0.83,2.61,0.55,"UNK"
"97",97,"20230412_smode2_B15.16S.exp.",2023,15,0,"12-Apr-2023 22:30:00",0.9375,12,-124.117071,36.89188,5,"2023-04-12",12.09,32.7131965013996,32.559,24.677,5.997,2586.923959,1.318,0.606,NA,1.26,1,6.7401,1.273015674,0.178,1.494,0.7995,2.307,0.105,0.5,0.061,0.035,0.108,0.099,0.056,0.031,0.013,0.887,0.015,0,2.251,0,0.105,0.118,0.382,0.056,0,0.012,0.026,0.09,0.032,0,0,1.219,0.26,1.045,3.957,1.91,1.305,2.912,4.217,0.2,0.06,0.8,0.94,0.83,2.23,0.55,"UNK"
"98",98,"20230412_smode2_B16.16S.exp.",2023,16,0,"12-Apr-2023 23:00:00",0.958333333333333,12,-124.164392,36.829613,5,"2023-04-12",12.122,32.7352964876701,32.581,24.688,5.759,2847.516659,1.151,0.688,NA,NA,NA,NA,NA,NA,NA,NA,NA,NA,NA,NA,NA,NA,NA,NA,NA,NA,NA,NA,NA,NA,NA,NA,NA,NA,NA,NA,NA,NA,NA,NA,NA,NA,NA,NA,NA,NA,NA,NA,NA,NA,NA,NA,NA,NA,NA,NA,NA,"UNK"
"99",99,"20230412_smode2_B17.16S.exp.",2023,17,0,"12-Apr-2023 23:30:00",0.979166666666667,12,-124.2984,36.916716,5,"2023-04-12",12.095,32.7342917504946,32.58,24.693,5.582,941.8966606,1.017,0.795,16.34766,NA,NA,NA,NA,NA,NA,NA,NA,NA,NA,NA,NA,NA,NA,NA,NA,NA,NA,NA,NA,NA,NA,NA,NA,NA,NA,NA,NA,NA,NA,NA,NA,NA,NA,NA,NA,NA,NA,NA,NA,NA,NA,NA,NA,NA,NA,NA,NA,"UNK"
"100",100,"20230412_smode2_C3N10.16S.exp.",2023,3,10,"12-Apr-2023 00:08:00",0.00568287039641291,12,-124.5675,36.7136666666667,20,"2023-04-12",11.48585,32.8567977337336,32.70185,24.9009,236.075,3.2246,NA,NA,NA,1.948877509,0.83572703,15.34385065,1.998370061,0.411,4.1345,4.85773675164372,2.18,0.136,0.388,0.064,0,0.018,0.047,0.037,0,0.015,0.723,0,0,2.124,0,0.136,0.06,0.328,0.056,0,0.017,0.042,0.238,0.095,0.008,0,0.929,0.163,0.741,3.445,1.428,0.904,2.704,3.608,0.18,0.05,0.82,0.95,0.66,2.99,0.6,"UNK"
"101",101,"20230412_smode2_C3N12.16S.exp.",2023,3,12,"12-Apr-2023 00:08:00",0.00568287039641291,12,-124.5675,36.7136666666667,15,"2023-04-12",12.0602,32.9296975251029,32.77445,24.8506,244.719,7.3495,NA,NA,NA,3.001269079,0.945876546,21.98066748,2.845495767,0.2225,2.8935,2.27120762086305,3.999,0.208,0.863,0.112,0,0.02,0.114,0.054,0.017,0.014,1.53,0,0,3.804,0,0.208,0.077,0.786,0.195,0,0.02,0.056,0.545,0.081,0.013,0,1.826,0.311,1.55,6.62,2.932,1.861,5.07,6.931,0.17,0.04,0.83,0.96,0.73,2.72,0.58,"UNK"
"102",102,"20230412_smode2_C3N16.16S.exp.",2023,3,16,"12-Apr-2023 00:08:00",0.00568287039641291,12,-124.5675,36.7136666666667,5,"2023-04-12",12.20125,32.9485351868798,32.79325,24.8372,247.1675,67.744,NA,NA,NA,2.64754033,1.151851181,22.29072446,2.793752108,0.1835,2.905,1.72217727044362,3.979,0.216,0.836,0.106,0,0.019,0.115,0.064,0.013,0.018,1.455,0,0,3.802,0,0.216,0.071,0.765,0.177,0,0.023,0.063,0.469,0.082,0.015,0,1.772,0.316,1.474,6.505,2.842,1.79,5.031,6.821,0.18,0.05,0.82,0.95,0.71,2.81,0.58,"UNK"
"103",103,"20230412_smode2_C3N4.16S.exp.",2023,3,4,"12-Apr-2023 00:08:00",0.00568287039641291,12,-124.5675,36.7136666666667,100,"2023-04-12",9.5824,33.8859911694662,33.72495,26.0246,108.788,0.09751,NA,NA,NA,0.084087631,0.462320115,1.640872616,0.163592497,1.818,27.1555,29.539670814772,0.158,0,0.027,0.008,0,0,0.006,0,0,0,0.075,0,0,0.158,0,0,0,0.027,0,0,0,0,0.056,0.022,0,0,0.075,0.014,0.075,0.26,0.116,0.089,0.185,0.274,0.16,0.05,0.84,0.95,0.73,2.08,0.58,"UNK"
"104",104,"20230412_smode2_C3N8.16S.exp.",2023,3,8,"12-Apr-2023 00:08:00",0.00568287039641291,12,-124.5675,36.7136666666667,40,"2023-04-12",10.592375,33.1675832348153,33.011125,25.298,198.0225,0.63285,NA,NA,NA,0.743099993,0.968747059,2.472284798,0.400128581,0.979,9.783,14.3916973347256,0.981,0.047,0.174,0.031,0,0.014,0.022,0.01,0,0,0.364,0,0,0.963,0,0.047,0.052,0.122,0.018,0,0,0.009,0.142,0.04,0,0,0.435,0.063,0.378,1.58,0.662,0.441,1.202,1.643,0.14,0.04,0.86,0.96,0.67,2.73,0.6,"UNK"
"105",105,"20230412_smode2_C4N10.16S.exp.",2023,4,10,"12-Apr-2023 06:18:00",0.262164351879619,12,-124.874166666667,36.7821666666667,5,"2023-04-12",11.5622,32.6790055831446,32.525,24.7472,248.365,0.09751,NA,NA,NA,2.22636669,0.908215468,18.51703827,2.737342851,0.1255,1.673,0.175268667007583,2.801,0.327,0.453,0.078,0,0.027,0.06,0.029,0,0.022,0.723,0,0,2.729,0,0.327,0.052,0.401,0.072,0,0.03,0.091,0.264,0.047,0.021,0,1.128,0.189,0.75,4.331,1.719,0.939,3.581,4.52,0.2,0.04,0.8,0.96,0.61,3.81,0.62,"UNK"
"106",106,"20230412_smode2_C4N4.16S.exp.",2023,4,4,"12-Apr-2023 06:18:00",0.262164351879619,12,-124.874166666667,36.7821666666667,100,"2023-04-12",9.39215,33.9529059298692,33.7916,26.108,105.393,0.09751,NA,NA,NA,0.034612815,0.120490902,0,0,1.718,26.012,27.9132691949317,0.037,0,0.006,0,0,0,0,0,0,0,0.009,0,0,0.037,0,0,0,0.006,0,0,0,0,0,0,0,0,0.009,0,0.009,0.052,0.015,0.009,0.043,0.052,0,0,1,1,0.41,4.78,0.71,"UNK"
"107",107,"20230412_smode2_C4N8.16S.exp.",2023,4,8,"12-Apr-2023 06:18:00",0.262164351879619,12,-124.874166666667,36.7821666666667,30,"2023-04-12",11.3892,33.2021962802626,33.045725,25.18325,214.837,0.09751,NA,NA,NA,0.418482628,0.482398498,2.173578692,0.445818425,0.5775,6.7085,7.60231322589116,0.635,0.26,0.11,0.028,0.011,0.038,0,0.025,0,0.017,0.085,0,0,0.635,0,0.26,0.04,0.07,0,0,0.026,0.083,0.044,0.022,0.01,0,0.436,0.07,0.134,1.139,0.574,0.204,1.005,1.209,0.34,0.06,0.66,0.94,0.9,4.93,0.53,"UNK"
"108",108,"20230412_smode2_C5N10.16S.exp.",2023,5,10,"12-Apr-2023 17:10:00",0.715208333334886,12,-124.7835,37.482,28,"2023-04-12",11.29925,32.6479349518489,32.494,24.771,226.239,11.268,0.379892552729783,0.379892552729783,2.15389,0.964074465,0.3794661,6.527060652,1.146371287,0.217,3.287,1.73878993985944,1.537,0.337,0.189,0.067,0.013,0.044,0.038,0.094,0.006,0.03,0.196,0,0,1.517,0,0.337,0.035,0.154,0.02,0.006,0.035,0.101,0.038,0.031,0.032,0,0.714,0.235,0.253,2.316,1.014,0.488,2.063,2.551,0.48,0.09,0.52,0.91,0.66,4.23,0.6,"UNK"
"109",109,"20230412_smode2_C5N14.16S.exp.",2023,5,14,"12-Apr-2023 17:10:00",0.715208333334886,12,-124.7835,37.482,10,"2023-04-12",11.27835,32.6225447648998,32.46875,24.7547,226.536,103.57,0.520843532729783,0.520843532729783,2.763385,0.870018842,0.41040052,5.866220296,1.032883459,0.265,3.624,1.89789908870192,1.105,0.284,0.13,0.052,0,0.032,0.03,0.052,0.004,0.029,0.163,0,0,1.087,0,0.284,0.022,0.108,0.018,0.004,0.03,0.089,0.011,0.018,0.038,0,0.56,0.167,0.195,1.714,0.776,0.362,1.519,1.881,0.46,0.09,0.54,0.91,0.7,4.2,0.59,"UNK"
"110",110,"20230412_smode2_C5N18.16S.exp.",2023,5,18,"12-Apr-2023 17:10:00",0.715208333334886,12,-124.7835,37.482,5,"2023-04-12",11.2799,32.6222412712068,32.46845,24.7543,226.55,223.14,0.467509352729783,0.467509352729783,2.822455,1.071247689,0.519682089,5.611637162,1.111090057,0.268,3.5995,1.95103617192736,1.31,0.305,0.165,0.061,0.012,0.04,0.044,0.066,0,0.029,0.196,0,0,1.29,0,0.305,0.029,0.136,0.02,0,0.036,0.098,0.038,0.025,0.038,0,0.648,0.2,0.248,2.028,0.918,0.448,1.78,2.228,0.45,0.09,0.55,0.91,0.7,3.97,0.59,"UNK"
"111",111,"20230412_smode2_C5N4.16S.exp.",2023,5,4,"12-Apr-2023 17:10:00",0.715208333334886,12,-124.7835,37.482,100,"2023-04-12",9.716525,33.7772651569232,33.616625,25.9184,123.49,0.09751,0.0353853327297828,0.0353853327297828,0,0.064532368,0.14815166,8.116552524,1.252252803,1.622,22.726,27.990058318009,0.093,0,0.019,0,0,0,0,0.01,0,0,0.022,0,0,0.093,0,0,0.007,0.012,0,0,0,0,0,0,0,0,0.032,0.01,0.022,0.134,0.051,0.032,0.112,0.144,0.31,0.07,0.69,0.93,0.55,3.5,0.65,"UNK"
"112",112,"20230412_smode2_C5N8.16S.exp.",2023,5,8,"12-Apr-2023 17:10:00",0.715208333334886,12,-124.7835,37.482,55,"2023-04-12",11.1585,32.9877661164015,32.83185,25.0573,213.147,1.05,0.332976812729783,0.332976812729783,0.0944950000000002,0.33830605,0.342974495,2.661097206,0.396230795,0.513,5.2135,6.06542056851654,0.487,0.249,0.066,0.025,0,0.021,0,0.018,0,0.014,0.048,0,0,0.487,0,0.249,0.026,0.04,0,0,0.027,0.071,0.027,0.028,0.009,0,0.35,0.057,0.069,0.871,0.441,0.126,0.802,0.928,0.45,0.06,0.55,0.94,0.91,6.37,0.52,"UNK"
"113",113,"20230412_smode2_C6N10.16S.exp.",2023,6,10,"12-Apr-2023 23:13:00",0.967372685205191,12,-124.881333333333,37.159,20,"2023-04-12",11.5724,32.7406235020236,32.5862,24.7929,220.746,25.04,0.976450892729783,0.976450892729783,6.31027,NA,NA,NA,NA,NA,NA,NA,NA,NA,NA,NA,NA,NA,NA,NA,NA,NA,NA,NA,NA,NA,NA,NA,NA,NA,NA,NA,NA,NA,NA,NA,NA,NA,NA,NA,NA,NA,NA,NA,NA,NA,NA,NA,NA,NA,NA,NA,NA,"UNK"
"114",114,"20230412_smode2_C6N16.16S.exp.",2023,6,16,"12-Apr-2023 23:13:00",0.967372685205191,12,-124.881333333333,37.159,5,"2023-04-12",11.56445,32.7401693627095,32.58585,24.7943,221.1035,213.33,0.986333252729783,0.986333252729783,6.543865,NA,NA,NA,NA,NA,NA,NA,NA,NA,NA,NA,NA,NA,NA,NA,NA,NA,NA,NA,NA,NA,NA,NA,NA,NA,NA,NA,NA,NA,NA,NA,NA,NA,NA,NA,NA,NA,NA,NA,NA,NA,NA,NA,NA,NA,NA,NA,NA,"UNK"
"115",115,"20230412_smode2_C6N4.16S.exp.",2023,6,4,"12-Apr-2023 23:13:00",0.967372685205191,12,-124.881333333333,37.159,180,"2023-04-12",8.730275,34.1771185407713,34.01255,26.38655,72.1075,0.09751,0.0232616127297828,0.0232616127297828,0.25291,NA,NA,NA,NA,NA,NA,NA,NA,NA,NA,NA,NA,NA,NA,NA,NA,NA,NA,NA,NA,NA,NA,NA,NA,NA,NA,NA,NA,NA,NA,NA,NA,NA,NA,NA,NA,NA,NA,NA,NA,NA,NA,NA,NA,NA,NA,NA,NA,"UNK"
"116",116,"20230416_smode2_B18.16S.exp.",2023,18,0,"12-Apr-2023 22:43:00",0.946527777777778,12,-124.253026,36.863094,5,"2023-04-12",12.141,32.7342934532698,32.58,24.684,5.862,1155.922595,1.473,0.768,NA,NA,NA,NA,NA,NA,NA,NA,NA,NA,NA,NA,NA,NA,NA,NA,NA,NA,NA,NA,NA,NA,NA,NA,NA,NA,NA,NA,NA,NA,NA,NA,NA,NA,NA,NA,NA,NA,NA,NA,NA,NA,NA,NA,NA,NA,NA,NA,NA,"UNK"
"117",117,"20230416_smode2_B19.16S.exp.",2023,19,0,"16-Apr-2023 16:00:00",0.666666666666667,16,-124.21846,36.832061,5,"2023-04-16",11.996,33.1874347521997,33.031,25.06,5.96,637.5839983,0.565,0.51,13.28978,0.48,0.51,4.7339,0.821601733,0.432,5.445,5.182,0.883,0.31,0.09,0.043,0,0.026,0.01,0.043,0,0.037,0.049,0,0,0.883,0,0.31,0.02,0.07,0,0,0.033,0.086,0,0.016,0.017,0,0.465,0.133,0.075,1.358,0.608,0.208,1.283,1.491,0.64,0.09,0.36,0.91,0.69,6.17,0.59,"UNK"
"118",118,"20230416_smode2_B20.16S.exp.",2023,20,0,"16-Apr-2023 16:56:00",0.705555555555556,16,-124.226285,36.812096,5,"2023-04-16",12.253,33.2125620253637,33.056,25.032,6.505,1394.796663,2.587,1.309,21.6419,NA,NA,NA,NA,NA,NA,NA,NA,NA,NA,NA,NA,NA,NA,NA,NA,NA,NA,NA,NA,NA,NA,NA,NA,NA,NA,NA,NA,NA,NA,NA,NA,NA,NA,NA,NA,NA,NA,NA,NA,NA,NA,NA,NA,NA,NA,NA,NA,"UNK"
"119",119,"20230416_smode2_B21.16S.exp.",2023,21,0,"16-Apr-2023 17:07:00",0.713194444444444,16,-124.226994,36.794911,5,"2023-04-16",12.322,33.1904598288137,33.034,25.001,6.59,1405.242,3.139,1.492,24.4944,NA,NA,NA,NA,NA,NA,NA,NA,NA,NA,NA,NA,NA,NA,NA,NA,NA,NA,NA,NA,NA,NA,NA,NA,NA,NA,NA,NA,NA,NA,NA,NA,NA,NA,NA,NA,NA,NA,NA,NA,NA,NA,NA,NA,NA,NA,NA,NA,"UNK"
"120",120,"20230416_smode2_B22.16S.exp.",2023,22,0,"16-Apr-2023 17:16:00",0.719444444444444,16,-124.453638,36.786218,5,"2023-04-16",11.586,32.9664052425148,32.811,24.965,6.783,1466.566671,NA,0.863,NA,NA,NA,NA,NA,NA,NA,NA,NA,NA,NA,NA,NA,NA,NA,NA,NA,NA,NA,NA,NA,NA,NA,NA,NA,NA,NA,NA,NA,NA,NA,NA,NA,NA,NA,NA,NA,NA,NA,NA,NA,NA,NA,NA,NA,NA,NA,NA,NA,"UNK"
"121",121,"20230416_smode2_B23.16S.exp.",2023,23,0,"16-Apr-2023 17:29:00",0.728472222222222,16,-124.488553,36.80382,5,"2023-04-16",11.053,32.7825408070668,32.628,24.919,6.307,1556.940002,1.256,0.558,16.78124,NA,NA,NA,NA,NA,NA,NA,NA,NA,NA,NA,NA,NA,NA,NA,NA,NA,NA,NA,NA,NA,NA,NA,NA,NA,NA,NA,NA,NA,NA,NA,NA,NA,NA,NA,NA,NA,NA,NA,NA,NA,NA,NA,NA,NA,NA,NA,NA,"UNK"
"122",122,"20230416_smode2_B24.16S.exp.",2023,24,0,"16-Apr-2023 17:42:00",0.7375,16,-124.579426,36.831868,5,"2023-04-16",11.066,32.7845525697898,32.63,24.919,6.268,2009.924911,1.187,0.441,15.79998,NA,NA,NA,NA,NA,NA,NA,NA,NA,NA,NA,NA,NA,NA,NA,NA,NA,NA,NA,NA,NA,NA,NA,NA,NA,NA,NA,NA,NA,NA,NA,NA,NA,NA,NA,NA,NA,NA,NA,NA,NA,NA,NA,NA,NA,NA,NA,NA,"UNK"
"123",123,"20230416_smode2_B25.16S.exp.",2023,25,0,"16-Apr-2023 17:54:00",0.745833333333333,16,NA,NA,5,"2023-04-16",11.174,32.8096731125123,32.655,24.919,6.263,1863.816069,1.429,0.514,16.80406,NA,NA,NA,NA,NA,NA,NA,NA,NA,NA,NA,NA,NA,NA,NA,NA,NA,NA,NA,NA,NA,NA,NA,NA,NA,NA,NA,NA,NA,NA,NA,NA,NA,NA,NA,NA,NA,NA,NA,NA,NA,NA,NA,NA,NA,NA,NA,NA,"UNK"
"124",124,"20230416_smode2_B26.16S.exp.",2023,26,0,"16-Apr-2023 18:05:00",0.753472222222222,16,-124.769252,36.762463,5,"2023-04-16",11.327,32.7634571552192,32.609,24.856,6.179,2327.531356,0.873,0.328,15.73152,NA,NA,NA,NA,NA,NA,NA,NA,NA,NA,NA,NA,NA,NA,NA,NA,NA,NA,NA,NA,NA,NA,NA,NA,NA,NA,NA,NA,NA,NA,NA,NA,NA,NA,NA,NA,NA,NA,NA,NA,NA,NA,NA,NA,NA,NA,NA,NA,"UNK"
"125",125,"20230416_smode2_B27.16S.exp.",2023,27,0,"16-Apr-2023 18:32:00",0.772222222222222,16,-124.904974,36.801869,5,"2023-04-16",11.581,32.7252817576987,32.571,24.78,6.107,2474.83,0.441,0.142,13.35824,NA,NA,NA,NA,NA,NA,NA,NA,NA,NA,NA,NA,NA,NA,NA,NA,NA,NA,NA,NA,NA,NA,NA,NA,NA,NA,NA,NA,NA,NA,NA,NA,NA,NA,NA,NA,NA,NA,NA,NA,NA,NA,NA,NA,NA,NA,NA,NA,"UNK"
"126",126,"20230416_smode2_B28.16S.exp.",2023,28,0,"17-Apr-2023 11:23:00",0.474305555573665,17,-123.775688,37.201738,5,"2023-04-17",11.273,32.7755309647304,32.621,24.874,6.481,4.12,2.251,1.738,15.57178,NA,NA,NA,NA,NA,NA,NA,NA,NA,NA,NA,NA,NA,NA,NA,NA,NA,NA,NA,NA,NA,NA,NA,NA,NA,NA,NA,NA,NA,NA,NA,NA,NA,NA,NA,NA,NA,NA,NA,NA,NA,NA,NA,NA,NA,NA,NA,NA,"UNK"
"127",127,"20230416_smode2_B29.16S.exp.",2023,29,0,"17-Apr-2023 11:33:00",0.481249999953434,17,-123.779085,37.183694,5,"2023-04-17",11.455,32.8117001185141,32.657,24.87,7.068,4.12,4.576,4.539,24.35748,NA,NA,NA,NA,NA,NA,NA,NA,NA,NA,NA,NA,NA,NA,NA,NA,NA,NA,NA,NA,NA,NA,NA,NA,NA,NA,NA,NA,NA,NA,NA,NA,NA,NA,NA,NA,NA,NA,NA,NA,NA,NA,NA,NA,NA,NA,NA,NA,"UNK"
"128",128,"20230416_smode2_B30.16S.exp.",2023,30,0,"17-Apr-2023 11:57:00",0.497916666674428,17,-123.787738,37.141244,5,"2023-04-17",11.485,32.8378200393605,32.683,24.885,7.152,4.12,4.861,4.622,23.90108,NA,NA,NA,NA,NA,NA,NA,NA,NA,NA,NA,NA,NA,NA,NA,NA,NA,NA,NA,NA,NA,NA,NA,NA,NA,NA,NA,NA,NA,NA,NA,NA,NA,NA,NA,NA,NA,NA,NA,NA,NA,NA,NA,NA,NA,NA,NA,NA,"UNK"
"129",129,"20230417_smode2_B31.16S.exp.",2023,31,0,"NaT",NA,NA,NA,NA,5,"NaT",NA,NA,NA,NA,NA,NA,NA,NA,NA,NA,NA,NA,NA,NA,NA,NA,NA,NA,NA,NA,NA,NA,NA,NA,NA,NA,NA,NA,NA,NA,NA,NA,NA,NA,NA,NA,NA,NA,NA,NA,NA,NA,NA,NA,NA,NA,NA,NA,NA,NA,NA,NA,NA,NA,NA,NA,NA,"UNK"
"130",130,"20230417_smode2_B32.16S.exp.",2023,32,0,"18-Apr-2023 20:05:00",0.836805555503815,18,-123.96989,36.940012,5,"2023-04-18",11.428,32.7353245617336,32.581,24.816,6.33,2454.016666,NA,0.234,11.8293,NA,NA,NA,NA,NA,NA,NA,NA,NA,NA,NA,NA,NA,NA,NA,NA,NA,NA,NA,NA,NA,NA,NA,NA,NA,NA,NA,NA,NA,NA,NA,NA,NA,NA,NA,NA,NA,NA,NA,NA,NA,NA,NA,NA,NA,NA,NA,NA,"UNK"
"131",131,"20230417_smode2_B33.16S.exp.",2023,33,0,"18-Apr-2023 20:37:00",0.859027777798474,18,-123.969934,36.950379,5,"2023-04-18",11.805,32.765467496403,32.611,24.77,6.415,2318.635367,NA,0.228,11.53264,NA,NA,NA,NA,NA,NA,NA,NA,NA,NA,NA,NA,NA,NA,NA,NA,NA,NA,NA,NA,NA,NA,NA,NA,NA,NA,NA,NA,NA,NA,NA,NA,NA,NA,NA,NA,NA,NA,NA,NA,NA,NA,NA,NA,NA,NA,NA,NA,"UNK"
"132",132,"20230417_smode2_B34.16S.exp.",2023,34,0,"18-Apr-2023 20:42:00",0.862500000046566,18,-123.969751,36.959156,5,"2023-04-18",12.096,32.8950792319565,32.74,24.817,7.225,2396.46,NA,0.5,16.59868,NA,NA,NA,NA,NA,NA,NA,NA,NA,NA,NA,NA,NA,NA,NA,NA,NA,NA,NA,NA,NA,NA,NA,NA,NA,NA,NA,NA,NA,NA,NA,NA,NA,NA,NA,NA,NA,NA,NA,NA,NA,NA,NA,NA,NA,NA,NA,NA,"UNK"
"133",133,"20230417_smode2_B35.16S.exp.",2023,35,0,"18-Apr-2023 20:49:00",0.867361111100763,18,-123.96991,36.971237,5,"2023-04-18",11.987,32.9141702093031,32.759,24.851,7.224,2463.646666,NA,0.828,21.11704,NA,NA,NA,NA,NA,NA,NA,NA,NA,NA,NA,NA,NA,NA,NA,NA,NA,NA,NA,NA,NA,NA,NA,NA,NA,NA,NA,NA,NA,NA,NA,NA,NA,NA,NA,NA,NA,NA,NA,NA,NA,NA,NA,NA,NA,NA,NA,NA,"UNK"
"134",134,"20230417_smode2_B36.16S.exp.",2023,36,0,"18-Apr-2023 20:59:00",0.874305555596948,18,-123.970145,36.988048,5,"2023-04-18",12.359,32.9201999941862,32.765,24.786,7.338,2491.778664,NA,0.777,20.56936,NA,NA,NA,NA,NA,NA,NA,NA,NA,NA,NA,NA,NA,NA,NA,NA,NA,NA,NA,NA,NA,NA,NA,NA,NA,NA,NA,NA,NA,NA,NA,NA,NA,NA,NA,NA,NA,NA,NA,NA,NA,NA,NA,NA,NA,NA,NA,NA,"UNK"
"135",135,"20230417_smode2_B37.16S.exp.",2023,37,0,"18-Apr-2023 21:10:00",0.881944444496185,18,-123.970155,37.006303,5,"2023-04-18",12.153,32.9222109442952,32.767,24.826,7.366,2557.957337,NA,0.737,20.63782,NA,NA,NA,NA,NA,NA,NA,NA,NA,NA,NA,NA,NA,NA,NA,NA,NA,NA,NA,NA,NA,NA,NA,NA,NA,NA,NA,NA,NA,NA,NA,NA,NA,NA,NA,NA,NA,NA,NA,NA,NA,NA,NA,NA,NA,NA,NA,NA,"UNK"
"136",136,"20230417_smode2_B38.16S.exp.",2023,38,0,"18-Apr-2023 21:20:00",0.888888888875954,18,-123.969774,37.023271,5,"2023-04-18",13.786,32.9232170452377,32.768,24.545,6.706,2367.855309,NA,0.672,19.29144,NA,NA,NA,NA,NA,NA,NA,NA,NA,NA,NA,NA,NA,NA,NA,NA,NA,NA,NA,NA,NA,NA,NA,NA,NA,NA,NA,NA,NA,NA,NA,NA,NA,NA,NA,NA,NA,NA,NA,NA,NA,NA,NA,NA,NA,NA,NA,NA,"UNK"
"137",137,"20230417_smode2_B39.16S.exp.",2023,39,0,"18-Apr-2023 22:14:00",0.926388888852671,18,-123.919311,37.029724,5,"2023-04-18",12.32,33.0136427972866,32.858,24.863,7.788,789.3786611,NA,1.148,26.02334,NA,NA,NA,NA,NA,NA,NA,NA,NA,NA,NA,NA,NA,NA,NA,NA,NA,NA,NA,NA,NA,NA,NA,NA,NA,NA,NA,NA,NA,NA,NA,NA,NA,NA,NA,NA,NA,NA,NA,NA,NA,NA,NA,NA,NA,NA,NA,NA,"UNK"
"138",138,"20230417_smode2_B40.16S.exp.",2023,40,0,"18-Apr-2023 22:23:00",0.932638888945803,18,-123.904281,37.020098,5,"2023-04-18",11.749,33.0628737953756,32.907,25.011,8.14,699.6413122,NA,1.979,34.83186,NA,NA,NA,NA,NA,NA,NA,NA,NA,NA,NA,NA,NA,NA,NA,NA,NA,NA,NA,NA,NA,NA,NA,NA,NA,NA,NA,NA,NA,NA,NA,NA,NA,NA,NA,NA,NA,NA,NA,NA,NA,NA,NA,NA,NA,NA,NA,NA,"UNK"
"139",139,"20230417_smode2_C8N10.16S.exp.",2023,8,10,"17-Apr-2023 12:38:00",0.526354166679084,17,-123.791333333333,37.1175,45,"2023-04-17",10.3975,33.0813850104053,32.9252,25.2644,206.111,0.09751,0.468018752729783,0.468018752729783,4.734175,1.075539464,0.686452603,4.134673556,0.64469514,0.7865,10.4155,10.9120725851274,1.21,0.102,0.222,0.056,0,0.017,0.035,0.025,0,0,0.441,0,0,1.158,0,0.102,0.054,0.168,0.052,0,0.01,0.037,0.307,0.07,0.006,0,0.585,0.116,0.458,1.992,0.898,0.574,1.534,2.108,0.2,0.06,0.8,0.94,0.74,2.67,0.57,"UNK"
"140",140,"20230417_smode2_C8N12.16S.exp.",2023,8,12,"17-Apr-2023 12:38:00",0.526354166679084,17,-123.791333333333,37.1175,28,"2023-04-17",10.764325,32.9376599462119,32.78235,25.0891,229.8055,0.09751,2.06610843272978,2.06610843272978,13.72087,3.341977138,1.72387821,16.87692731,2.74383579,0.4095,4.187,5.04821679029148,5.453,0.137,1.052,0.157,0,0.021,0.139,0.05,0.01,0.007,2.264,0,0,5.046,0,0.137,0.104,0.948,0.407,0,0.016,0.022,0.594,0.145,0.007,0,2.479,0.363,2.285,8.927,3.837,2.648,6.642,9.29,0.14,0.04,0.86,0.96,0.7,2.51,0.59,"UNK"
"141",141,"20230417_smode2_C8N18.16S.exp.",2023,8,18,"17-Apr-2023 12:38:00",0.526354166679084,17,-123.791333333333,37.1175,10,"2023-04-17",11.29435,32.8980106726306,32.7429,24.9649,248.417,0.09751,3.40114395272978,3.40114395272978,19.10161,4.665747303,1.954404573,22.77425869,3.617851766,0.1535,1.3585,0.350566752550572,5.814,0.286,1.236,0.18,0,0.067,0.181,0.144,0.012,0.013,2.246,0,0,5.457,0,0.286,0.111,1.125,0.357,0,0.03,0.098,0.719,0.071,0.023,0,2.756,0.53,2.313,9.649,4.365,2.843,7.336,10.179,0.19,0.05,0.81,0.95,0.75,2.58,0.57,"UNK"
"142",142,"20230417_smode2_C8N22.16S.exp.",2023,8,22,"17-Apr-2023 12:38:00",0.526354166679084,17,-123.791333333333,37.1175,5,"2023-04-17",11.29305,32.8978509811351,32.74275,24.965,247.872,0.442705,3.53338419272978,3.53338419272978,18.894865,3.706808351,1.533991022,22.59567173,3.567745021,0.1445,1.5315,0.297012920205559,5.187,0.256,1.098,0.155,0,0.061,0.153,0.116,0.01,0.013,1.992,0.021,0,4.922,0,0.256,0.096,1.002,0.265,0,0.026,0.084,0.484,0.076,0.015,0,2.459,0.447,2.074,8.615,3.875,2.521,6.541,9.062,0.18,0.05,0.82,0.95,0.75,2.59,0.57,"UNK"
"143",143,"20230417_smode2_C8N4.16S.exp.",2023,8,4,"17-Apr-2023 12:38:00",0.526354166679084,17,-123.791333333333,37.1175,100,"2023-04-17",9.73625,33.9230384514215,33.7616,26.0281,108.581,0.09751,0.0149074527297828,0.0149074527297828,1.32154,0.126913657,0.310731282,-9999,-9999,1.833,26.077,30.3032799060635,0.143,0,0.022,0.014,0,0,0.007,0.011,0,0,0.048,0,0,0.143,0,0,0.007,0.015,0,0,0,0,0.064,0.033,0,0,0.059,0.032,0.048,0.213,0.102,0.08,0.165,0.245,0.4,0.13,0.6,0.87,0.71,2.06,0.58,"UNK"
"144",144,"20230417_smode2_C8N8.16S.exp.",2023,8,8,"17-Apr-2023 12:38:00",0.526354166679084,17,-123.791333333333,37.1175,60,"2023-04-17",11.1898,33.5547800724079,33.396,25.4913,194.683,0.09751,0.0944757327297828,0.0944757327297828,1.39672,0.188512735,0.236163665,0.459722371,0.01937274,1.1195,11.415,16.6507553893242,0.218,0.035,0.048,0.015,0,0.012,0,0.01,0,0,0.08,0,0,0.218,0,0.035,0.018,0.03,0,0,0,0.012,0.041,0.028,0,0,0.137,0.025,0.092,0.393,0.2,0.117,0.301,0.418,0.21,0.06,0.79,0.94,0.92,2.57,0.52,"UNK"
"145",145,"20230419_smode2_B41.16S.exp.",2023,41,0,"19-Apr-2023 21:01:00",0.875694444403052,19,-123.924421,36.983441,5,"2023-04-19",11.807,32.9503407392489,32.795,24.913,7.62,2536.603339,4.577,1.546,24.22056,NA,NA,NA,NA,NA,NA,NA,NA,NA,NA,NA,NA,NA,NA,NA,NA,NA,NA,NA,NA,NA,NA,NA,NA,NA,NA,NA,NA,NA,NA,NA,NA,NA,NA,NA,NA,NA,NA,NA,NA,NA,NA,NA,NA,NA,NA,NA,NA,"NED"
"146",146,"20230419_smode2_C11N10.16S.exp.",2023,11,10,"19-Apr-2023 11:38:00",0.485057870391756,19,-123.922666666667,36.9795,30,"2023-04-19",10.7198,33.3006945449784,33.1437,25.3796,199.812,0.09751,0.119691032729783,0.119691032729783,2.05186,0.571013679,0.58059252,-9999,-9999,0.89,10.8655,12.5278615355519,0.563,0.051,0.104,0.033,0,0.013,0.019,0.017,0,0,0.195,0,0,0.555,0,0.051,0.027,0.077,0.008,0,0,0.022,0.207,0.048,0,0,0.276,0.069,0.208,0.926,0.432,0.277,0.718,0.995,0.25,0.07,0.75,0.93,0.77,2.59,0.57,"UNK"
"147",147,"20230419_smode2_C11N12.16S.exp.",2023,11,12,"19-Apr-2023 11:38:00",0.485057870391756,19,-123.922666666667,36.9795,17,"2023-04-19",10.32565,33.1106983358565,32.954525,25.29895,206.617,0.09751,0.539793212729783,0.539793212729783,5.577265,2.191949428,1.471403265,10.04463459,2.706759518,0.667,8.4045,9.16027516695472,3.63,0.081,0.707,0.119,0,0.017,0.093,0.059,0,0,1.461,0,0,3.388,0,0.081,0.097,0.61,0.242,0,0,0.017,0.798,0.179,0,0,1.618,0.271,1.478,5.896,2.537,1.749,4.418,6.167,0.15,0.04,0.85,0.96,0.7,2.53,0.59,"UNK"
"148",148,"20230419_smode2_C11N18.16S.exp.",2023,11,18,"19-Apr-2023 11:38:00",0.485057870391756,19,-123.922666666667,36.9795,10,"2023-04-19",10.40165,33.0844277554859,32.92845,25.2662,207.84,0.09751,NA,NA,NA,3.302915068,2.238823662,19.42284788,2.996918057,0.466,5.2175,6.09043601986047,6.389,0.089,1.283,0.174,0,0.027,0.172,0.077,0,0,2.763,0,0,6.077,0,0.089,0.139,1.144,0.312,0,0,0.02,0.918,0.23,0,0,2.956,0.423,2.79,10.551,4.585,3.213,7.761,10.974,0.13,0.04,0.87,0.96,0.72,2.42,0.58,"UNK"
"149",149,"20230419_smode2_C11N22.16S.exp.",2023,11,22,"19-Apr-2023 11:38:00",0.485057870391756,19,-123.922666666667,36.9795,5,"2023-04-19",10.952075,33.0098960061216,32.854275,25.1121,244.0045,0.450875,NA,NA,NA,NA,NA,NA,NA,NA,NA,NA,NA,NA,NA,NA,NA,NA,NA,NA,NA,NA,NA,NA,NA,NA,NA,NA,NA,NA,NA,NA,NA,NA,NA,NA,NA,NA,NA,NA,NA,NA,NA,NA,NA,NA,NA,NA,NA,NA,NA,NA,NA,"UNK"
"150",150,"20230419_smode2_C11N4.16S.exp.",2023,11,4,"19-Apr-2023 11:38:00",0.485057870391756,19,-123.922666666667,36.9795,95,"2023-04-19",9.72335,33.8922705704258,33.7311,26.0069,104.519,0.09751,0.00558543272978276,0.00558543272978276,0.738895,NA,NA,NA,NA,NA,NA,NA,NA,NA,NA,NA,NA,NA,NA,NA,NA,NA,NA,NA,NA,NA,NA,NA,NA,NA,NA,NA,NA,NA,NA,NA,NA,NA,NA,NA,NA,NA,NA,NA,NA,NA,NA,NA,NA,NA,NA,NA,NA,"UNK"
"151",151,"20230419_smode2_C12N10.16S.exp.",2023,12,10,"19-Apr-2023 13:01:00",0.542499999981374,19,-123.924333333333,36.9605,50,"2023-04-19",10.01295,33.2905142132051,33.1333,25.491,187.404,0.09751,0.148930592729783,0.148930592729783,1.73503,0.303106576,0.627169903,-9999,-9999,0.964,13.733,14.239,0.629,0.038,0.117,0.033,0,0.014,0.021,0.02,0,0,0.252,0,0,0.629,0,0.038,0.035,0.082,0,0,0,0.019,0.085,0.041,0,0,0.324,0.074,0.266,1.05,0.495,0.34,0.784,1.124,0.22,0.07,0.78,0.93,0.79,2.31,0.56,"UNK"
"152",152,"20230419_smode2_C12N12.16S.exp.",2023,12,12,"19-Apr-2023 13:01:00",0.542499999981374,19,-123.924333333333,36.9605,26.2,"2023-04-19",10.74345,33.1263596873296,32.97015,25.2386,209.715,0.09751,0.357071432729783,0.357071432729783,3.606475,NA,NA,NA,NA,NA,NA,NA,NA,NA,NA,NA,NA,NA,NA,NA,NA,NA,NA,NA,NA,NA,NA,NA,NA,NA,NA,NA,NA,NA,NA,NA,NA,NA,NA,NA,NA,NA,NA,NA,NA,NA,NA,NA,NA,NA,NA,NA,NA,"UNK"
"153",153,"20230419_smode2_C12N18.16S.exp.",2023,12,18,"19-Apr-2023 13:01:00",0.542499999981374,19,-123.924333333333,36.9605,12,"2023-04-19",11.1991,32.9478030297156,32.79245,25.0205,251.208,0.09751,3.59705919272978,3.59705919272978,19.60639,3.776000143,3.247117499,4.173298537,0,0.0185,0.7175,0.3545,5.6,0.139,1.605,0.166,0,0.051,0.248,0.059,0.009,0.017,2.927,0,0,5.018,0,0.139,0.096,1.509,0.582,0,0.021,0.021,0.993,0.119,0.013,0,3.193,0.499,2.978,10.322,5.221,3.477,7.344,10.821,0.14,0.05,0.86,0.95,0.93,2.11,0.52,"UNK"
"154",154,"20230419_smode2_C12N22.16S.exp.",2023,12,22,"19-Apr-2023 13:01:00",0.542499999981374,19,-123.924333333333,36.9605,5,"2023-04-19",11.23075,32.944661981037,32.78935,25.0121,252.478,0.46309,NA,NA,NA,NA,NA,NA,NA,NA,NA,NA,NA,NA,NA,NA,NA,NA,NA,NA,NA,NA,NA,NA,NA,NA,NA,NA,NA,NA,NA,NA,NA,NA,NA,NA,NA,NA,NA,NA,NA,NA,NA,NA,NA,NA,NA,NA,NA,NA,NA,NA,NA,"UNK"
"155",155,"20230419_smode2_C12N8.16S.exp.",2023,12,8,"19-Apr-2023 13:01:00",0.542499999981374,19,-123.924333333333,36.9605,80,"2023-04-19",9.99505,33.7745836594506,33.61425,25.8695,119.272,0.09751,0.0706358127297828,0.0706358127297828,0.846295,NA,NA,NA,NA,NA,NA,NA,NA,NA,NA,NA,NA,NA,NA,NA,NA,NA,NA,NA,NA,NA,NA,NA,NA,NA,NA,NA,NA,NA,NA,NA,NA,NA,NA,NA,NA,NA,NA,NA,NA,NA,NA,NA,NA,NA,NA,NA,NA,"UNK"
"156",156,"20230419_smode2_C9N12.16S.exp.",2023,9,12,"19-Apr-2023 08:42:00",0.36253472219687,19,-123.924166666667,37.0406666666667,23.7,"2023-04-19",10.81015,32.9883109303738,32.832725,25.12115,224.3505,0.09751,0.968504252729783,0.968504252729783,9.556435,NA,NA,NA,NA,NA,NA,NA,NA,NA,NA,NA,NA,NA,NA,NA,NA,NA,NA,NA,NA,NA,NA,NA,NA,NA,NA,NA,NA,NA,NA,NA,NA,NA,NA,NA,NA,NA,NA,NA,NA,NA,NA,NA,NA,NA,NA,NA,NA,"UNK"
"157",157,"20230419_smode2_C9N16.16S.exp.",2023,9,16,"19-Apr-2023 08:42:00",0.36253472219687,19,-123.924166666667,37.0406666666667,19,"2023-04-19",11.36065,33.0125623060437,32.856825,25.0416,234.9115,0.09751,2.58238533272978,2.58238533272978,10.95532,NA,NA,NA,NA,NA,NA,NA,NA,NA,NA,NA,NA,NA,NA,NA,NA,NA,NA,NA,NA,NA,NA,NA,NA,NA,NA,NA,NA,NA,NA,NA,NA,NA,NA,NA,NA,NA,NA,NA,NA,NA,NA,NA,NA,NA,NA,NA,NA,"UNK"
"158",158,"20230419_smode2_C9N18.16S.exp.",2023,9,18,"19-Apr-2023 08:42:00",0.36253472219687,19,-123.924166666667,37.0406666666667,10,"2023-04-19",11.83455,33.0193254009264,32.86365,24.9603,245.041,0.09751,NA,NA,NA,NA,NA,NA,NA,NA,NA,NA,NA,NA,NA,NA,NA,NA,NA,NA,NA,NA,NA,NA,NA,NA,NA,NA,NA,NA,NA,NA,NA,NA,NA,NA,NA,NA,NA,NA,NA,NA,NA,NA,NA,NA,NA,NA,NA,NA,NA,NA,NA,"UNK"
"159",159,"20230419_smode2_C9N22.16S.exp.",2023,9,22,"19-Apr-2023 08:42:00",0.36253472219687,19,-123.924166666667,37.0406666666667,5,"2023-04-19",11.84875,33.0188684896194,32.8632,24.9571,246.03,0.51102,NA,NA,NA,2.230878245,1.263410614,16.77169643,2.55587108,0.1115,0.655,0.020963597868857,3.37,0.158,0.855,0.098,0.014,0.043,0.146,0.043,0.009,0.015,1.562,0,0,3.083,0,0.158,0.074,0.781,0.287,0,0.019,0.056,0.648,0.197,0.01,0,1.835,0.311,1.619,6.002,2.943,1.93,4.383,6.313,0.16,0.05,0.84,0.95,0.87,2.27,0.53,"UNK"
"160",160,"20230419_smode2_C9N8.16S.exp.",2023,9,8,"19-Apr-2023 08:42:00",0.36253472219687,19,-123.924166666667,37.0406666666667,42,"2023-04-19",10.1278,33.197139129588,33.04045,25.3998,196.93,0.09751,0.249588032729783,0.249588032729783,3.584995,0.686389731,0.774732249,-9999,-9999,0.8605,13.0985,11.472,1.114,0.068,0.199,0.05,0,0.016,0.033,0.028,0,0,0.41,0,0,1.098,0,0.068,0.05,0.149,0.016,0,0,0.024,0.277,0.09,0,0,0.522,0.111,0.426,1.807,0.804,0.537,1.381,1.918,0.21,0.06,0.79,0.94,0.72,2.57,0.58,"UNK"
"161",161,"20230420_smode2_B42.16S.exp.",2023,42,0,"20-Apr-2023 21:34:00",0.898611111100763,20,-124.022296,36.907343,5,"2023-04-20",11.692,32.95636351856,32.801,24.939,7.183,2486.464,4.705,1.269,20.93448,NA,NA,NA,NA,NA,NA,NA,NA,NA,NA,NA,NA,NA,NA,NA,NA,NA,NA,NA,NA,NA,NA,NA,NA,NA,NA,NA,NA,NA,NA,NA,NA,NA,NA,NA,NA,NA,NA,NA,NA,NA,NA,NA,NA,NA,NA,NA,NA,"SED"
"162",162,"20230420_smode2_B43.16S.exp.",2023,43,0,"20-Apr-2023 21:45:00",0.90625,20,-124.032303,36.924099,5,"2023-04-20",11.598,32.996553832902,32.841,24.987,7.213,2465.113334,5.562,1.586,24.01518,NA,NA,NA,NA,NA,NA,NA,NA,NA,NA,NA,NA,NA,NA,NA,NA,NA,NA,NA,NA,NA,NA,NA,NA,NA,NA,NA,NA,NA,NA,NA,NA,NA,NA,NA,NA,NA,NA,NA,NA,NA,NA,NA,NA,NA,NA,NA,NA,"SED"
"163",163,"20230420_smode2_B44.16S.exp.",2023,44,0,"20-Apr-2023 21:52:00",0.911111111054197,20,-124.033041,36.935723,5,"2023-04-20",11.6,33.048801036453,32.893,25.027,7.516,2458.416666,7.048,2.071,30.3135,NA,NA,NA,NA,NA,NA,NA,NA,NA,NA,NA,NA,NA,NA,NA,NA,NA,NA,NA,NA,NA,NA,NA,NA,NA,NA,NA,NA,NA,NA,NA,NA,NA,NA,NA,NA,NA,NA,NA,NA,NA,NA,NA,NA,NA,NA,NA,NA,"COR"
"164",164,"20230420_smode2_B45.16S.exp.",2023,45,0,"20-Apr-2023 21:59:00",0.915972222224809,20,-124.033095,36.947251,5,"2023-04-20",11.633,33.011626709361,32.856,24.992,7.498,2461.166666,6.016,1.913,28.28252,4.64,2.2,-9999,-9999,-9999,-9999,-9999,6.297,0.107,1.708,0.16,0,0.057,0.29,0.058,0.141,0.021,3.062,0,0,5.254,0,0.107,0.094,1.614,1.043,0,0.023,0.021,0.866,0.057,0.009,0,3.305,0.67,3.119,11.231,5.604,3.789,8.112,11.901,0.18,0.06,0.82,0.94,0.89,2.14,0.53,"COR"
"165",165,"20230420_smode2_B46.16S.exp.",2023,46,0,"20-Apr-2023 22:05:00",0.920138888875954,20,-124.033088,36.957206,5,"2023-04-20",11.715,32.9804806764285,32.825,24.953,7.294,2461.08,4.557,1.424,22.53188,NA,NA,NA,NA,NA,NA,NA,NA,NA,NA,NA,NA,NA,NA,NA,NA,NA,NA,NA,NA,NA,NA,NA,NA,NA,NA,NA,NA,NA,NA,NA,NA,NA,NA,NA,NA,NA,NA,NA,NA,NA,NA,NA,NA,NA,NA,NA,NA,"NED"
"166",166,"20230420_smode2_B47.16S.exp.",2023,47,0,"20-Apr-2023 22:10:00",0.923611111124046,20,-124.033067,36.965247,5,"2023-04-20",11.742,32.9865097455309,32.831,24.953,7.124,2459.7,3.897,1.275,19.61092,NA,NA,NA,NA,NA,NA,NA,NA,NA,NA,NA,NA,NA,NA,NA,NA,NA,NA,NA,NA,NA,NA,NA,NA,NA,NA,NA,NA,NA,NA,NA,NA,NA,NA,NA,NA,NA,NA,NA,NA,NA,NA,NA,NA,NA,NA,NA,NA,"NED"
"167",167,"20230420_smode2_B48.16S.exp.",2023,48,0,"20-Apr-2023 22:19:00",0.929861111100763,20,-124.03304,36.980091,5,"2023-04-20",11.736,32.9794777863772,32.824,24.949,6.881,2456.127334,3.446,1.114,16.9638,NA,NA,NA,NA,NA,NA,NA,NA,NA,NA,NA,NA,NA,NA,NA,NA,NA,NA,NA,NA,NA,NA,NA,NA,NA,NA,NA,NA,NA,NA,NA,NA,NA,NA,NA,NA,NA,NA,NA,NA,NA,NA,NA,NA,NA,NA,NA,NA,"NED"
"168",168,"20230420_smode2_B49.16S.exp.",2023,49,0,"20-Apr-2023 22:25:00",0.934027777751908,20,-124.032975,36.989938,5,"2023-04-20",11.658,32.9654122689128,32.81,24.952,6.866,2460.527333,3.844,1.216,17.62558,NA,NA,NA,NA,NA,NA,NA,NA,NA,NA,NA,NA,NA,NA,NA,NA,NA,NA,NA,NA,NA,NA,NA,NA,NA,NA,NA,NA,NA,NA,NA,NA,NA,NA,NA,NA,NA,NA,NA,NA,NA,NA,NA,NA,NA,NA,NA,NA,"NED"
"169",169,"20230420_smode2_B50.16S.exp.",2023,50,0,"20-Apr-2023 22:38:00",0.943055555573665,20,-124.032976,37.011278,5,"2023-04-20",11.848,33.0769397712027,32.921,25.003,6.574,2497.464,1.609,0.553,11.23598,NA,NA,NA,NA,NA,NA,NA,NA,NA,NA,NA,NA,NA,NA,NA,NA,NA,NA,NA,NA,NA,NA,NA,NA,NA,NA,NA,NA,NA,NA,NA,NA,NA,NA,NA,NA,NA,NA,NA,NA,NA,NA,NA,NA,NA,NA,NA,NA,"NFIL"
"170",170,"20230421_smode2_B51.16S.exp.",2023,51,0,"21-Apr-2023 16:27:00",0.685416666674428,21,-124.00743,36.857999,5,"2023-04-21",11.802,33.0025781458297,32.847,24.954,6.693,945.3799956,3.303,1.401,11.87494,NA,NA,NA,NA,NA,NA,NA,NA,NA,NA,NA,NA,NA,NA,NA,NA,NA,NA,NA,NA,NA,NA,NA,NA,NA,NA,NA,NA,NA,NA,NA,NA,NA,NA,NA,NA,NA,NA,NA,NA,NA,NA,NA,NA,NA,NA,NA,NA,"SFIL"
"171",171,"20230421_smode2_B52.16S.exp.",2023,52,0,"21-Apr-2023 16:35:00",0.690972222248092,21,-124.015664,36.869707,5,"2023-04-21",11.703,33.0015739507025,32.846,24.972,6.651,970.7740031,3.817,1.714,13.67772,NA,NA,NA,NA,NA,NA,NA,NA,NA,NA,NA,NA,NA,NA,NA,NA,NA,NA,NA,NA,NA,NA,NA,NA,NA,NA,NA,NA,NA,NA,NA,NA,NA,NA,NA,NA,NA,NA,NA,NA,NA,NA,NA,NA,NA,NA,NA,NA,"SFIL"
"172",172,"20230421_smode2_B53.16S.exp.",2023,53,0,"21-Apr-2023 16:40:00",0.694444444496185,21,-124.020794,36.877075,5,"2023-04-21",11.649,32.9895174549756,32.834,24.973,6.609,1007.807364,3.543,1.658,13.17568,NA,NA,NA,NA,NA,NA,NA,NA,NA,NA,NA,NA,NA,NA,NA,NA,NA,NA,NA,NA,NA,NA,NA,NA,NA,NA,NA,NA,NA,NA,NA,NA,NA,NA,NA,NA,NA,NA,NA,NA,NA,NA,NA,NA,NA,NA,NA,NA,"SFIL"
"173",173,"20230421_smode2_B54.16S.exp.",2023,54,0,"21-Apr-2023 16:47:00",0.699305555550382,21,-124.02794,36.887073,5,"2023-04-21",11.622,32.9875084352089,32.832,24.975,6.639,1102.759344,3.362,1.585,13.47234,NA,NA,NA,NA,NA,NA,NA,NA,NA,NA,NA,NA,NA,NA,NA,NA,NA,NA,NA,NA,NA,NA,NA,NA,NA,NA,NA,NA,NA,NA,NA,NA,NA,NA,NA,NA,NA,NA,NA,NA,NA,NA,NA,NA,NA,NA,NA,NA,"SED"
"174",174,"20230421_smode2_B55.16S.exp.",2023,55,0,"21-Apr-2023 16:52:00",0.702777777798474,21,-124.032895,36.894297,5,"2023-04-21",11.572,32.9804756163878,32.825,24.979,6.794,994.6940002,4.37,1.839,15.1382,NA,NA,NA,NA,NA,NA,NA,NA,NA,NA,NA,NA,NA,NA,NA,NA,NA,NA,NA,NA,NA,NA,NA,NA,NA,NA,NA,NA,NA,NA,NA,NA,NA,NA,NA,NA,NA,NA,NA,NA,NA,NA,NA,NA,NA,NA,NA,NA,"SED"
"175",175,"20230421_smode2_B56.16S.exp.",2023,56,0,"21-Apr-2023 17:04:00",0.711111111100763,21,-124.045207,36.911719,5,"2023-04-21",11.51,33.0156421847884,32.86,25.018,7.133,1056.200006,6.039,2.574,23.4675,NA,NA,NA,NA,NA,NA,NA,NA,NA,NA,NA,NA,NA,NA,NA,NA,NA,NA,NA,NA,NA,NA,NA,NA,NA,NA,NA,NA,NA,NA,NA,NA,NA,NA,NA,NA,NA,NA,NA,NA,NA,NA,NA,NA,NA,NA,NA,NA,"COR"
"176",176,"20230421_smode2_B57.16S.exp.",2023,57,0,"21-Apr-2023 17:12:00",0.716666666674428,21,-124.053018,36.922723,5,"2023-04-21",11.569,32.9945432125115,32.839,24.991,6.931,1164.267331,4.719,2.341,20.45526,NA,NA,NA,NA,NA,NA,NA,NA,NA,NA,NA,NA,NA,NA,NA,NA,NA,NA,NA,NA,NA,NA,NA,NA,NA,NA,NA,NA,NA,NA,NA,NA,NA,NA,NA,NA,NA,NA,NA,NA,NA,NA,NA,NA,NA,NA,NA,NA,"NED"
"177",177,"20230421_smode2_C13N12.16S.exp.",2023,13,12,"21-Apr-2023 14:23:00",0.59945601853542,21,-123.9875,36.8673333333333,33,"2023-04-21",11.0682,33.0577852185109,32.9019,25.12935,211.0335,0.325755,0.548605832729783,0.548605832729783,3.91525,1.604900433,0.792031268,5.237911044,1.045388665,0.538,6.7785,7.0965,1.892,0.053,0.386,0.059,0,0.016,0.047,0.035,0,0,0.789,0,0,1.815,0,0.053,0.087,0.299,0.077,0,0,0.017,0.286,0.185,0,0,0.893,0.141,0.805,3.136,1.385,0.946,2.331,3.277,0.15,0.04,0.85,0.96,0.73,2.46,0.58,"UNK"
"178",178,"20230421_smode2_C13N16.16S.exp.",2023,13,16,"21-Apr-2023 14:23:00",0.59945601853542,21,-123.9875,36.8673333333333,24,"2023-04-21",11.49515,32.9733008310094,32.8178,24.9867,233.115,1.2465,2.11470519272978,2.11470519272978,9.40876,2.076927217,1.290261705,11.39300278,1.851513941,0.093,0.9855,0.8865,2.936,0.041,0.749,0.077,0,0.038,0.111,0.027,0.013,0.011,1.483,0,0,2.628,0,0.041,0.076,0.673,0.308,0,0,0.012,0.542,0.201,0.007,0,1.6,0.239,1.521,5.247,2.55,1.76,3.726,5.486,0.14,0.04,0.86,0.96,0.87,2.12,0.54,"UNK"
"179",179,"20230421_smode2_C13N18.16S.exp.",2023,13,18,"21-Apr-2023 14:23:00",0.59945601853542,21,-123.9875,36.8673333333333,10,"2023-04-21",11.53815,32.9760100999277,32.82055,24.981,233.6935,24.175,2.27475867272978,2.27475867272978,10.08538,2.413588778,1.568020901,-9999,-9999,0.068,0.5465,0.763,2.948,0.047,0.746,0.083,0,0.037,0.112,0.032,0.012,0.012,1.489,0,0,2.759,0,0.047,0.071,0.675,0.189,0,0,0.011,0.454,0.206,0,0,1.617,0.251,1.526,5.267,2.57,1.777,3.741,5.518,0.14,0.05,0.86,0.95,0.87,2.11,0.53,"UNK"
"180",180,"20230421_smode2_C13N22.16S.exp.",2023,13,22,"21-Apr-2023 14:23:00",0.59945601853542,21,-123.9875,36.8673333333333,5,"2023-04-21",11.5361,32.9754010197981,32.81995,24.9811,233.428,88.485,NA,NA,NA,2.373921706,1.013053048,-9999,-9999,NA,NA,NA,2.788,0.043,0.679,0.073,0,0.028,0.108,0.027,0.014,0,1.38,0,0,2.588,0,0.043,0.059,0.62,0.2,0,0,0.009,0.436,0.171,0,0,1.478,0.222,1.408,4.918,2.352,1.63,3.51,5.14,0.14,0.04,0.86,0.96,0.84,2.15,0.54,"UNK"
"181",181,"20230421_smode2_C13N4.16S.exp.",2023,13,4,"21-Apr-2023 14:23:00",0.59945601853542,21,-123.9875,36.8673333333333,100,"2023-04-21",9.6018,33.9363135091473,33.774875,26.06055,102.211,0.09751,0.0023762127297828,0.0023762127297828,0.43549,0.048203723,0.146358934,0,0,1.853,28.8455,27.8275,0.05,0,0.008,0,0,0,0,0,0,0,0.023,0,0,0.05,0,0,0,0.008,0,0,0,0,0.02,0.022,0,0,0.023,0,0.023,0.081,0.031,0.023,0.058,0.081,0,0,1,1,0.62,2.52,0.62,"UNK"
"182",182,"20230421_smode2_C13N8.16S.exp.",2023,13,8,"21-Apr-2023 14:23:00",0.59945601853542,21,-123.9875,36.8673333333333,45,"2023-04-21",10.40705,33.1460602401076,32.9896,25.313,198.943,0.09751,0.184486712729783,0.184486712729783,2.446555,0.332700208,1.419032305,2.65263859,0.566986636,0.8335,11.7045,12.086,0.705,0.034,0.145,0.035,0,0.014,0.021,0.025,0,0,0.267,0.016,0,0.687,0,0.034,0.042,0.103,0.018,0,0,0.014,0.193,0.106,0,0,0.356,0.081,0.297,1.181,0.557,0.378,0.884,1.262,0.21,0.06,0.79,0.94,0.79,2.34,0.56,"UNK"
"183",183,"20230422_smode2_B58.16S.exp.",2023,58,0,"22-Apr-2023 22:45:00",0.947916666627862,22,-124.167487,36.867193,5,"2023-04-22",11.692,33.0116136184025,32.856,24.982,6.815,2373.629286,4.538,1.563,21.09422,NA,NA,NA,NA,NA,NA,NA,NA,NA,NA,NA,NA,NA,NA,NA,NA,NA,NA,NA,NA,NA,NA,NA,NA,NA,NA,NA,NA,NA,NA,NA,NA,NA,NA,NA,NA,NA,NA,NA,NA,NA,NA,NA,NA,NA,NA,NA,NA,"COR"
"184",184,"20230422_smode2_B59.16S.exp.",2023,59,0,"22-Apr-2023 22:50:00",0.951388888875954,22,-124.16751,36.858552,5,"2023-04-22",11.729,32.99654189163,32.841,24.963,6.775,2247.13803,4.285,1.583,20.0445,NA,NA,NA,NA,NA,NA,NA,NA,NA,NA,NA,NA,NA,NA,NA,NA,NA,NA,NA,NA,NA,NA,NA,NA,NA,NA,NA,NA,NA,NA,NA,NA,NA,NA,NA,NA,NA,NA,NA,NA,NA,NA,NA,NA,NA,NA,NA,NA,"SED"
"185",185,"20230422_smode2_B60.16S.exp.",2023,60,0,"22-Apr-2023 22:54:00",0.954166666720994,22,-124.167499,36.851738,5,"2023-04-22",11.766,32.9844845199061,32.829,24.946,6.709,2481.603332,3.936,1.486,17.94506,NA,NA,NA,NA,NA,NA,NA,NA,NA,NA,NA,NA,NA,NA,NA,NA,NA,NA,NA,NA,NA,NA,NA,NA,NA,NA,NA,NA,NA,NA,NA,NA,NA,NA,NA,NA,NA,NA,NA,NA,NA,NA,NA,NA,NA,NA,NA,NA,"SED"
"186",186,"20230422_smode2_B61.16S.exp.",2023,61,0,"22-Apr-2023 23:00:00",0.958333333372138,22,-124.167535,36.84137,5,"2023-04-22",11.836,32.9824742275958,32.827,24.932,6.679,2283.529341,3.584,1.353,15.7087,NA,NA,NA,NA,NA,NA,NA,NA,NA,NA,NA,NA,NA,NA,NA,NA,NA,NA,NA,NA,NA,NA,NA,NA,NA,NA,NA,NA,NA,NA,NA,NA,NA,NA,NA,NA,NA,NA,NA,NA,NA,NA,NA,NA,NA,NA,NA,NA,"SFIL"
"187",187,"20230422_smode2_B62.16S.exp.",2023,62,0,"22-Apr-2023 23:05:00",0.961805555503815,22,-124.167549,36.832689,5,"2023-04-22",11.845,32.9794593334364,32.824,24.928,6.669,2001.032167,3.501,1.225,14.70462,NA,NA,NA,NA,NA,NA,NA,NA,NA,NA,NA,NA,NA,NA,NA,NA,NA,NA,NA,NA,NA,NA,NA,NA,NA,NA,NA,NA,NA,NA,NA,NA,NA,NA,NA,NA,NA,NA,NA,NA,NA,NA,NA,NA,NA,NA,NA,NA,"SFIL"
"188",188,"20230422_smode2_B63.16S.exp.",2023,63,0,"22-Apr-2023 23:10:00",0.965277777751908,22,-124.167538,36.824057,5,"2023-04-22",11.818,32.9734302361076,32.818,24.929,6.678,2118.72463,3.617,1.316,15.29794,NA,NA,NA,NA,NA,NA,NA,NA,NA,NA,NA,NA,NA,NA,NA,NA,NA,NA,NA,NA,NA,NA,NA,NA,NA,NA,NA,NA,NA,NA,NA,NA,NA,NA,NA,NA,NA,NA,NA,NA,NA,NA,NA,NA,NA,NA,NA,NA,"SFIL"
"189",189,"20230422_smode2_B64.16S.exp.",2023,64,0,"22-Apr-2023 23:15:00",0.96875,22,-124.167549,36.815646,5,"2023-04-22",11.768,32.9653916831718,32.81,24.932,6.647,1937.972596,3.26,1.228,14.7959,NA,NA,NA,NA,NA,NA,NA,NA,NA,NA,NA,NA,NA,NA,NA,NA,NA,NA,NA,NA,NA,NA,NA,NA,NA,NA,NA,NA,NA,NA,NA,NA,NA,NA,NA,NA,NA,NA,NA,NA,NA,NA,NA,NA,NA,NA,NA,NA,"SFIL"
"190",190,"20230422_smode2_B65.16S.exp.",2023,65,0,"22-Apr-2023 23:20:00",0.972222222248092,22,-124.167522,36.807137,5,"2023-04-22",11.747,32.9563483885916,32.801,24.929,6.665,1797.08997,3.544,1.29,15.18384,NA,NA,NA,NA,NA,NA,NA,NA,NA,NA,NA,NA,NA,NA,NA,NA,NA,NA,NA,NA,NA,NA,NA,NA,NA,NA,NA,NA,NA,NA,NA,NA,NA,NA,NA,NA,NA,NA,NA,NA,NA,NA,NA,NA,NA,NA,NA,NA,"SFIL"
"191",191,"20230422_smode2_B66.16S.exp.",2023,66,0,"22-Apr-2023 23:27:00",0.977083333302289,22,-124.167559,36.795009,5,"2023-04-22",11.638,32.9342432372495,32.779,24.931,6.596,200.74,3.123,1.291,15.18384,NA,NA,NA,NA,NA,NA,NA,NA,NA,NA,NA,NA,NA,NA,NA,NA,NA,NA,NA,NA,NA,NA,NA,NA,NA,NA,NA,NA,NA,NA,NA,NA,NA,NA,NA,NA,NA,NA,NA,NA,NA,NA,NA,NA,NA,NA,NA,NA,"OUT"
"192",192,"20230422_smode2_B67.16S.exp.",2023,67,0,"22-Apr-2023 23:33:00",0.981249999953434,22,-124.167515,36.784669,5,"2023-04-22",11.54,32.9121382318977,32.757,24.932,6.508,1814.506028,2.674,1.275,15.16102,NA,NA,NA,NA,NA,NA,NA,NA,NA,NA,NA,NA,NA,NA,NA,NA,NA,NA,NA,NA,NA,NA,NA,NA,NA,NA,NA,NA,NA,NA,NA,NA,NA,NA,NA,NA,NA,NA,NA,NA,NA,NA,NA,NA,NA,NA,NA,NA,"OUT"
"193",193,"20230422_smode2_C14N10.16S.exp.",2023,14,10,"22-Apr-2023 03:23:00",0.1409143517958,22,-124.055333333333,36.8971666666667,42,"2023-04-22",10.445225,33.1038023761773,32.947575,25.27375,204.1255,0.09751,0.530776832729783,0.530776832729783,4.30189,0.718329994,0.598812392,2.657760535,0.52502465,0.7665,12.03,11.1475,1.113,0.043,0.237,0.04,0,0.018,0.03,0.034,0,0,0.462,0,0,1.081,0,0.043,0.073,0.164,0.032,0,0,0.019,0.203,0.099,0,0,0.557,0.104,0.48,1.873,0.864,0.584,1.393,1.977,0.18,0.05,0.82,0.95,0.78,2.39,0.56,"UNK"
"194",194,"20230422_smode2_C14N14.16S.exp.",2023,14,14,"22-Apr-2023 03:23:00",0.1409143517958,22,-124.055333333333,36.8971666666667,34,"2023-04-22",10.60735,33.1010291168736,32.944925,25.2429,205.1055,0.09751,0.447540872729783,0.447540872729783,4.88185,0.924377281,1.014563286,4.057864073,0.699569465,0.727,10.3155,10.12,1.108,0.039,0.242,0.043,0,0.016,0.03,0.037,0,0,0.464,0,0,1.077,0,0.039,0.074,0.168,0.031,0,0,0.019,0.217,0.083,0,0,0.556,0.11,0.48,1.869,0.871,0.59,1.389,1.979,0.19,0.06,0.81,0.94,0.79,2.35,0.56,"UNK"
"195",195,"20230422_smode2_C14N18.16S.exp.",2023,14,18,"22-Apr-2023 03:23:00",0.1409143517958,22,-124.055333333333,36.8971666666667,28,"2023-04-22",11.39375,33.0154556650956,32.8598,25.037,244.0625,0.09751,3.34541559272978,3.34541559272978,19.39696,2.945534388,1.932572639,20.13494481,2.941754126,0.1825,3.0875,3.329,3.764,0.052,1.005,0.106,0,0.037,0.198,0.039,0.013,0.02,2.085,0,0,3.434,0,0.052,0.1,0.905,0.33,0,0,0.011,0.676,0.139,0,0,2.233,0.376,2.122,6.943,3.555,2.498,4.821,7.319,0.15,0.05,0.85,0.95,0.94,1.93,0.51,"UNK"
"196",196,"20230422_smode2_C14N22.16S.exp.",2023,14,22,"22-Apr-2023 03:23:00",0.1409143517958,22,-124.055333333333,36.8971666666667,5,"2023-04-22",11.42915,33.0036839928176,32.8481,25.0222,243.762,0.52118,NA,NA,NA,3.74294425,2.12085697,36.82140366,3.939629882,-0.001,0.572,0.45,3.97,0.045,1.24,0.116,0,0.047,0.266,0.036,0.011,0.024,2.411,0,0,3.284,0,0.045,0.085,1.155,0.686,0,0.011,0.013,0.757,0.089,0.008,0,2.563,0.453,2.458,7.713,4.196,2.911,5.255,8.166,0.16,0.06,0.84,0.94,1.06,1.81,0.49,"UNK"
"197",197,"20230422_smode2_C14N4.16S.exp.",2023,14,4,"22-Apr-2023 03:23:00",0.1409143517958,22,-124.055333333333,36.8971666666667,65,"2023-04-22",9.98,33.3362971717453,33.17845,25.5319,180.353,0.09751,0.106803212729783,0.106803212729783,1.32154,0.232512077,0.665083686,2.288671154,0.078331155,1.0925,16.5955,17.4165,0.345,0.03,0.07,0.023,0,0.008,0.013,0.012,0,0,0.138,0,0,0.337,0,0.03,0.022,0.048,0.008,0,0,0.009,0.163,0.062,0,0,0.188,0.048,0.146,0.591,0.294,0.194,0.445,0.639,0.25,0.08,0.75,0.92,0.85,2.29,0.54,"UNK"
"198",198,"20230422_smode2_C15N10.16S.exp.",2023,15,10,"22-Apr-2023 14:18:00",0.59585648146458,22,-124.117,36.8918333333333,38,"2023-04-22",10.22365,33.1774720987727,33.02095,25.3683,199.0295,0.09751,0.444127892729783,0.444127892729783,4.12468,1.14932799,1.560174303,7.145934925,0.971138137,0.8125,10.155,11.103894095045,1.719,0.028,0.407,0.056,0,0,0.053,0.03,0,0,0.775,0,0,1.666,0,0.028,0.054,0.353,0.053,0,0,0.013,0.455,0.107,0,0,0.833,0.139,0.775,2.929,1.349,0.914,2.154,3.068,0.15,0.05,0.85,0.95,0.78,2.36,0.56,"UNK"
"199",199,"20230422_smode2_C15N14.16S.exp.",2023,15,14,"22-Apr-2023 14:18:00",0.59585648146458,22,-124.117,36.8918333333333,28,"2023-04-22",11.3236,33.0271073228674,32.8714,25.0591,234.286,0.10916,3.26223057272978,3.26223057272978,18.481375,2.576914335,2.436695665,25.96892691,3.650160972,0.1905,1.6055,1.6541154650679,4.032,0.04,1.167,0.117,0,0.032,0.196,0.036,0,0.02,2.271,0,0,3.513,0,0.04,0.097,1.07,0.519,0,0,0.01,0.779,0.091,0,0,2.399,0.369,2.303,7.542,3.879,2.672,5.239,7.911,0.14,0.05,0.86,0.95,0.96,1.96,0.51,"UNK"
"200",200,"20230422_smode2_C15N18.16S.exp.",2023,15,18,"22-Apr-2023 14:18:00",0.59585648146458,22,-124.117,36.8918333333333,12,"2023-04-22",11.3506,33.0211379117442,32.86545,25.0498,233.5065,3.32125,NA,NA,NA,2.727874043,2.342695172,31.68115541,4.415139204,0.1285,1.014,0.525266135869212,4.352,0.041,1.246,0.121,0.012,0.038,0.204,0.028,0.011,0.015,2.426,0,0,3.997,0,0.041,0.097,1.149,0.355,0,0,0.008,0.637,0.078,0,0,2.56,0.379,2.476,8.115,4.142,2.855,5.639,8.494,0.13,0.04,0.87,0.96,0.95,1.98,0.51,"UNK"
"201",201,"20230422_smode2_C15N22.16S.exp.",2023,15,22,"22-Apr-2023 14:18:00",0.59585648146458,22,-124.117,36.8918333333333,5,"2023-04-22",11.3491,33.0213140706444,32.86565,25.0503,233.544,20.053,NA,NA,NA,2.740079296,2.409633248,16.95925479,2.49030155,0.1145,1.0225,0.177632573217121,4.099,0.029,1.199,0.108,0,0.033,0.183,0.028,0.01,0.014,2.234,0,0,3.759,0,0.029,0.091,1.108,0.34,0,0,0.008,0.658,0.071,0,0,2.338,0.343,2.267,7.594,3.838,2.61,5.327,7.937,0.13,0.04,0.87,0.96,0.94,2.04,0.52,"UNK"
"202",202,"20230422_smode2_C15N4.16S.exp.",2023,15,4,"22-Apr-2023 14:18:00",0.59585648146458,22,-124.117,36.8918333333333,100,"2023-04-22",9.722375,33.9085590113666,33.747275,26.01895,104.6225,0.09751,0.0158243727297828,0.0158243727297828,0.701305000000001,NA,NA,NA,NA,NA,NA,NA,NA,NA,NA,NA,NA,NA,NA,NA,NA,NA,NA,NA,NA,NA,NA,NA,NA,NA,NA,NA,NA,NA,NA,NA,NA,NA,NA,NA,NA,NA,NA,NA,NA,NA,NA,NA,NA,NA,NA,NA,NA,"UNK"
"203",203,"20230423_smode2_C16N12.16S.exp.",2023,16,12,"23-Apr-2023 14:56:00",0.621990740764886,23,-124.164333333333,36.8296666666667,56,"2023-04-23",10.105125,33.1054327880001,32.94895,25.33025,189.1245,0.09751,0.172770512729783,0.172770512729783,2.26129,0.385629786,0.948227604,3.085048305,0.217105993,0.896,13.292,13.1595,0.433,0.028,0.085,0.02,0,0.012,0.017,0.013,0,0,0.186,0,0,0.419,0,0.028,0.022,0.063,0.014,0,0,0.012,0.168,0.081,0,0,0.239,0.05,0.198,0.744,0.361,0.248,0.546,0.794,0.2,0.06,0.8,0.94,0.83,2.2,0.55,"UNK"
"204",204,"20230423_smode2_C16N16.16S.exp.",2023,16,16,"23-Apr-2023 14:56:00",0.621990740764886,23,-124.164333333333,36.8296666666667,28,"2023-04-23",11.57385,32.9957519668604,32.8402,24.9896,229.6995,1.0412,2.69679657272978,2.69679657272978,10.55257,2.728141702,1.937796197,15.70237889,2.392465912,0.1845,0.742,0.417613106582363,3.801,0.033,0.973,0.095,0,0.028,0.165,0.022,0.012,0.008,2.063,0,0,3.513,0,0.033,0.1,0.873,0.288,0,0,0.008,0.573,0.244,0,0,2.154,0.302,2.091,6.898,3.399,2.393,4.807,7.2,0.13,0.04,0.87,0.96,0.89,2.01,0.53,"UNK"
"205",205,"20230423_smode2_C16N18.16S.exp.",2023,16,18,"23-Apr-2023 14:56:00",0.621990740764886,23,-124.164333333333,36.8296666666667,10,"2023-04-23",11.5712,32.9953389466892,32.8398,24.99,229.757,26.863,NA,NA,NA,2.764489802,1.859998829,17.61145679,2.594637649,0.09,0.54,0.663,4.116,0.032,1.087,0.097,0,0.028,0.184,0.017,0.015,0,2.297,0,0,3.63,0,0.032,0.111,0.976,0.486,0,0,0.008,0.711,0.221,0,0,2.374,0.313,2.325,7.56,3.757,2.638,5.235,7.873,0.12,0.04,0.88,0.96,0.91,1.98,0.52,"UNK"
"206",206,"20230423_smode2_C16N22.16S.exp.",2023,16,22,"23-Apr-2023 14:56:00",0.621990740764886,23,-124.164333333333,36.8296666666667,5,"2023-04-23",11.5688,32.9952335855391,32.8397,24.9901,229.403,90.243,NA,NA,NA,2.392229586,1.931874136,15.41742522,2.480056051,0.0555,0.586,0.493,3.405,0.034,0.986,0.081,0,0.025,0.177,0.02,0.013,0.009,1.958,0,0,3.064,0,0.034,0.102,0.884,0.341,0,0,0.006,0.637,0.238,0,0,2.046,0.3,1.983,6.408,3.303,2.283,4.425,6.708,0.13,0.04,0.87,0.96,0.97,1.94,0.51,"UNK"
"207",207,"20230423_smode2_C16N8.16S.exp.",2023,16,8,"23-Apr-2023 14:56:00",0.621990740764886,23,-124.164333333333,36.8296666666667,69,"2023-04-23",10.67765,33.3804074571203,33.222275,25.453,188.2965,0.09751,0.0880063527297828,0.0880063527297828,1.7404,0.347822944,0.4879273,1.490857959,0.117298496,1.101,13.6025,18.0778514453083,0.66,0.039,0.147,0.033,0.014,0.024,0.024,0.018,0,0,0.296,0.021,0,0.646,0,0.039,0.051,0.096,0.014,0,0,0.017,0.18,0.104,0,0,0.412,0.075,0.355,1.201,0.616,0.43,0.846,1.276,0.17,0.06,0.83,0.94,0.93,1.97,0.52,"UNK"
"208",208,"20230424_smode2_C17N16.16S.exp.",2023,17,16,"24-Apr-2023 09:51:00",0.410300925956108,24,-124.298333333333,36.9166666666667,28,"2023-04-24",11.7344,33.0879630734173,32.931975,25.0316,220.89,0.09751,0.794696972729783,0.794696972729783,4.77445,1.706978906,0.823672835,-9999,-9999,0.1865,1.6395,2.6005,2.57,0.061,0.557,0.067,0.02,0.076,0.091,0.041,0.011,0,1.096,0,0,2.497,0,0.061,0.084,0.473,0.073,0,0.009,0.019,0.249,0.225,0,0,1.294,0.21,1.192,4.38,2.02,1.402,3.188,4.59,0.15,0.05,0.85,0.95,0.79,2.27,0.56,"UNK"
"209",209,"20230424_smode2_C17N18.16S.exp.",2023,17,18,"24-Apr-2023 09:51:00",0.410300925956108,24,-124.298333333333,36.9166666666667,10,"2023-04-24",11.71,33.0844096225882,32.92845,25.0328,220.991,0.09751,NA,NA,NA,1.458909146,1.256021825,8.611359002,1.279252918,0.184,2.397,2.6955,2.334,0.062,0.52,0.065,0.022,0.084,0.082,0.053,0.009,0,0.934,0,0,2.234,0,0.062,0.093,0.427,0.1,0,0,0.025,0.23,0.15,0,0,1.155,0.209,1.04,3.956,1.831,1.249,2.916,4.165,0.17,0.05,0.83,0.95,0.78,2.33,0.56,"UNK"
"210",210,"20230424_smode2_C17N22.16S.exp.",2023,17,22,"24-Apr-2023 09:51:00",0.410300925956108,24,-124.298333333333,36.9166666666667,5,"2023-04-24",11.71405,33.0848560403653,32.9289,25.0329,220.949,0.61876,NA,NA,NA,1.573333393,0.952732815,-9999,-9999,0.2155,2.774,2.927,2.72,0.074,0.602,0.072,0.025,0.094,0.097,0.055,0.008,0.007,1.114,0,0,2.608,0,0.074,0.106,0.496,0.112,0,0.01,0.025,0.301,0.161,0,0,1.369,0.239,1.233,4.629,2.148,1.472,3.396,4.868,0.16,0.05,0.84,0.95,0.79,2.31,0.56,"UNK"
"211",211,"20230424_smode2_C17N4.16S.exp.",2023,17,4,"24-Apr-2023 09:51:00",0.410300925956108,24,-124.298333333333,36.9166666666667,95,"2023-04-24",10.150725,33.6947204663952,33.534575,25.78125,133.0685,0.09751,0.0757298127297828,0.0757298127297828,1.651795,NA,NA,NA,NA,NA,NA,NA,NA,NA,NA,NA,NA,NA,NA,NA,NA,NA,NA,NA,NA,NA,NA,NA,NA,NA,NA,NA,NA,NA,NA,NA,NA,NA,NA,NA,NA,NA,NA,NA,NA,NA,NA,NA,NA,NA,NA,NA,NA,"UNK"
"212",212,"20230424_smode2_C17N8.16S.exp.",2023,17,8,"24-Apr-2023 09:51:00",0.410300925956108,24,-124.298333333333,36.9166666666667,62,"2023-04-24",10.6269,33.1154412486751,32.95875,25.2528,205.432,0.09751,0.329411012729783,0.329411012729783,5.26312,NA,NA,NA,NA,NA,NA,NA,NA,NA,NA,NA,NA,NA,NA,NA,NA,NA,NA,NA,NA,NA,NA,NA,NA,NA,NA,NA,NA,NA,NA,NA,NA,NA,NA,NA,NA,NA,NA,NA,NA,NA,NA,NA,NA,NA,NA,NA,NA,"UNK"
"213",213,"20230424_smode2_C18N12.16S.exp.",2023,18,12,"24-Apr-2023 11:19:00",0.471805555513129,24,-124.253,36.8631666666667,39,"2023-04-24",10.5388,33.1781807909534,33.02165,25.3204,209.875,0.09751,0.719611412729783,0.719611412729783,6.00955,0.776930598,0.831052872,-9999,-9999,NA,NA,NA,0.879,0,0.187,0.032,0,0.012,0.032,0.014,0,0,0.407,0,0,0.849,0,0,0.041,0.146,0.03,0,0,0.009,0.359,0.187,0,0,0.433,0.078,0.419,1.485,0.684,0.497,1.066,1.563,0.16,0.05,0.84,0.95,0.78,2.14,0.56,"UNK"
"214",214,"20230424_smode2_C18N16.16S.exp.",2023,18,16,"24-Apr-2023 11:19:00",0.471805555513129,24,-124.253,36.8631666666667,32,"2023-04-24",11.40845,32.9756663591666,32.8202,25.0014,225.168,0.09751,2.29284237272978,2.29284237272978,9.137575,2.193805005,1.186637584,4.294297482,0.607080295,NA,NA,NA,2.613,0.033,0.668,0.068,0,0.051,0.117,0.022,0.009,0,1.399,0,0,2.417,0,0.033,0.095,0.573,0.196,0,0,0.01,0.375,0.145,0,0,1.505,0.216,1.45,4.764,2.367,1.666,3.314,4.98,0.13,0.04,0.87,0.96,0.91,1.99,0.52,"UNK"
"215",215,"20230424_smode2_C18N18.16S.exp.",2023,18,18,"24-Apr-2023 11:19:00",0.471805555513129,24,-124.253,36.8631666666667,10,"2023-04-24",11.40865,32.9671555654944,32.81175,24.9978,225.719,0.09751,NA,NA,NA,1.930464181,1.641777912,12.59269367,1.852419738,NA,NA,NA,2.743,0.032,0.713,0.065,0,0.05,0.12,0.025,0.009,0,1.46,0,0,2.549,0,0.032,0.107,0.606,0.194,0,0,0.009,0.416,0.129,0,0,1.567,0.219,1.51,4.998,2.474,1.729,3.488,5.217,0.13,0.04,0.87,0.96,0.9,2.02,0.53,"UNK"
"216",216,"20230424_smode2_C18N22.16S.exp.",2023,18,22,"24-Apr-2023 11:19:00",0.471805555513129,24,-124.253,36.8631666666667,5,"2023-04-24",11.4044,32.9663959248007,32.811,24.9979,225.8725,0.556805,NA,NA,NA,NA,NA,NA,NA,NA,NA,NA,NA,NA,NA,NA,NA,NA,NA,NA,NA,NA,NA,NA,NA,NA,NA,NA,NA,NA,NA,NA,NA,NA,NA,NA,NA,NA,NA,NA,NA,NA,NA,NA,NA,NA,NA,NA,NA,NA,NA,NA,NA,"UNK"
"217",217,"20230424_smode2_C18N8.16S.exp.",2023,18,8,"24-Apr-2023 11:19:00",0.471805555513129,24,-124.253,36.8631666666667,61,"2023-04-24",10.30295,33.4721449136485,33.3138,25.5821,175.699,0.09751,0.0257067327297828,0.0257067327297828,1.83706,0.143665999,0.648625233,0.612643038,0.159640058,NA,NA,NA,0.356,0.028,0.075,0.016,0,0,0.014,0.012,0,0,0.16,0,0,0.35,0,0.028,0.018,0.057,0.006,0,0,0,0.143,0.062,0,0,0.2,0.042,0.16,0.619,0.305,0.202,0.459,0.661,0.21,0.06,0.79,0.94,0.86,2.27,0.54,"UNK"
"218",218,"20230424_smode2_C19N10.16S.exp.",2023,19,10,"24-Apr-2023 12:29:00",0.520127314841375,24,-124.2185,36.832,50,"2023-04-24",10.5124,33.2935407089012,33.13635,25.4092,191.416,0.09751,0.106854152729783,0.106854152729783,2.811715,0.368616707,0.774689627,-9999,-9999,0.9585,11.6395,13.9200189021942,0.572,0.021,0.117,0.024,0,0,0.019,0.015,0,0,0.239,0,0,0.556,0,0.021,0.024,0.093,0.016,0,0,0,0.202,0.07,0,0,0.275,0.058,0.239,0.949,0.435,0.297,0.71,1.007,0.2,0.06,0.8,0.94,0.76,2.39,0.57,"UNK"
"219",219,"20230424_smode2_C19N16.16S.exp.",2023,19,16,"24-Apr-2023 12:29:00",0.520127314841375,24,-124.2185,36.832,38,"2023-04-24",11.223425,33.0007514711893,32.845075,25.05295,221.2385,0.09751,1.92021627272978,1.92021627272978,9.416815,2.514407023,1.03898015,14.77179853,2.137423196,0.3485,2.844,3.4957553439454,2.818,0.029,0.703,0.069,0,0.036,0.12,0.015,0.009,0,1.518,0,0,2.658,0,0.029,0.088,0.615,0.16,0,0,0.021,0.479,0.134,0,0,1.598,0.213,1.554,5.104,2.499,1.767,3.55,5.317,0.12,0.04,0.88,0.96,0.89,2.01,0.53,"UNK"
"220",220,"20230424_smode2_C19N18.16S.exp.",2023,19,18,"24-Apr-2023 12:29:00",0.520127314841375,24,-124.2185,36.832,10,"2023-04-24",11.3781,32.9684605132544,32.81305,25.004,221.86,0.09751,NA,NA,NA,0.979197202,0.927984856,4.805111225,0.943754198,0.326,1.857,2.93432320103284,1.306,0.064,0.293,0.044,0.011,0.035,0.053,0.028,0,0.011,0.594,0,0,1.272,0,0.064,0.057,0.236,0.034,0,0,0.023,0.189,0.13,0,0,0.743,0.136,0.64,2.303,1.133,0.776,1.663,2.439,0.18,0.06,0.82,0.94,0.87,2.14,0.54,"UNK"
"221",221,"20230424_smode2_C19N22.16S.exp.",2023,19,22,"24-Apr-2023 12:29:00",0.520127314841375,24,-124.2185,36.832,5,"2023-04-24",11.3818,32.9682037429014,32.8128,25.0032,221.649,0.57511,NA,NA,NA,0.944000036,0.765900588,-9999,-9999,NA,NA,NA,1.761,0.064,0.378,0.051,0,0.041,0.072,0.026,0.009,0.013,0.843,0,0,1.698,0,0.064,0.062,0.316,0.063,0,0,0.023,0.21,0.194,0.005,0,0.987,0.171,0.884,3.087,1.497,1.055,2.203,3.258,0.16,0.05,0.84,0.95,0.85,2.09,0.54,"UNK"
"222",222,"20230424_smode2_C19N4.16S.exp.",2023,19,4,"24-Apr-2023 12:29:00",0.520127314841375,24,-124.2185,36.832,68,"2023-04-24",10.45755,33.486630720633,33.328025,25.5678,173.03,0.09751,0.0488334927297828,0.0488334927297828,1.904185,0.28861473,0.551851534,1.225209649,0.215751619,1.13,14.0295,17.9291744969293,0.348,0.031,0.077,0.022,0,0,0.017,0.011,0,0,0.16,0,0,0.34,0,0.031,0.021,0.056,0.008,0,0,0.005,0.168,0.079,0,0,0.202,0.05,0.16,0.616,0.318,0.21,0.456,0.666,0.24,0.08,0.76,0.92,0.91,2.17,0.52,"UNK"
"223",223,"20230424_smode2_C20N16.16S.exp.",2023,20,16,"24-Apr-2023 13:31:00",0.563171296264045,24,-124.226333333333,36.8121666666667,28,"2023-04-24",11.40835,33.0105670602623,32.85495,25.0309,223.2665,0.09751,2.56170369272978,2.56170369272978,10.861345,2.322852358,1.382084193,-9999,-9999,0.221,1.6725,1.4438851790614,3.679,0.028,0.971,0.089,0,0.032,0.165,0.014,0.009,0,2.019,0,0,3.395,0,0.028,0.106,0.865,0.284,0,0,0.009,0.554,0.103,0,0,2.093,0.277,2.051,6.729,3.327,2.328,4.678,7.006,0.12,0.04,0.88,0.96,0.9,2.01,0.53,"UNK"
"224",224,"20230424_smode2_C20N18.16S.exp.",2023,20,18,"24-Apr-2023 13:31:00",0.563171296264045,24,-124.226333333333,36.8121666666667,10,"2023-04-24",11.4094,33.0084459862993,32.85285,25.0295,223.322,1.0922,NA,NA,NA,2.466014266,1.361944721,13.08807628,1.98669706,0.2415,1.638,1.80560248731139,3.162,0.034,0.804,0.078,0.013,0.044,0.142,0.012,0.006,0.007,1.699,0,0,2.995,0,0.034,0.1,0.704,0.167,0,0,0.01,0.364,0.089,0,0,1.809,0.245,1.756,5.756,2.839,2.001,4,6.001,0.12,0.04,0.88,0.96,0.9,2,0.53,"UNK"
"225",225,"20230424_smode2_C20N22.16S.exp.",2023,20,22,"24-Apr-2023 13:31:00",0.563171296264045,24,-124.226333333333,36.8121666666667,5,"2023-04-24",11.40885,33.0085418217688,32.85295,25.0297,223.592,3.904,NA,NA,NA,1.916224719,1.965395843,-9999,-9999,0.127,1.5825,1.873,3.658,0.034,1.015,0.087,0.015,0.041,0.177,0.012,0,0,2.047,0.057,0,3.35,0,0.034,0.121,0.894,0.308,0,0,0.008,0.549,0.092,0,0,2.206,0.276,2.16,6.867,3.485,2.436,4.707,7.143,0.11,0.04,0.89,0.96,0.95,1.93,0.51,"UNK"
"226",226,"20230424_smode2_C20N4.16S.exp.",2023,20,4,"24-Apr-2023 13:31:00",0.563171296264045,24,-124.226333333333,36.8121666666667,80,"2023-04-24",10.5264,33.5734455757277,33.41415,25.6231,170.63,0.09751,0.0185751327297828,0.0185751327297828,1.53634,0.209726703,0.43338311,0.478963041,0.084007896,1.2155,14.7185,19.2949849504094,0.265,0.021,0.065,0.013,0,0,0.011,0.01,0,0,0.116,0,0,0.258,0,0.021,0.017,0.048,0.007,0,0,0,0.135,0.053,0,0,0.147,0.034,0.116,0.467,0.236,0.15,0.351,0.501,0.23,0.07,0.77,0.93,0.89,2.34,0.53,"UNK"
"227",227,"20230424_smode2_C20N8.16S.exp.",2023,20,8,"24-Apr-2023 13:31:00",0.563171296264045,24,-124.226333333333,36.8121666666667,40,"2023-04-24",11.06105,33.0653065028335,32.9093,25.13545,216.4815,0.09751,0.941709812729783,0.941709812729783,11.35807,1.365079033,1.926216863,8.199332329,1.358056622,0.4685,4.6735,5.04071679029148,1.549,0,0.396,0.049,0,0.016,0.076,0.014,0.007,0.008,0.893,0,0,1.25,0,0,0.041,0.355,0.299,0,0,0,0.428,0.458,0,0,0.931,0.154,0.909,2.854,1.459,1.063,1.945,3.008,0.14,0.05,0.86,0.95,0.94,1.83,0.51,"UNK"
"228",228,"20230424_smode2_C21N10.16S.exp.",2023,21,10,"24-Apr-2023 14:40:00",0.61119212966878,24,-124.227,36.7948333333333,40,"2023-04-24",10.37075,32.9840701489992,32.82845,25.1891,200.658,0.15184,0.402509912729783,0.402509912729783,4.105885,0.551143455,0.909185875,-9999,-9999,NA,NA,NA,0.504,0.054,0.122,0.023,0.013,0.033,0.017,0.018,0,0.006,0.204,0.01,0,0.497,0,0.054,0.048,0.074,0.007,0,0,0.019,0.099,0.077,0,0,0.338,0.064,0.26,0.94,0.5,0.324,0.68,1.004,0.2,0.06,0.8,0.94,0.99,2.1,0.5,"UNK"
"229",229,"20230424_smode2_C21N12.16S.exp.",2023,21,12,"24-Apr-2023 14:40:00",0.61119212966878,24,-124.227,36.7948333333333,26,"2023-04-24",11.3594,33.0295759707491,32.87385,25.0548,222.769,1.1816,2.14445415272978,2.14445415272978,12.896575,1.566715523,1.326986124,11.3054329,1.856665388,NA,NA,NA,2.771,0.034,0.671,0.08,0.012,0.031,0.113,0.021,0.014,0.008,1.498,0,0,2.529,0,0.034,0.076,0.595,0.242,0,0,0.016,0.519,0.368,0,0,1.604,0.236,1.541,5.017,2.482,1.777,3.476,5.253,0.13,0.04,0.87,0.96,0.9,1.96,0.53,"UNK"
"230",230,"20230424_smode2_C21N18.16S.exp.",2023,21,18,"24-Apr-2023 14:40:00",0.61119212966878,24,-124.227,36.7948333333333,15,"2023-04-24",11.3647,33.0300970603703,32.87435,25.0543,223.6285,6.8507,NA,NA,NA,2.074839476,1.742421907,26.26219466,4.915255989,NA,NA,NA,3.693,0.031,0.952,0.091,0.013,0.029,0.166,0.015,0.015,0,2.016,0,0,3.41,0,0.031,0.091,0.861,0.283,0,0,0.008,0.64,0.24,0,0,2.104,0.287,2.058,6.734,3.328,2.345,4.676,7.021,0.12,0.04,0.88,0.96,0.9,1.99,0.53,"UNK"
"231",231,"20230424_smode2_C21N22.16S.exp.",2023,21,22,"24-Apr-2023 14:40:00",0.61119212966878,24,-124.227,36.7948333333333,5,"2023-04-24",11.36705,33.030292995258,32.8746,25.054,223.7635,95.7355,NA,NA,NA,2.618026766,1.416484319,-9999,-9999,NA,NA,NA,3.812,0.033,0.943,0.094,0.013,0.03,0.182,0.017,0.02,0.009,2.058,0,0,3.62,0,0.033,0.087,0.856,0.192,0,0,0.006,0.578,0.186,0.006,0,2.16,0.322,2.101,6.889,3.399,2.423,4.788,7.211,0.13,0.04,0.87,0.96,0.89,1.98,0.53,"UNK"
"232",232,"20230424_smode2_C21N8.16S.exp.",2023,21,8,"24-Apr-2023 14:40:00",0.61119212966878,24,-124.227,36.7948333333333,60,"2023-04-24",10.46275,33.3931348029227,33.2352,25.4986,183.53,0.09751,0.0723677727297828,0.0723677727297828,2.360635,0.327096693,0.475939899,0.966103158,0.182356356,NA,NA,NA,0.379,0.039,0.086,0.018,0,0.011,0.012,0.012,0,0,0.167,0,0,0.368,0,0.039,0.025,0.061,0.011,0,0,0.011,0.126,0.069,0,0,0.229,0.042,0.178,0.682,0.345,0.22,0.504,0.724,0.19,0.06,0.81,0.94,0.91,2.29,0.52,"UNK"
"233",233,"20230425_smode2_B68.16S.exp.",2023,68,0,"25-Apr-2023 02:30:00",0.104166666627862,25,-124.253343,36.809275,5,"2023-04-25",11.595,32.9573491263715,32.802,24.957,6.253,175.4373326,1.624,0.839,7.12838,NA,NA,NA,NA,NA,NA,NA,NA,NA,NA,NA,NA,NA,NA,NA,NA,NA,NA,NA,NA,NA,NA,NA,NA,NA,NA,NA,NA,NA,NA,NA,NA,NA,NA,NA,NA,NA,NA,NA,NA,NA,NA,NA,NA,NA,NA,NA,NA,"EDGE"
"234",234,"20230425_smode2_B69.16S.exp.",2023,69,0,"25-Apr-2023 02:40:00",0.111111111124046,25,-124.253357,36.792671,5,"2023-04-25",11.732,32.9613667779409,32.806,24.935,6.49,119.62,2.997,2.476,11.87494,NA,NA,NA,NA,NA,NA,NA,NA,NA,NA,NA,NA,NA,NA,NA,NA,NA,NA,NA,NA,NA,NA,NA,NA,NA,NA,NA,NA,NA,NA,NA,NA,NA,NA,NA,NA,NA,NA,NA,NA,NA,NA,NA,NA,NA,NA,NA,NA,"EDGE"
"235",235,"20230425_smode2_B70.16S.exp.",2023,70,0,"25-Apr-2023 02:48:00",0.116666666697711,25,-124.253348,36.779213,5,"2023-04-25",11.699,32.985479392939,32.83,24.96,6.446,68.01399981,2.578,2.71,13.03876,NA,NA,NA,NA,NA,NA,NA,NA,NA,NA,NA,NA,NA,NA,NA,NA,NA,NA,NA,NA,NA,NA,NA,NA,NA,NA,NA,NA,NA,NA,NA,NA,NA,NA,NA,NA,NA,NA,NA,NA,NA,NA,NA,NA,NA,NA,NA,NA,"EDGE"
"236",236,"20230425_smode2_B71.16S.exp.",2023,71,0,"25-Apr-2023 02:55:00",0.121527777751908,25,-124.25338,36.76734,5,"2023-04-25",11.726,32.9874879388643,32.832,24.956,6.359,34.37,1.897,1.955,10.50574,NA,NA,NA,NA,NA,NA,NA,NA,NA,NA,NA,NA,NA,NA,NA,NA,NA,NA,NA,NA,NA,NA,NA,NA,NA,NA,NA,NA,NA,NA,NA,NA,NA,NA,NA,NA,NA,NA,NA,NA,NA,NA,NA,NA,NA,NA,NA,NA,"EDGE"
"237",237,"20230425_smode2_B72.16S.exp.",2023,72,0,"25-Apr-2023 03:01:00",0.125694444403052,25,-124.253361,36.757053,5,"2023-04-25",11.679,32.9844729314034,32.829,24.963,6.312,17.87,1.667,1.449,8.58886,NA,NA,NA,NA,NA,NA,NA,NA,NA,NA,NA,NA,NA,NA,NA,NA,NA,NA,NA,NA,NA,NA,NA,NA,NA,NA,NA,NA,NA,NA,NA,NA,NA,NA,NA,NA,NA,NA,NA,NA,NA,NA,NA,NA,NA,NA,NA,NA,"EDGE"
"238",238,"20230425_smode2_B73.16S.exp.",2023,73,0,"25-Apr-2023 03:09:00",0.131249999976717,25,-124.264279,36.757918,5,"2023-04-25",11.642,32.9794487960678,32.824,24.966,6.369,9.62,1.894,1.685,9.45602,NA,NA,NA,NA,NA,NA,NA,NA,NA,NA,NA,NA,NA,NA,NA,NA,NA,NA,NA,NA,NA,NA,NA,NA,NA,NA,NA,NA,NA,NA,NA,NA,NA,NA,NA,NA,NA,NA,NA,NA,NA,NA,NA,NA,NA,NA,NA,NA,"EDGE"
"239",239,"20230425_smode2_B74.16S.exp.",2023,74,0,"25-Apr-2023 03:12:00",0.133333333302289,25,-124.269561,36.760029,5,"2023-04-25",11.612,32.9683966126318,32.813,24.963,6.326,6.87,1.801,1.743,9.63858,NA,NA,NA,NA,NA,NA,NA,NA,NA,NA,NA,NA,NA,NA,NA,NA,NA,NA,NA,NA,NA,NA,NA,NA,NA,NA,NA,NA,NA,NA,NA,NA,NA,NA,NA,NA,NA,NA,NA,NA,NA,NA,NA,NA,NA,NA,NA,NA,"EDGE"
"240",240,"20230425_smode2_B75.16S.exp.",2023,75,0,"25-Apr-2023 03:18:00",0.137499999953434,25,-124.279609,36.763645,5,"2023-04-25",11.523,32.9452874871211,32.79,24.961,6.346,5.5,NA,1.542,9.36474,NA,NA,NA,NA,NA,NA,NA,NA,NA,NA,NA,NA,NA,NA,NA,NA,NA,NA,NA,NA,NA,NA,NA,NA,NA,NA,NA,NA,NA,NA,NA,NA,NA,NA,NA,NA,NA,NA,NA,NA,NA,NA,NA,NA,NA,NA,NA,NA,"UNK"
"241",241,"20230425_smode2_B76.16S.exp.",2023,76,0,"25-Apr-2023 03:23:00",0.140972222201526,25,-124.28819,36.766929,5,"2023-04-25",11.458,32.963372574078,32.808,24.987,6.34,4.12,1.875,1.655,10.07216,NA,NA,NA,NA,NA,NA,NA,NA,NA,NA,NA,NA,NA,NA,NA,NA,NA,NA,NA,NA,NA,NA,NA,NA,NA,NA,NA,NA,NA,NA,NA,NA,NA,NA,NA,NA,NA,NA,NA,NA,NA,NA,NA,NA,NA,NA,NA,NA,"EDGE"
"242",242,"20230425_smode2_B77.16S.exp.",2023,77,0,"25-Apr-2023 03:32:00",0.147222222178243,25,-124.302979,36.772553,5,"2023-04-25",11.485,32.9894954286767,32.834,25.002,6.31,4.12,1.824,1.617,9.70704,NA,NA,NA,NA,NA,NA,NA,NA,NA,NA,NA,NA,NA,NA,NA,NA,NA,NA,NA,NA,NA,NA,NA,NA,NA,NA,NA,NA,NA,NA,NA,NA,NA,NA,NA,NA,NA,NA,NA,NA,NA,NA,NA,NA,NA,NA,NA,NA,"EDGE"
"243",243,"20230425_smode2_B78.16S.exp.",2023,78,0,"25-Apr-2023 03:40:00",0.152777777751908,25,-124.317136,36.777715,5,"2023-04-25",11.53,32.99552355969,32.84,24.998,6.322,4.12,1.967,1.622,9.8896,NA,NA,NA,NA,NA,NA,NA,NA,NA,NA,NA,NA,NA,NA,NA,NA,NA,NA,NA,NA,NA,NA,NA,NA,NA,NA,NA,NA,NA,NA,NA,NA,NA,NA,NA,NA,NA,NA,NA,NA,NA,NA,NA,NA,NA,NA,NA,NA,"EDGE"
"244",244,"20230425_smode2_B79.16S.exp.",2023,79,0,"25-Apr-2023 03:48:00",0.158333333325572,25,-124.330739,36.782938,5,"2023-04-25",11.595,33.0176274928371,32.862,25.004,6.431,4.12,2.439,2.09,11.2588,NA,NA,NA,NA,NA,NA,NA,NA,NA,NA,NA,NA,NA,NA,NA,NA,NA,NA,NA,NA,NA,NA,NA,NA,NA,NA,NA,NA,NA,NA,NA,NA,NA,NA,NA,NA,NA,NA,NA,NA,NA,NA,NA,NA,NA,NA,NA,NA,"EDGE"
"245",245,"20230425_smode2_B80.16S.exp.",2023,80,0,"25-Apr-2023 03:53:00",0.161805555573665,25,-124.339646,36.786115,5,"2023-04-25",11.601,33.0196367782114,32.864,25.004,6.431,4.12,3.034,2.175,11.55546,NA,NA,NA,NA,NA,NA,NA,NA,NA,NA,NA,NA,NA,NA,NA,NA,NA,NA,NA,NA,NA,NA,NA,NA,NA,NA,NA,NA,NA,NA,NA,NA,NA,NA,NA,NA,NA,NA,NA,NA,NA,NA,NA,NA,NA,NA,NA,NA,"EDGE"
"246",246,"20230425_smode2_B81.16S.exp.",2023,81,0,"25-Apr-2023 04:00:00",0.166666666627862,25,-124.351388,36.79059,5,"2023-04-25",11.587,33.01059393167,32.855,25,6.422,4.12,2.396,2.208,12.30852,NA,NA,NA,NA,NA,NA,NA,NA,NA,NA,NA,NA,NA,NA,NA,NA,NA,NA,NA,NA,NA,NA,NA,NA,NA,NA,NA,NA,NA,NA,NA,NA,NA,NA,NA,NA,NA,NA,NA,NA,NA,NA,NA,NA,NA,NA,NA,NA,"EDGE"
"247",247,"20230425_smode2_B82.16S.exp.",2023,82,0,"25-Apr-2023 04:07:00",0.171527777798474,25,-124.363677,36.795206,5,"2023-04-25",11.603,33.0126031616864,32.857,24.998,6.43,4.12,2.343,2.093,11.6011,NA,NA,NA,NA,NA,NA,NA,NA,NA,NA,NA,NA,NA,NA,NA,NA,NA,NA,NA,NA,NA,NA,NA,NA,NA,NA,NA,NA,NA,NA,NA,NA,NA,NA,NA,NA,NA,NA,NA,NA,NA,NA,NA,NA,NA,NA,NA,NA,"EDGE"
"248",248,"20230425_smode2_B83.16S.exp.",2023,83,0,"25-Apr-2023 04:18:00",0.179166666697711,25,-124.385138,36.803158,5,"2023-04-25",11.545,33.0236548214611,32.868,25.018,6.459,4.12,3.078,2.461,12.90184,NA,NA,NA,NA,NA,NA,NA,NA,NA,NA,NA,NA,NA,NA,NA,NA,NA,NA,NA,NA,NA,NA,NA,NA,NA,NA,NA,NA,NA,NA,NA,NA,NA,NA,NA,NA,NA,NA,NA,NA,NA,NA,NA,NA,NA,NA,NA,NA,"COR"
"249",249,"20230425_smode2_B84.16S.exp.",2023,84,0,"25-Apr-2023 04:27:00",0.185416666674428,25,-124.402352,36.809629,5,"2023-04-25",11.621,33.0126023843635,32.857,24.995,6.501,4.12,NA,2.685,13.47234,NA,NA,NA,NA,NA,NA,NA,NA,NA,NA,NA,NA,NA,NA,NA,NA,NA,NA,NA,NA,NA,NA,NA,NA,NA,NA,NA,NA,NA,NA,NA,NA,NA,NA,NA,NA,NA,NA,NA,NA,NA,NA,NA,NA,NA,NA,NA,NA,"COR"
"250",250,"20230425_smode2_B85.16S.exp.",2023,85,0,"25-Apr-2023 04:33:00",0.189583333325572,25,-124.415018,36.814349,5,"2023-04-25",11.675,32.9965263546922,32.841,24.973,6.52,4.12,2.918,2.742,13.51798,NA,NA,NA,NA,NA,NA,NA,NA,NA,NA,NA,NA,NA,NA,NA,NA,NA,NA,NA,NA,NA,NA,NA,NA,NA,NA,NA,NA,NA,NA,NA,NA,NA,NA,NA,NA,NA,NA,NA,NA,NA,NA,NA,NA,NA,NA,NA,NA,"COR"
"251",251,"20230425_smode2_B86.16S.exp.",2023,86,0,"25-Apr-2023 04:38:00",0.193055555573665,25,-124.425071,36.81812,5,"2023-04-25",11.671,32.9804503792281,32.825,24.961,6.519,4.12,2.909,2.774,13.63208,NA,NA,NA,NA,NA,NA,NA,NA,NA,NA,NA,NA,NA,NA,NA,NA,NA,NA,NA,NA,NA,NA,NA,NA,NA,NA,NA,NA,NA,NA,NA,NA,NA,NA,NA,NA,NA,NA,NA,NA,NA,NA,NA,NA,NA,NA,NA,NA,"UNK"
"252",252,"20230425_smode2_B87.16S.exp.",2023,87,0,"25-Apr-2023 04:48:00",0.199999999953434,25,-124.444102,36.825279,5,"2023-04-25",11.662,32.9653789568184,32.81,24.951,6.432,4.12,NA,2.036,11.76084,NA,NA,NA,NA,NA,NA,NA,NA,NA,NA,NA,NA,NA,NA,NA,NA,NA,NA,NA,NA,NA,NA,NA,NA,NA,NA,NA,NA,NA,NA,NA,NA,NA,NA,NA,NA,NA,NA,NA,NA,NA,NA,NA,NA,NA,NA,NA,NA,"UNK"
"253",253,"20230425_smode2_C22N12.16S.exp.",2023,22,12,"25-Apr-2023 19:32:00",0.814027777756564,25,-124.453666666667,36.7861666666667,35,"2023-04-25",10.569825,33.2091757022768,33.052575,25.3348,196.3985,6.122,0.279082292729783,0.279082292729783,12.61465,0.676742468,0.540109888,1.97250356,0.329111285,0.778,10.0045,10.385,0.815,0.036,0.17,0.028,0.009,0.018,0.025,0.01,0,0,0.364,0,0,0.8,0,0.036,0.05,0.12,0.015,0,0,0.008,0.194,0.191,0,0,0.437,0.063,0.391,1.412,0.66,0.454,1.021,1.475,0.14,0.04,0.86,0.96,0.81,2.25,0.55,"UNK"
"254",254,"20230425_smode2_C22N16.16S.exp.",2023,22,16,"25-Apr-2023 19:32:00",0.814027777756564,25,-124.453666666667,36.7861666666667,28,"2023-04-25",11.3915,33.0431079603295,32.88735,25.0599,220.938,11.987,1.89495003272978,1.89495003272978,17.88799,1.860096615,0.887850189,9.763948057,1.487355073,0.2175,1.609,2.843,2.312,0.036,0.545,0.055,0,0.035,0.105,0.019,0.018,0.007,1.162,0.015,0,2.229,0,0.036,0.079,0.466,0.083,0,0,0,0.307,0.177,0,0,1.274,0.204,1.212,4.105,1.997,1.416,2.893,4.309,0.14,0.05,0.86,0.95,0.86,2.04,0.54,"UNK"
"255",255,"20230425_smode2_C22N20.16S.exp.",2023,22,20,"25-Apr-2023 19:32:00",0.814027777756564,25,-124.453666666667,36.7861666666667,15,"2023-04-25",11.4086,33.0425407578473,32.88675,25.0559,221.6775,163.32,1.69664061272978,1.69664061272978,19.03717,1.79213798,0.605545157,9.443587586,1.456426773,0.155,1.544,2.406,2.177,0.033,0.551,0.054,0.01,0.039,0.122,0.026,0.021,0.006,1.067,0,0,2.066,0,0.033,0.082,0.469,0.111,0,0,0.009,0.324,0.065,0,0,1.181,0.229,1.116,3.877,1.929,1.345,2.761,4.106,0.17,0.06,0.83,0.94,0.89,2.05,0.53,"UNK"
"256",256,"20230425_smode2_C22N22.16S.exp.",2023,22,22,"25-Apr-2023 19:32:00",0.814027777756564,25,-124.453666666667,36.7861666666667,7,"2023-04-25",11.416325,33.0422392481166,32.8865,25.0541,222.1115,577.945,NA,NA,NA,1.700598583,0.992073327,9.878331741,1.459596237,0.139,1.2525,2.2045,2.687,0.03,0.659,0.06,0,0.047,0.144,0.023,0.027,0.005,1.339,0,0,2.567,0,0.03,0.09,0.569,0.12,0,0.008,0.008,0.373,0.085,0,0,1.444,0.259,1.386,4.762,2.334,1.645,3.376,5.021,0.16,0.05,0.84,0.95,0.87,2.05,0.54,"UNK"
"257",257,"20230425_smode2_C22N4.16S.exp.",2023,22,4,"25-Apr-2023 19:32:00",0.814027777756564,25,-124.453666666667,36.7861666666667,80,"2023-04-25",9.6615,33.8348412498944,33.67435,25.9739,119.422,0.16711,0.0238728927297828,0.0238728927297828,10.79959,0.151426528,0.32035747,1.228527029,0.116227275,1.6315,22.781,23.7955,0.167,0.014,0.031,0,0.007,0,0.006,0.005,0,0,0.069,0,0,0.167,0,0.014,0.009,0.022,0,0,0,0,0.087,0.06,0,0,0.095,0.011,0.076,0.288,0.132,0.087,0.212,0.299,0.13,0.04,0.87,0.96,0.79,2.44,0.56,"UNK"
"258",258,"20230425_smode2_C22N8.16S.exp.",2023,22,8,"25-Apr-2023 19:32:00",0.814027777756564,25,-124.453666666667,36.7861666666667,55,"2023-04-25",10.3628,33.4315597421532,33.2736,25.5408,179.737,1.3639,0.0471015327297828,0.0471015327297828,11.634625,0.430997996,0.51339978,0.178645401,0.229005464,0.989,14.0205,15.8215,0.654,0.018,0.121,0.02,0.006,0.011,0.017,0.011,0,0,0.263,0.015,0,0.641,0,0.018,0.03,0.091,0.013,0,0,0,0.185,0.152,0,0,0.324,0.048,0.295,1.088,0.482,0.343,0.793,1.136,0.14,0.04,0.86,0.96,0.74,2.31,0.58,"UNK"
"259",259,"20230426_smode2_C23N18.16S.exp.",2023,23,18,"26-Apr-2023 05:45:00",0.239675925928168,26,-124.4885,36.8038333333333,30,"2023-04-26",11.515025,33.039725958434,32.884,25.0343,222.991,0.09751,1.47617229272978,1.47617229272978,11.4601,1.529470765,0.849887993,8.135488573,1.223462588,NA,NA,NA,2.082,0.033,0.52,0.054,0,0.048,0.103,0.025,0.009,0,1.018,0,0,1.991,0,0.033,0.072,0.448,0.091,0,0,0.009,0.247,0.054,0,0,1.124,0.191,1.066,3.701,1.81,1.257,2.635,3.892,0.15,0.05,0.85,0.95,0.87,2.1,0.53,"UNK"
"260",260,"20230426_smode2_C23N22.16S.exp.",2023,23,22,"26-Apr-2023 05:45:00",0.239675925928168,26,-124.4885,36.8038333333333,5,"2023-04-26",11.5182,33.0413834948265,32.88565,25.035,223.044,0.45791,NA,NA,NA,1.696530165,1.233571733,12.82738741,1.870913322,0.245,1.394,2.64182672160618,2.1,0.034,0.549,0.056,0.011,0.05,0.114,0.026,0.008,0.007,1.063,0,0,1.939,0,0.034,0.081,0.468,0.161,0,0,0.009,0.3,0.057,0,0,1.191,0.211,1.124,3.807,1.918,1.335,2.683,4.018,0.16,0.05,0.84,0.95,0.91,2.01,0.52,"UNK"
"261",261,"20230426_smode2_C23N4.16S.exp.",2023,23,4,"26-Apr-2023 05:45:00",0.239675925928168,26,-124.4885,36.8038333333333,80,"2023-04-26",9.8415,33.6872818980746,33.5275,25.82765,141.426,0.09751,0.0166903527297828,0.0166903527297828,3.92599,0.015623677,0.022962911,0,0,2.965,73.215,41.528,0.013,0,0.004,0,0,0,0,0,0,0,0.008,0,0,0.013,0,0,0,0.004,0,0,0,0,0,0,0,0,0.008,0,0.008,0.025,0.012,0.008,0.017,0.025,0,0,1,1,0.92,2.13,0.52,"UNK"
"262",262,"20230426_smode2_C23N8.16S.exp.",2023,23,8,"26-Apr-2023 05:45:00",0.239675925928168,26,-124.4885,36.8038333333333,58,"2023-04-26",10.769875,33.377224574319,33.21945,25.4258,183.717,0.09751,0.108280472729783,0.108280472729783,4.648255,0.234402419,0.626420333,2.411488067,0.223632814,0.9465,10.5675,14.3567048130388,0.505,0.065,0.107,0.025,0.012,0.025,0.015,0.014,0,0,0.195,0,0,0.492,0,0.065,0.042,0.065,0.013,0,0,0.018,0.184,0.143,0,0,0.311,0.054,0.232,0.909,0.458,0.286,0.677,0.963,0.19,0.06,0.81,0.94,0.91,2.37,0.52,"UNK"
"263",263,"20230426_smode2_C24N12.16S.exp.",2023,24,12,"26-Apr-2023 14:12:00",0.591759259230457,26,-124.5795,36.8318333333333,66,"2023-04-26",10.362475,33.4704985074737,33.312075,25.57055,165.3545,0.09751,0.0726224727297828,0.0726224727297828,3.67897,0.265951577,0.315038938,0.927478216,0.075305807,NA,NA,NA,0.244,0.029,0.064,0.01,0.009,0.019,0.007,0.009,0,0,0.088,0,0,0.238,0,0.029,0.029,0.035,0.006,0,0,0.009,0.077,0.048,0,0,0.154,0.026,0.116,0.453,0.235,0.142,0.337,0.479,0.18,0.05,0.82,0.95,0.96,2.37,0.51,"UNK"
"264",264,"20230426_smode2_C24N16.16S.exp.",2023,24,16,"26-Apr-2023 14:12:00",0.591759259230457,26,-124.5795,36.8318333333333,35,"2023-04-26",11.61005,33.1461004892988,32.9898,25.0984,219.488,0.64907,1.24607631272978,1.24607631272978,9.49468,1.793304143,0.716945804,10.2754205,1.362525846,NA,NA,NA,2.467,0.024,0.573,0.063,0,0.022,0.068,0.013,0.01,0.005,1.157,0,0,2.362,0,0.024,0.067,0.506,0.105,0,0,0,0.38,0.123,0,0,1.221,0.159,1.179,4.243,1.935,1.338,3.064,4.402,0.12,0.04,0.88,0.96,0.78,2.29,0.56,"EDGE"
"265",265,"20230426_smode2_C24N20.16S.exp.",2023,24,20,"26-Apr-2023 14:12:00",0.591759259230457,26,-124.5795,36.8318333333333,20,"2023-04-26",11.516625,33.0145791757193,32.858875,25.01465,216.618,4.15905,0.726233612729783,0.726233612729783,7.784335,1.28628636,0.311621181,6.224518235,0.935110205,NA,NA,NA,1.285,0.068,0.262,0.045,0.019,0.078,0.05,0.066,0,0.006,0.407,0,0,1.261,0,0.068,0.062,0.2,0.024,0,0.008,0.025,0.081,0.027,0.007,0,0.644,0.167,0.504,2.119,1.001,0.671,1.615,2.286,0.25,0.07,0.75,0.93,0.78,2.41,0.56,"UNK"
"266",266,"20230426_smode2_C24N22.16S.exp.",2023,24,22,"26-Apr-2023 14:12:00",0.591759259230457,26,-124.5795,36.8318333333333,5,"2023-04-26",11.46335,32.9721547183688,32.81675,24.9915,216.443,33.356,NA,NA,NA,1.017118116,0.313453911,3.402012495,0.681568005,NA,NA,NA,1.536,0.063,0.344,0.064,0.026,0.091,0.075,0.049,0.007,0.006,0.576,0,0,1.498,0,0.063,0.082,0.262,0.038,0,0.01,0.022,0.13,0.04,0.009,0,0.811,0.201,0.693,2.636,1.301,0.894,1.943,2.837,0.22,0.07,0.78,0.93,0.85,2.17,0.54,"UNK"
"267",267,"20230426_smode2_C24N8.16S.exp.",2023,24,8,"26-Apr-2023 14:12:00",0.591759259230457,26,-124.5795,36.8318333333333,80,"2023-04-26",9.815075,33.8207268057804,33.660325,25.9353,117.377,0.09751,0,0,3.617215,0.242485261,0.44225356,0.949702408,0,NA,NA,NA,0.221,0,0.044,0.009,0.006,0,0.009,0.005,0,0,0.098,0,0,0.215,0,0,0.011,0.033,0.006,0,0,0,0.134,0.095,0,0,0.109,0.023,0.104,0.369,0.171,0.127,0.265,0.392,0.18,0.06,0.82,0.94,0.77,2.09,0.56,"UNK"
"268",268,"202304266_smode2_C23N12.16S.exp.",2023,23,12,"26-Apr-2023 05:45:00",0.239675925928168,26,-124.4885,36.8038333333333,50,"2023-04-26",10.44285,33.1493152016759,32.992825,25.30875,193.2345,0.09751,0.316523192729783,0.316523192729783,5.43496,0.519844074,1.176728922,2.760156294,0.387502228,0.8275,10.586,11.7405395884677,1.075,0.027,0.218,0.036,0.011,0.023,0.032,0.017,0,0,0.506,0,0,1.05,0,0.027,0.06,0.158,0.025,0,0,0.009,0.254,0.298,0,0,0.584,0.085,0.54,1.86,0.87,0.625,1.32,1.945,0.14,0.04,0.86,0.96,0.81,2.11,0.55,"UNK"
"269",269,"20230427_smode2_B100.16S.exp.",2023,100,0,"27-Apr-2023 16:30:00",0.6875,27,-124.733404,36.788008,5,"2023-04-27",11.886,33.0497599303046,32.894,24.975,6.206,2040.629991,NA,0.113,3.8423,NA,NA,NA,NA,NA,NA,NA,NA,NA,NA,NA,NA,NA,NA,NA,NA,NA,NA,NA,NA,NA,NA,NA,NA,NA,NA,NA,NA,NA,NA,NA,NA,NA,NA,NA,NA,NA,NA,NA,NA,NA,NA,NA,NA,NA,NA,NA,NA,"UNK"
"270",270,"20230427_smode2_B101.16S.exp.",2023,101,0,"27-Apr-2023 16:35:00",0.690972222248092,27,-124.742894,36.780486,5,"2023-04-27",11.858,33.0356926376931,32.88,24.97,6.184,2070.785998,NA,0.089,3.54564,NA,NA,NA,NA,NA,NA,NA,NA,NA,NA,NA,NA,NA,NA,NA,NA,NA,NA,NA,NA,NA,NA,NA,NA,NA,NA,NA,NA,NA,NA,NA,NA,NA,NA,NA,NA,NA,NA,NA,NA,NA,NA,NA,NA,NA,NA,NA,NA,"UNK"
"271",271,"20230427_smode2_B102.16S.exp.",2023,102,0,"27-Apr-2023 16:40:00",0.694444444496185,27,-124.753086,36.771918,5,"2023-04-27",11.918,33.0296631200618,32.874,24.954,6.295,2075.000004,NA,0.126,4.04768,NA,NA,NA,NA,NA,NA,NA,NA,NA,NA,NA,NA,NA,NA,NA,NA,NA,NA,NA,NA,NA,NA,NA,NA,NA,NA,NA,NA,NA,NA,NA,NA,NA,NA,NA,NA,NA,NA,NA,NA,NA,NA,NA,NA,NA,NA,NA,NA,"UNK"
"272",272,"20230427_smode2_B103.16S.exp.",2023,103,0,"27-Apr-2023 16:48:00",0.699999999953434,27,-124.76712,36.762106,5,"2023-04-27",11.802,33.0025338942131,32.847,24.954,6.432,2099.110665,1.489,0.394,7.42504,NA,NA,NA,NA,NA,NA,NA,NA,NA,NA,NA,NA,NA,NA,NA,NA,NA,NA,NA,NA,NA,NA,NA,NA,NA,NA,NA,NA,NA,NA,NA,NA,NA,NA,NA,NA,NA,NA,NA,NA,NA,NA,NA,NA,NA,NA,NA,NA,"EDGE"
"273",273,"20230427_smode2_B104.16S.exp.",2023,104,0,"27-Apr-2023 16:54:00",0.704166666720994,27,-124.769269,36.762393,5,"2023-04-27",11.745,33.001529076399,32.846,24.964,6.403,2087.196668,1.334,0.354,6.32968,NA,NA,NA,NA,NA,NA,NA,NA,NA,NA,NA,NA,NA,NA,NA,NA,NA,NA,NA,NA,NA,NA,NA,NA,NA,NA,NA,NA,NA,NA,NA,NA,NA,NA,NA,NA,NA,NA,NA,NA,NA,NA,NA,NA,NA,NA,NA,NA,"EDGE"
"274",274,"20230427_smode2_B105.16S.exp.",2023,105,0,"27-Apr-2023 17:00:00",0.708333333372138,27,-124.769252,36.762444,5,"2023-04-27",11.748,33.0015290808586,32.846,24.963,6.392,2096.73,1.364,0.639,6.83172,NA,NA,NA,NA,NA,NA,NA,NA,NA,NA,NA,NA,NA,NA,NA,NA,NA,NA,NA,NA,NA,NA,NA,NA,NA,NA,NA,NA,NA,NA,NA,NA,NA,NA,NA,NA,NA,NA,NA,NA,NA,NA,NA,NA,NA,NA,NA,NA,"EDGE"
"275",275,"20230427_smode2_B106.16S.exp.",2023,106,0,"27-Apr-2023 17:05:00",0.711805555503815,27,-124.76925,36.762459,5,"2023-04-27",11.799,33.0015290820262,32.846,24.954,6.378,2104.98,1.369,0.491,6.5807,NA,NA,NA,NA,NA,NA,NA,NA,NA,NA,NA,NA,NA,NA,NA,NA,NA,NA,NA,NA,NA,NA,NA,NA,NA,NA,NA,NA,NA,NA,NA,NA,NA,NA,NA,NA,NA,NA,NA,NA,NA,NA,NA,NA,NA,NA,NA,NA,"EDGE"
"276",276,"20230427_smode2_B107.16S.exp.",2023,107,0,"27-Apr-2023 17:10:00",0.715277777751908,27,-124.769246,36.762451,5,"2023-04-27",11.803,33.0015290816469,32.846,24.953,6.382,2073.080001,NA,0.6,6.71762,NA,NA,NA,NA,NA,NA,NA,NA,NA,NA,NA,NA,NA,NA,NA,NA,NA,NA,NA,NA,NA,NA,NA,NA,NA,NA,NA,NA,NA,NA,NA,NA,NA,NA,NA,NA,NA,NA,NA,NA,NA,NA,NA,NA,NA,NA,NA,NA,"EDGE"
"277",277,"20230427_smode2_B88.16S.exp.",2023,88,0,"27-Apr-2023 01:07:00",0.0465277777984738,27,-124.741128,36.826789,5,"2023-04-27",11.83,32.911108875425,32.756,24.879,6.215,1517.069997,NA,0.308,6.16994,NA,NA,NA,NA,NA,NA,NA,NA,NA,NA,NA,NA,NA,NA,NA,NA,NA,NA,NA,NA,NA,NA,NA,NA,NA,NA,NA,NA,NA,NA,NA,NA,NA,NA,NA,NA,NA,NA,NA,NA,NA,NA,NA,NA,NA,NA,NA,NA,"UNK"
"278",278,"20230427_smode2_B89.16S.exp.",2023,89,0,"27-Apr-2023 01:18:00",0.0541666666977108,27,-124.724164,36.81575,5,"2023-04-27",11.95,32.9673740848457,32.812,24.899,6.374,1457.856005,1.796,0.75,9.34192,NA,NA,NA,NA,NA,NA,NA,NA,NA,NA,NA,NA,NA,NA,NA,NA,NA,NA,NA,NA,NA,NA,NA,NA,NA,NA,NA,NA,NA,NA,NA,NA,NA,NA,NA,NA,NA,NA,NA,NA,NA,NA,NA,NA,NA,NA,NA,NA,"EDGE"
"279",279,"20230427_smode2_B90.16S.exp.",2023,90,0,"27-Apr-2023 01:26:00",0.0597222222713754,27,-124.711864,36.807697,5,"2023-04-27",11.954,32.9874688084558,32.832,24.915,6.374,1272.334736,1.729,0.674,8.38348,NA,NA,NA,NA,NA,NA,NA,NA,NA,NA,NA,NA,NA,NA,NA,NA,NA,NA,NA,NA,NA,NA,NA,NA,NA,NA,NA,NA,NA,NA,NA,NA,NA,NA,NA,NA,NA,NA,NA,NA,NA,NA,NA,NA,NA,NA,NA,NA,"EDGE"
"280",280,"20230427_smode2_B91.16S.exp.",2023,91,0,"27-Apr-2023 01:36:00",0.0666666666511446,27,-124.696305,36.797575,5,"2023-04-27",11.916,32.9764167441911,32.821,24.913,6.279,1190.387324,1.062,0.416,6.78608,NA,NA,NA,NA,NA,NA,NA,NA,NA,NA,NA,NA,NA,NA,NA,NA,NA,NA,NA,NA,NA,NA,NA,NA,NA,NA,NA,NA,NA,NA,NA,NA,NA,NA,NA,NA,NA,NA,NA,NA,NA,NA,NA,NA,NA,NA,NA,NA,"EDGE"
"281",281,"20230427_smode2_B92.16S.exp.",2023,92,0,"27-Apr-2023 01:43:00",0.0715277778217569,27,-124.685398,36.790486,5,"2023-04-27",11.95,32.9844546413137,32.829,24.912,6.225,1085.347331,0.95,0.307,5.57662,NA,NA,NA,NA,NA,NA,NA,NA,NA,NA,NA,NA,NA,NA,NA,NA,NA,NA,NA,NA,NA,NA,NA,NA,NA,NA,NA,NA,NA,NA,NA,NA,NA,NA,NA,NA,NA,NA,NA,NA,NA,NA,NA,NA,NA,NA,NA,NA,"EDGE"
"282",282,"20230427_smode2_B93.16S.exp.",2023,93,0,"27-Apr-2023 01:57:00",0.0812500000465661,27,-124.663432,36.776173,5,"2023-04-27",11.932,32.994502015577,32.839,24.924,6.164,894.2399878,NA,0.253,5.14304,NA,NA,NA,NA,NA,NA,NA,NA,NA,NA,NA,NA,NA,NA,NA,NA,NA,NA,NA,NA,NA,NA,NA,NA,NA,NA,NA,NA,NA,NA,NA,NA,NA,NA,NA,NA,NA,NA,NA,NA,NA,NA,NA,NA,NA,NA,NA,NA,"EDGE"
"283",283,"20230427_smode2_B94.16S.exp.",2023,94,0,"27-Apr-2023 02:06:00",0.0875000000232831,27,-124.649116,36.766827,5,"2023-04-27",11.989,33.0145967297153,32.859,24.929,6.158,786.2613437,NA,0.248,5.34842,NA,NA,NA,NA,NA,NA,NA,NA,NA,NA,NA,NA,NA,NA,NA,NA,NA,NA,NA,NA,NA,NA,NA,NA,NA,NA,NA,NA,NA,NA,NA,NA,NA,NA,NA,NA,NA,NA,NA,NA,NA,NA,NA,NA,NA,NA,NA,NA,"UNK"
"284",284,"20230427_smode2_B95.16S.exp.",2023,95,0,"27-Apr-2023 02:12:00",0.0916666666744277,27,-124.639209,36.760361,5,"2023-04-27",12.067,33.0447387922726,32.889,24.937,6.194,596.7073223,NA,0.315,5.46252,NA,NA,NA,NA,NA,NA,NA,NA,NA,NA,NA,NA,NA,NA,NA,NA,NA,NA,NA,NA,NA,NA,NA,NA,NA,NA,NA,NA,NA,NA,NA,NA,NA,NA,NA,NA,NA,NA,NA,NA,NA,NA,NA,NA,NA,NA,NA,NA,"UNK"
"285",285,"20230427_smode2_B96.16S.exp.",2023,96,0,"27-Apr-2023 02:19:00",0.0965277777286246,27,-124.627464,36.752769,5,"2023-04-27",12.051,33.066842976619,32.911,24.958,6.396,423.6533176,1.941,1.03,8.45194,NA,NA,NA,NA,NA,NA,NA,NA,NA,NA,NA,NA,NA,NA,NA,NA,NA,NA,NA,NA,NA,NA,NA,NA,NA,NA,NA,NA,NA,NA,NA,NA,NA,NA,NA,NA,NA,NA,NA,NA,NA,NA,NA,NA,NA,NA,NA,NA,"UNK"
"286",286,"20230427_smode2_B97.16S.exp.",2023,97,0,"27-Apr-2023 02:31:00",0.104861111147329,27,-124.606738,36.7392,5,"2023-04-27",12.034,33.0166062085181,32.861,24.922,6.382,185.793336,2.063,0.992,9.41038,NA,NA,NA,NA,NA,NA,NA,NA,NA,NA,NA,NA,NA,NA,NA,NA,NA,NA,NA,NA,NA,NA,NA,NA,NA,NA,NA,NA,NA,NA,NA,NA,NA,NA,NA,NA,NA,NA,NA,NA,NA,NA,NA,NA,NA,NA,NA,NA,"UNK"
"287",287,"20230427_smode2_B98.16S.exp.",2023,98,0,"27-Apr-2023 16:20:00",0.680555555503815,27,-124.732784,36.785752,5,"2023-04-27",11.827,33.0387077106643,32.883,24.977,6.177,1917.165338,NA,0.112,3.70538,NA,NA,NA,NA,NA,NA,NA,NA,NA,NA,NA,NA,NA,NA,NA,NA,NA,NA,NA,NA,NA,NA,NA,NA,NA,NA,NA,NA,NA,NA,NA,NA,NA,NA,NA,NA,NA,NA,NA,NA,NA,NA,NA,NA,NA,NA,NA,NA,"UNK"
"288",288,"20230427_smode2_B99.16S.exp.",2023,99,0,"27-Apr-2023 16:25:00",0.684027777751908,27,-124.729839,36.788877,5,"2023-04-27",11.854,33.0437317542378,32.888,24.977,6.196,2003.876671,NA,0.118,3.65974,NA,NA,NA,NA,NA,NA,NA,NA,NA,NA,NA,NA,NA,NA,NA,NA,NA,NA,NA,NA,NA,NA,NA,NA,NA,NA,NA,NA,NA,NA,NA,NA,NA,NA,NA,NA,NA,NA,NA,NA,NA,NA,NA,NA,NA,NA,NA,NA,"UNK"
"289",289,"20230427_smode2_C26N12.16S.exp.",2023,26,12,"27-Apr-2023 17:06:00",0.712442129617557,27,-124.769333333333,36.7625,55,"2023-04-27",10.480075,33.4256207844906,33.267725,25.5165,174.4535,1.5787,0.0406321527297828,0.0406321527297828,3.66286,0.293328945,0.491699906,1.248130443,0.075310735,NA,NA,NA,0.309,0.018,0.077,0.008,0.006,0.014,0.01,0.01,0,0,0.135,0,0,0.309,0,0.018,0.025,0.052,0,0,0,0,0.11,0.075,0,0,0.183,0.028,0.155,0.559,0.278,0.183,0.404,0.587,0.15,0.05,0.85,0.95,0.9,2.21,0.53,"UNK"
"290",290,"20230427_smode2_C26N16.16S.exp.",2023,26,16,"27-Apr-2023 17:06:00",0.712442129617557,27,-124.769333333333,36.7625,50,"2023-04-27",10.39765,33.373277687384,33.21575,25.49015,178.2475,2.37675,0.0907571127297828,0.0907571127297828,3.81859,0.342217102,0.5621223,1.352264565,0.145614843,NA,NA,NA,0.399,0.016,0.089,0.013,0,0.017,0.013,0.01,0,0,0.183,0,0,0.391,0,0.016,0.031,0.058,0.008,0,0,0,0.134,0.117,0,0,0.226,0.036,0.2,0.704,0.341,0.236,0.504,0.74,0.15,0.05,0.85,0.95,0.85,2.14,0.54,"UNK"
"291",291,"20230427_smode2_C26N20.16S.exp.",2023,26,20,"27-Apr-2023 17:06:00",0.712442129617557,27,-124.769333333333,36.7625,35,"2023-04-27",10.6517,33.1825023279918,33.02605,25.30045,199.314,10.027,0.555533672729783,0.555533672729783,7.080865,1.144242468,1.268318809,5.706039452,1.190404054,NA,NA,NA,1.868,0,0.434,0.05,0.01,0.036,0.053,0.009,0.004,0,1.009,0,0,1.771,0,0,0.099,0.335,0.097,0,0,0,0.376,0.348,0,0,1.064,0.116,1.055,3.357,1.605,1.171,2.302,3.473,0.1,0.03,0.9,0.97,0.86,1.97,0.54,"UNK"
"292",292,"20230427_smode2_C26N22.16S.exp.",2023,26,22,"27-Apr-2023 17:06:00",0.712442129617557,27,-124.769333333333,36.7625,5,"2023-04-27",11.623175,33.0398598116472,32.88415,25.01435,225.2125,642.21,NA,NA,NA,1.142269636,0.931870175,8.019026236,0.959609042,NA,NA,NA,1.531,0,0.451,0.045,0.01,0.045,0.159,0.017,0.03,0.005,0.914,0,0,1.296,0,0,0.073,0.378,0.235,0,0,0,0.27,0.04,0,0,0.991,0.256,0.969,2.951,1.676,1.225,1.982,3.207,0.21,0.08,0.79,0.92,1.09,1.62,0.48,"UNK"
"293",293,"20230427_smode2_C26N4.16S.exp.",2023,26,4,"27-Apr-2023 17:06:00",0.712442129617557,27,-124.769333333333,36.7625,80,"2023-04-27",10.054275,33.7425799249098,33.5826,25.8345,125.898,0.23565,0.0106794327297828,0.0106794327297828,3.28159,0.161226159,0.43717925,0,0,NA,NA,NA,0.26,0,0.055,0.015,0.008,0.01,0.008,0.007,0,0,0.121,0,0,0.254,0,0,0.015,0.04,0.006,0,0,0,0.139,0.075,0,0,0.146,0.03,0.139,0.454,0.224,0.169,0.315,0.484,0.18,0.06,0.82,0.94,0.86,1.86,0.54,"UNK"
"294",294,"20230427_smode2_C26N8.16S.exp.",2023,26,8,"27-Apr-2023 17:06:00",0.712442129617557,27,-124.769333333333,36.7625,60,"2023-04-27",10.335475,33.4845477993034,33.32625,25.59,172.6375,1.047,0.0355381527297828,0.0355381527297828,3.74341,0.299195524,0.442604866,1.365504125,0.110215992,NA,NA,NA,0.31,0.016,0.067,0.013,0.008,0.009,0.011,0.007,0,0,0.136,0,0,0.304,0,0.016,0.019,0.048,0.006,0,0,0,0.132,0.092,0,0,0.176,0.031,0.153,0.546,0.267,0.184,0.393,0.577,0.17,0.05,0.83,0.95,0.86,2.14,0.54,"UNK"
"295",295,"20230428_smode2_C27N12.16S.exp.",2023,27,12,"28-Apr-2023 12:28:00",0.519768518512137,28,-124.905,36.8018333333333,30,"2023-04-28",11.53815,33.0387521214882,32.88305,25.0298,226.917,0.09751,0.889190672729783,0.889190672729783,7.09966,NA,NA,NA,NA,NA,NA,NA,NA,NA,NA,NA,NA,NA,NA,NA,NA,NA,NA,NA,NA,NA,NA,NA,NA,NA,NA,NA,NA,NA,NA,NA,NA,NA,NA,NA,NA,NA,NA,NA,NA,NA,NA,NA,NA,NA,NA,NA,NA,"UNK"
"296",296,"20230428_smode2_C27N16.16S.exp.",2023,27,16,"28-Apr-2023 12:28:00",0.519768518512137,28,-124.905,36.8018333333333,15,"2023-04-28",11.7086,33.0405613914955,32.8848,24.9999,230.764,0.09751,1.00141149272978,1.00141149272978,8.28106,NA,NA,NA,NA,NA,NA,NA,NA,NA,NA,NA,NA,NA,NA,NA,NA,NA,NA,NA,NA,NA,NA,NA,NA,NA,NA,NA,NA,NA,NA,NA,NA,NA,NA,NA,NA,NA,NA,NA,NA,NA,NA,NA,NA,NA,NA,NA,NA,"UNK"
"297",297,"20230428_smode2_C27N22.16S.exp.",2023,27,22,"28-Apr-2023 12:28:00",0.519768518512137,28,-124.905,36.8018333333333,5,"2023-04-28",12.181575,33.0383237318765,32.882625,24.90965,230.3315,0.346555,NA,NA,NA,NA,NA,NA,NA,NA,NA,NA,NA,NA,NA,NA,NA,NA,NA,NA,NA,NA,NA,NA,NA,NA,NA,NA,NA,NA,NA,NA,NA,NA,NA,NA,NA,NA,NA,NA,NA,NA,NA,NA,NA,NA,NA,NA,NA,NA,NA,NA,NA,"UNK"
"298",298,"20230428_smode2_C27N4.16S.exp.",2023,27,4,"28-Apr-2023 12:28:00",0.519768518512137,28,-124.905,36.8018333333333,70,"2023-04-28",10.3325,33.4865362638604,33.328,25.5885,166.372,0.09751,0.0791427927297828,0.0791427927297828,3.79711,NA,NA,NA,NA,NA,NA,NA,NA,NA,NA,NA,NA,NA,NA,NA,NA,NA,NA,NA,NA,NA,NA,NA,NA,NA,NA,NA,NA,NA,NA,NA,NA,NA,NA,NA,NA,NA,NA,NA,NA,NA,NA,NA,NA,NA,NA,NA,NA,"UNK"
"299",299,"20230428_smode2_C27N8.16S.exp.",2023,27,8,"28-Apr-2023 12:28:00",0.519768518512137,28,-124.905,36.8018333333333,45,"2023-04-28",11.33585,33.0525555157405,32.8966,25.0767,219.017,0.09751,0.704380352729783,0.704380352729783,8.219305,NA,NA,NA,NA,NA,NA,NA,NA,NA,NA,NA,NA,NA,NA,NA,NA,NA,NA,NA,NA,NA,NA,NA,NA,NA,NA,NA,NA,NA,NA,NA,NA,NA,NA,NA,NA,NA,NA,NA,NA,NA,NA,NA,NA,NA,NA,NA,NA,"UNK"
"300",300,"20230429_smode2_B108.16S.exp.",2023,108,0,"29-Apr-2023 19:25:00",0.809027777751908,29,-125.038594,36.856305,5,"2023-04-29",12.336,32.5574297064113,32.404,24.51,6.645,1605.426669,1.147,0.202,13.44952,NA,NA,NA,NA,NA,NA,NA,NA,NA,NA,NA,NA,NA,NA,NA,NA,NA,NA,NA,NA,NA,NA,NA,NA,NA,NA,NA,NA,NA,NA,NA,NA,NA,NA,NA,NA,NA,NA,NA,NA,NA,NA,NA,NA,NA,NA,NA,NA,"UNK"
"301",301,"20230429_smode2_B109.16S.exp.",2023,109,0,"29-Apr-2023 19:36:00",0.816666666651145,29,-125.06292,36.856533,5,"2023-04-29",12.269,32.5915895261483,32.438,24.55,6.563,1997.187325,1.094,0.199,13.01594,NA,NA,NA,NA,NA,NA,NA,NA,NA,NA,NA,NA,NA,NA,NA,NA,NA,NA,NA,NA,NA,NA,NA,NA,NA,NA,NA,NA,NA,NA,NA,NA,NA,NA,NA,NA,NA,NA,NA,NA,NA,NA,NA,NA,NA,NA,NA,NA,"UNK"
"302",302,"20230429_smode2_B110.16S.exp.",2023,110,0,"29-Apr-2023 19:50:00",0.826388888875954,29,-125.093017,36.856482,5,"2023-04-29",12.272,32.6197206350319,32.466,24.57,6.48,1871.517336,1.322,0.272,13.03876,NA,NA,NA,NA,NA,NA,NA,NA,NA,NA,NA,NA,NA,NA,NA,NA,NA,NA,NA,NA,NA,NA,NA,NA,NA,NA,NA,NA,NA,NA,NA,NA,NA,NA,NA,NA,NA,NA,NA,NA,NA,NA,NA,NA,NA,NA,NA,NA,"UNK"
"303",303,"20230429_smode2_B111.16S.exp.",2023,111,0,"29-Apr-2023 19:56:00",0.830555555527098,29,-125.105502,36.856484,5,"2023-04-29",12.484,32.8206669879707,32.666,24.685,6.327,1695.623994,1.174,0.306,10.5742,NA,NA,NA,NA,NA,NA,NA,NA,NA,NA,NA,NA,NA,NA,NA,NA,NA,NA,NA,NA,NA,NA,NA,NA,NA,NA,NA,NA,NA,NA,NA,NA,NA,NA,NA,NA,NA,NA,NA,NA,NA,NA,NA,NA,NA,NA,NA,NA,"UNK"
"304",304,"20230429_smode2_B112.16S.exp.",2023,112,0,"29-Apr-2023 20:03:00",0.835416666697711,29,-125.119675,36.856516,5,"2023-04-29",12.562,32.8477941355294,32.693,24.692,6.285,1688.474003,1.142,0.265,9.82114,NA,NA,NA,NA,NA,NA,NA,NA,NA,NA,NA,NA,NA,NA,NA,NA,NA,NA,NA,NA,NA,NA,NA,NA,NA,NA,NA,NA,NA,NA,NA,NA,NA,NA,NA,NA,NA,NA,NA,NA,NA,NA,NA,NA,NA,NA,NA,NA,"UNK"
"305",305,"20230429_smode2_B113.16S.exp.",2023,113,0,"29-Apr-2023 20:13:00",0.84236111107748,29,-125.140451,36.856501,5,"2023-04-29",12.654,32.8839635678548,32.729,24.701,6.196,1795.166662,0.903,0.175,8.2922,NA,NA,NA,NA,NA,NA,NA,NA,NA,NA,NA,NA,NA,NA,NA,NA,NA,NA,NA,NA,NA,NA,NA,NA,NA,NA,NA,NA,NA,NA,NA,NA,NA,NA,NA,NA,NA,NA,NA,NA,NA,NA,NA,NA,NA,NA,NA,NA,"UNK"
"306",306,"20230429_smode2_B114.16S.exp.",2023,114,0,"29-Apr-2023 20:21:00",0.847916666651145,29,-125.157319,36.8565,5,"2023-04-29",13.08,33.0778765421789,32.922,24.768,5.941,1753.186003,0.685,NA,6.42096,NA,NA,NA,NA,NA,NA,NA,NA,NA,NA,NA,NA,NA,NA,NA,NA,NA,NA,NA,NA,NA,NA,NA,NA,NA,NA,NA,NA,NA,NA,NA,NA,NA,NA,NA,NA,NA,NA,NA,NA,NA,NA,NA,NA,NA,NA,NA,NA,"UNK"
"307",307,"20230429_smode2_B115.16S.exp.",2023,115,0,"29-Apr-2023 20:26:00",0.851388888899237,29,-125.168044,36.856474,5,"2023-04-29",13.135,33.1160559303123,32.96,24.786,5.881,1652.173999,0.67,0.084,6.19276,NA,NA,NA,NA,NA,NA,NA,NA,NA,NA,NA,NA,NA,NA,NA,NA,NA,NA,NA,NA,NA,NA,NA,NA,NA,NA,NA,NA,NA,NA,NA,NA,NA,NA,NA,NA,NA,NA,NA,NA,NA,NA,NA,NA,NA,NA,NA,NA,"UNK"
"308",308,"20230429_smode2_B116.16S.exp.",2023,116,0,"29-Apr-2023 20:32:00",0.855555555550382,29,-125.180717,36.856493,5,"2023-04-29",13.175,33.1170600404792,32.961,24.779,5.873,1830.545375,0.622,NA,6.0102,NA,NA,NA,NA,NA,NA,NA,NA,NA,NA,NA,NA,NA,NA,NA,NA,NA,NA,NA,NA,NA,NA,NA,NA,NA,NA,NA,NA,NA,NA,NA,NA,NA,NA,NA,NA,NA,NA,NA,NA,NA,NA,NA,NA,NA,NA,NA,NA,"UNK"
"309",309,"20230429_smode2_B117.16S.exp.",2023,117,0,"29-Apr-2023 20:40:00",0.861111111124046,29,-125.19764,36.856486,5,"2023-04-29",13.145,33.1190686736633,32.963,24.787,5.884,927.4170528,0.585,0.084,6.21558,NA,NA,NA,NA,NA,NA,NA,NA,NA,NA,NA,NA,NA,NA,NA,NA,NA,NA,NA,NA,NA,NA,NA,NA,NA,NA,NA,NA,NA,NA,NA,NA,NA,NA,NA,NA,NA,NA,NA,NA,NA,NA,NA,NA,NA,NA,NA,NA,"UNK"
"310",310,"20230430_smode2_B118.16S.exp.",2023,118,0,"30-Apr-2023 06:20:00",0.263888888875954,30,-125.348113,36.839619,5,"2023-04-30",12.245,32.6910432999946,32.537,24.631,6.689,28.13933358,1.796,1.521,17.6484,0.97,0.5,-9999,-9999,-9999,-9999,-9999,1.453,0.061,0.391,0.045,0.013,0.081,0.127,0.033,0.013,0.013,0.682,0.018,0,1.36,0,0.061,0.074,0.317,0.093,0,0.005,0.012,0.178,0.037,0,0,0.901,0.231,0.794,2.699,1.477,1.025,1.905,2.93,0.23,0.08,0.77,0.92,1.02,1.86,0.5,"UNK"
"311",311,"20230430_smode2_B119.16S.exp.",2023,119,0,"30-Apr-2023 06:25:00",0.267361111124046,30,-125.338439,36.839413,5,"2023-04-30",12.124,32.6920484908338,32.538,24.654,6.724,27.5,2.121,1.548,17.7625,NA,NA,NA,NA,NA,NA,NA,NA,NA,NA,NA,NA,NA,NA,NA,NA,NA,NA,NA,NA,NA,NA,NA,NA,NA,NA,NA,NA,NA,NA,NA,NA,NA,NA,NA,NA,NA,NA,NA,NA,NA,NA,NA,NA,NA,NA,NA,NA,"UNK"
"312",312,"20230430_smode2_B120.16S.exp.",2023,120,0,"30-Apr-2023 06:30:00",0.270833333372138,30,-125.32885,36.839582,5,"2023-04-30",11.988,32.6860205604359,32.532,24.675,6.764,27.5,2.413,2.194,19.72502,1.69,0.88,-9999,-9999,-9999,-9999,-9999,0,0,0,0,0,0,0,0,0,0,0,0,0,0,0,0,0,0,0,0,0,0,0,0,0,0,0,0,0,0,0,0,0,0,0,0,0,0,0,0,0,"UNK"
"313",313,"20230430_smode2_B121.16S.exp.",2023,121,0,"30-Apr-2023 06:35:00",0.274305555503815,30,-125.319109,36.839642,5,"2023-04-30",12.044,32.7292246182235,32.575,24.697,6.635,27.5,1.805,2.323,19.3599,NA,NA,NA,NA,NA,NA,NA,NA,NA,NA,NA,NA,NA,NA,NA,NA,NA,NA,NA,NA,NA,NA,NA,NA,NA,NA,NA,NA,NA,NA,NA,NA,NA,NA,NA,NA,NA,NA,NA,NA,NA,NA,NA,NA,NA,NA,NA,NA,"UNK"
"314",314,"20230430_smode2_B122.16S.exp.",2023,122,0,"30-Apr-2023 06:38:00",0.276388888945803,30,-125.313253,36.839703,5,"2023-04-30",12.588,32.8769208717423,32.722,24.709,6.305,27.5,1.096,1.134,14.15694,NA,NA,NA,NA,NA,NA,NA,NA,NA,NA,NA,NA,NA,NA,NA,NA,NA,NA,NA,NA,NA,NA,NA,NA,NA,NA,NA,NA,NA,NA,NA,NA,NA,NA,NA,NA,NA,NA,NA,NA,NA,NA,NA,NA,NA,NA,NA,NA,"UNK"
"315",315,"20230430_smode2_B123.16S.exp.",2023,123,0,"30-Apr-2023 06:41:00",0.278472222271375,30,-125.307395,36.839745,5,"2023-04-30",12.898,32.980408810286,32.825,24.728,6.1,27.5,0.979,0.495,11.39572,NA,NA,NA,NA,NA,NA,NA,NA,NA,NA,NA,NA,NA,NA,NA,NA,NA,NA,NA,NA,NA,NA,NA,NA,NA,NA,NA,NA,NA,NA,NA,NA,NA,NA,NA,NA,NA,NA,NA,NA,NA,NA,NA,NA,NA,NA,NA,NA,"UNK"
"316",316,"20230430_smode2_B124.16S.exp.",2023,124,0,"30-Apr-2023 06:45:00",0.28125,30,-125.299563,36.839842,5,"2023-04-30",12.651,32.9834234035161,32.828,24.779,6.101,27.5,1.01,0.385,10.77958,0.47,0.18,-9999,-9999,-9999,-9999,-9999,0,0,0,0,0,0,0,0,0,0,0,0,0,0,0,0,0,0,0,0,0,0,0,0,0,0,0,0,0,0,0,0,0,0,0,0,0,0,0,0,0,"UNK"
"317",317,"20230430_smode2_B125.16S.exp.",2023,125,0,"30-Apr-2023 06:50:00",0.284722222248092,30,-125.289404,36.839864,5,"2023-04-30",12.509,32.954286602201,32.799,24.783,6.228,27.5,0.893,0.384,10.98496,NA,NA,NA,NA,NA,NA,NA,NA,NA,NA,NA,NA,NA,NA,NA,NA,NA,NA,NA,NA,NA,NA,NA,NA,NA,NA,NA,NA,NA,NA,NA,NA,NA,NA,NA,NA,NA,NA,NA,NA,NA,NA,NA,NA,NA,NA,NA,NA,"UNK"
"318",318,"20230430_smode2_B126.16S.exp.",2023,126,0,"30-Apr-2023 06:55:00",0.288194444496185,30,-125.279457,36.839826,5,"2023-04-30",13.095,33.0929404483765,32.937,24.777,5.909,27.5,0.803,0.288,10.32318,0.24,0.11,-9999,-9999,-9999,-9999,-9999,0,0,0,0,0,0,0,0,0,0,0,0,0,0,0,0,0,0,0,0,0,0,0,0,0,0,0,0,0,0,0,0,0,0,0,0,0,0,0,0,0,"UNK"
"319",319,"20230430_smode2_B127.16S.exp.",2023,127,0,"30-Apr-2023 07:00:00",0.291666666627862,30,-125.273259,36.841674,5,"2023-04-30",12.99,33.0849029974618,32.929,24.791,5.945,27.5,0.856,0.263,10.18626,NA,NA,NA,NA,NA,NA,NA,NA,NA,NA,NA,NA,NA,NA,NA,NA,NA,NA,NA,NA,NA,NA,NA,NA,NA,NA,NA,NA,NA,NA,NA,NA,NA,NA,NA,NA,NA,NA,NA,NA,NA,NA,NA,NA,NA,NA,NA,NA,"UNK"
"320",320,"20230430_smode2_B128.16S.exp.",2023,128,0,"30-Apr-2023 22:45:00",0.947916666627862,30,-125.484408,36.816701,5,"2023-04-30",12.804,32.9381998685768,32.783,24.714,6.162,2159.883334,0.749,0.307,9.75268,NA,NA,NA,NA,NA,NA,NA,NA,NA,NA,NA,NA,NA,NA,NA,NA,NA,NA,NA,NA,NA,NA,NA,NA,NA,NA,NA,NA,NA,NA,NA,NA,NA,NA,NA,NA,NA,NA,NA,NA,NA,NA,NA,NA,NA,NA,NA,NA,"UNK"
"321",321,"20230430_smode2_B129.16S.exp.",2023,129,0,"30-Apr-2023 22:50:00",0.951388888875954,30,-125.473956,36.816659,5,"2023-04-30",12.993,33.0195838420705,32.864,24.74,6.008,2166.019997,0.683,0.127,6.64916,NA,NA,NA,NA,NA,NA,NA,NA,NA,NA,NA,NA,NA,NA,NA,NA,NA,NA,NA,NA,NA,NA,NA,NA,NA,NA,NA,NA,NA,NA,NA,NA,NA,NA,NA,NA,NA,NA,NA,NA,NA,NA,NA,NA,NA,NA,NA,NA,"UNK"
"322",322,"20230430_smode2_B130.16S.exp.",2023,130,0,"30-Apr-2023 22:55:00",0.954861111124046,30,-125.463339,36.816666,5,"2023-04-30",12.692,32.9944660052512,32.839,24.779,6.06,2150.989334,0.747,0.211,7.21966,NA,NA,NA,NA,NA,NA,NA,NA,NA,NA,NA,NA,NA,NA,NA,NA,NA,NA,NA,NA,NA,NA,NA,NA,NA,NA,NA,NA,NA,NA,NA,NA,NA,NA,NA,NA,NA,NA,NA,NA,NA,NA,NA,NA,NA,NA,NA,NA,"UNK"
"323",323,"20230430_smode2_B131.16S.exp.",2023,131,0,"30-Apr-2023 23:01:00",0.959027777775191,30,-125.450934,36.816667,5,"2023-04-30",12.706,32.9874334699972,32.832,24.771,6.141,2157.956,0.602,0.133,6.83172,NA,NA,NA,NA,NA,NA,NA,NA,NA,NA,NA,NA,NA,NA,NA,NA,NA,NA,NA,NA,NA,NA,NA,NA,NA,NA,NA,NA,NA,NA,NA,NA,NA,NA,NA,NA,NA,NA,NA,NA,NA,NA,NA,NA,NA,NA,NA,NA,"UNK"
"324",324,"20230430_smode2_B132.16S.exp.",2023,132,0,"30-Apr-2023 23:05:00",0.961805555503815,30,-125.442817,36.816681,5,"2023-04-30",12.882,32.7442881851876,32.59,24.55,6.325,2210.84,1.24,0.279,9.61576,NA,NA,NA,NA,NA,NA,NA,NA,NA,NA,NA,NA,NA,NA,NA,NA,NA,NA,NA,NA,NA,NA,NA,NA,NA,NA,NA,NA,NA,NA,NA,NA,NA,NA,NA,NA,NA,NA,NA,NA,NA,NA,NA,NA,NA,NA,NA,NA,"UNK"
"325",325,"20230430_smode2_B133.16S.exp.",2023,133,0,"30-Apr-2023 23:10:00",0.965277777751908,30,-125.432616,36.816645,5,"2023-04-30",12.609,32.6046306174777,32.451,24.495,6.448,2194.622669,1.398,0.415,13.67772,NA,NA,NA,NA,NA,NA,NA,NA,NA,NA,NA,NA,NA,NA,NA,NA,NA,NA,NA,NA,NA,NA,NA,NA,NA,NA,NA,NA,NA,NA,NA,NA,NA,NA,NA,NA,NA,NA,NA,NA,NA,NA,NA,NA,NA,NA,NA,NA,"UNK"
"326",326,"20230430_smode2_B134.16S.exp.",2023,134,0,"30-Apr-2023 23:15:00",0.96875,30,-125.422503,36.816673,5,"2023-04-30",12.394,32.5433423167405,32.39,24.488,6.493,2165.197338,1.286,0.351,13.769,NA,NA,NA,NA,NA,NA,NA,NA,NA,NA,NA,NA,NA,NA,NA,NA,NA,NA,NA,NA,NA,NA,NA,NA,NA,NA,NA,NA,NA,NA,NA,NA,NA,NA,NA,NA,NA,NA,NA,NA,NA,NA,NA,NA,NA,NA,NA,NA,"UNK"
"327",327,"20230501_smode2_C28N10.16S.exp.",2023,28,10,"NaT",NA,NA,NA,NA,NA,"NaT",NA,NA,NA,NA,NA,NA,NA,NA,NA,NA,NA,NA,NA,NA,NA,NA,NA,NA,NA,NA,NA,NA,NA,NA,NA,NA,NA,NA,NA,NA,NA,NA,NA,NA,NA,NA,NA,NA,NA,NA,NA,NA,NA,NA,NA,NA,NA,NA,NA,NA,NA,NA,NA,NA,NA,NA,NA,"UNK"
"328",328,"20230501_smode2_C28N12.16S.exp.",2023,28,12,"NaT",NA,NA,NA,NA,NA,"NaT",NA,NA,NA,NA,NA,NA,NA,NA,NA,NA,NA,NA,NA,NA,NA,NA,NA,NA,NA,NA,NA,NA,NA,NA,NA,NA,NA,NA,NA,NA,NA,NA,NA,NA,NA,NA,NA,NA,NA,NA,NA,NA,NA,NA,NA,NA,NA,NA,NA,NA,NA,NA,NA,NA,NA,NA,NA,"UNK"
"329",329,"20230501_smode2_C28N2.16S.exp.",2023,28,2,"NaT",NA,NA,NA,NA,NA,"NaT",NA,NA,NA,NA,NA,NA,NA,NA,NA,NA,NA,NA,NA,NA,NA,NA,NA,NA,NA,NA,NA,NA,NA,NA,NA,NA,NA,NA,NA,NA,NA,NA,NA,NA,NA,NA,NA,NA,NA,NA,NA,NA,NA,NA,NA,NA,NA,NA,NA,NA,NA,NA,NA,NA,NA,NA,NA,"UNK"
"330",330,"20230501_smode2_C28N4.16S.exp.",2023,28,4,"NaT",NA,NA,NA,NA,NA,"NaT",NA,NA,NA,NA,NA,NA,NA,NA,NA,NA,NA,NA,NA,NA,NA,NA,NA,NA,NA,NA,NA,NA,NA,NA,NA,NA,NA,NA,NA,NA,NA,NA,NA,NA,NA,NA,NA,NA,NA,NA,NA,NA,NA,NA,NA,NA,NA,NA,NA,NA,NA,NA,NA,NA,NA,NA,NA,"UNK"
"331",331,"20230501_smode2_C28N8.16S.exp.",2023,28,8,"NaT",NA,NA,NA,NA,NA,"NaT",NA,NA,NA,NA,NA,NA,NA,NA,NA,NA,NA,NA,NA,NA,NA,NA,NA,NA,NA,NA,NA,NA,NA,NA,NA,NA,NA,NA,NA,NA,NA,NA,NA,NA,NA,NA,NA,NA,NA,NA,NA,NA,NA,NA,NA,NA,NA,NA,NA,NA,NA,NA,NA,NA,NA,NA,NA,"UNK"
"332",332,"20230501_smode2_C29N10.16S.exp.",2023,29,10,"NaT",NA,NA,NA,NA,NA,"NaT",NA,NA,NA,NA,NA,NA,NA,NA,NA,NA,NA,NA,NA,NA,NA,NA,NA,NA,NA,NA,NA,NA,NA,NA,NA,NA,NA,NA,NA,NA,NA,NA,NA,NA,NA,NA,NA,NA,NA,NA,NA,NA,NA,NA,NA,NA,NA,NA,NA,NA,NA,NA,NA,NA,NA,NA,NA,"UNK"
"333",333,"20230501_smode2_C29N12.16S.exp.",2023,29,12,"NaT",NA,NA,NA,NA,NA,"NaT",NA,NA,NA,NA,NA,NA,NA,NA,NA,NA,NA,NA,NA,NA,NA,NA,NA,NA,NA,NA,NA,NA,NA,NA,NA,NA,NA,NA,NA,NA,NA,NA,NA,NA,NA,NA,NA,NA,NA,NA,NA,NA,NA,NA,NA,NA,NA,NA,NA,NA,NA,NA,NA,NA,NA,NA,NA,"UNK"
"334",334,"20230501_smode2_C29N14.16S.exp.",2023,29,14,"NaT",NA,NA,NA,NA,NA,"NaT",NA,NA,NA,NA,NA,NA,NA,NA,NA,NA,NA,NA,NA,NA,NA,NA,NA,NA,NA,NA,NA,NA,NA,NA,NA,NA,NA,NA,NA,NA,NA,NA,NA,NA,NA,NA,NA,NA,NA,NA,NA,NA,NA,NA,NA,NA,NA,NA,NA,NA,NA,NA,NA,NA,NA,NA,NA,"UNK"
"335",335,"20230501_smode2_C29N2.16S.exp.",2023,29,2,"NaT",NA,NA,NA,NA,NA,"NaT",NA,NA,NA,NA,NA,NA,NA,NA,NA,NA,NA,NA,NA,NA,NA,NA,NA,NA,NA,NA,NA,NA,NA,NA,NA,NA,NA,NA,NA,NA,NA,NA,NA,NA,NA,NA,NA,NA,NA,NA,NA,NA,NA,NA,NA,NA,NA,NA,NA,NA,NA,NA,NA,NA,NA,NA,NA,"UNK"
"336",336,"20230501_smode2_C29N4.16S.exp.",2023,29,4,"NaT",NA,NA,NA,NA,NA,"NaT",NA,NA,NA,NA,NA,NA,NA,NA,NA,NA,NA,NA,NA,NA,NA,NA,NA,NA,NA,NA,NA,NA,NA,NA,NA,NA,NA,NA,NA,NA,NA,NA,NA,NA,NA,NA,NA,NA,NA,NA,NA,NA,NA,NA,NA,NA,NA,NA,NA,NA,NA,NA,NA,NA,NA,NA,NA,"UNK"
"337",337,"20230501_smode2_C29N8.16S.exp.",2023,29,8,"NaT",NA,NA,NA,NA,NA,"NaT",NA,NA,NA,NA,NA,NA,NA,NA,NA,NA,NA,NA,NA,NA,NA,NA,NA,NA,NA,NA,NA,NA,NA,NA,NA,NA,NA,NA,NA,NA,NA,NA,NA,NA,NA,NA,NA,NA,NA,NA,NA,NA,NA,NA,NA,NA,NA,NA,NA,NA,NA,NA,NA,NA,NA,NA,NA,"UNK"
"338",338,"20230501_smode2_C30N10.16S.exp.",2023,30,10,"NaT",NA,NA,NA,NA,NA,"NaT",NA,NA,NA,NA,NA,NA,NA,NA,NA,NA,NA,NA,NA,NA,NA,NA,NA,NA,NA,NA,NA,NA,NA,NA,NA,NA,NA,NA,NA,NA,NA,NA,NA,NA,NA,NA,NA,NA,NA,NA,NA,NA,NA,NA,NA,NA,NA,NA,NA,NA,NA,NA,NA,NA,NA,NA,NA,"UNK"
"339",339,"20230501_smode2_C30N12.16S.exp.",2023,30,12,"NaT",NA,NA,NA,NA,NA,"NaT",NA,NA,NA,NA,NA,NA,NA,NA,NA,NA,NA,NA,NA,NA,NA,NA,NA,NA,NA,NA,NA,NA,NA,NA,NA,NA,NA,NA,NA,NA,NA,NA,NA,NA,NA,NA,NA,NA,NA,NA,NA,NA,NA,NA,NA,NA,NA,NA,NA,NA,NA,NA,NA,NA,NA,NA,NA,"UNK"
"340",340,"20230501_smode2_C30N2.16S.exp.",2023,30,2,"NaT",NA,NA,NA,NA,NA,"NaT",NA,NA,NA,NA,NA,NA,NA,NA,NA,NA,NA,NA,NA,NA,NA,NA,NA,NA,NA,NA,NA,NA,NA,NA,NA,NA,NA,NA,NA,NA,NA,NA,NA,NA,NA,NA,NA,NA,NA,NA,NA,NA,NA,NA,NA,NA,NA,NA,NA,NA,NA,NA,NA,NA,NA,NA,NA,"UNK"
"341",341,"20230501_smode2_C30N4.16S.exp.",2023,30,4,"NaT",NA,NA,NA,NA,NA,"NaT",NA,NA,NA,NA,NA,NA,NA,NA,NA,NA,NA,NA,NA,NA,NA,NA,NA,NA,NA,NA,NA,NA,NA,NA,NA,NA,NA,NA,NA,NA,NA,NA,NA,NA,NA,NA,NA,NA,NA,NA,NA,NA,NA,NA,NA,NA,NA,NA,NA,NA,NA,NA,NA,NA,NA,NA,NA,"UNK"
"342",342,"20230501_smode2_C30N8.16S.exp.",2023,30,8,"NaT",NA,NA,NA,NA,NA,"NaT",NA,NA,NA,NA,NA,NA,NA,NA,NA,NA,NA,NA,NA,NA,NA,NA,NA,NA,NA,NA,NA,NA,NA,NA,NA,NA,NA,NA,NA,NA,NA,NA,NA,NA,NA,NA,NA,NA,NA,NA,NA,NA,NA,NA,NA,NA,NA,NA,NA,NA,NA,NA,NA,NA,NA,NA,NA,"UNK"
"343",343,"20230501_smode2_C31N10.16S.exp.",2023,31,10,"NaT",NA,NA,NA,NA,NA,"NaT",NA,NA,NA,NA,NA,NA,NA,NA,NA,NA,NA,NA,NA,NA,NA,NA,NA,NA,NA,NA,NA,NA,NA,NA,NA,NA,NA,NA,NA,NA,NA,NA,NA,NA,NA,NA,NA,NA,NA,NA,NA,NA,NA,NA,NA,NA,NA,NA,NA,NA,NA,NA,NA,NA,NA,NA,NA,"UNK"
"344",344,"20230501_smode2_C31N12.16S.exp.",2023,31,12,"NaT",NA,NA,NA,NA,NA,"NaT",NA,NA,NA,NA,NA,NA,NA,NA,NA,NA,NA,NA,NA,NA,NA,NA,NA,NA,NA,NA,NA,NA,NA,NA,NA,NA,NA,NA,NA,NA,NA,NA,NA,NA,NA,NA,NA,NA,NA,NA,NA,NA,NA,NA,NA,NA,NA,NA,NA,NA,NA,NA,NA,NA,NA,NA,NA,"UNK"
"345",345,"20230501_smode2_C31N2.16S.exp.",2023,31,2,"NaT",NA,NA,NA,NA,NA,"NaT",NA,NA,NA,NA,NA,NA,NA,NA,NA,NA,NA,NA,NA,NA,NA,NA,NA,NA,NA,NA,NA,NA,NA,NA,NA,NA,NA,NA,NA,NA,NA,NA,NA,NA,NA,NA,NA,NA,NA,NA,NA,NA,NA,NA,NA,NA,NA,NA,NA,NA,NA,NA,NA,NA,NA,NA,NA,"UNK"
"346",346,"20230501_smode2_C31N4.16S.exp.",2023,31,4,"NaT",NA,NA,NA,NA,NA,"NaT",NA,NA,NA,NA,NA,NA,NA,NA,NA,NA,NA,NA,NA,NA,NA,NA,NA,NA,NA,NA,NA,NA,NA,NA,NA,NA,NA,NA,NA,NA,NA,NA,NA,NA,NA,NA,NA,NA,NA,NA,NA,NA,NA,NA,NA,NA,NA,NA,NA,NA,NA,NA,NA,NA,NA,NA,NA,"UNK"
"347",347,"20230501_smode2_C31N8.16S.exp.",2023,31,8,"NaT",NA,NA,NA,NA,NA,"NaT",NA,NA,NA,NA,NA,NA,NA,NA,NA,NA,NA,NA,NA,NA,NA,NA,NA,NA,NA,NA,NA,NA,NA,NA,NA,NA,NA,NA,NA,NA,NA,NA,NA,NA,NA,NA,NA,NA,NA,NA,NA,NA,NA,NA,NA,NA,NA,NA,NA,NA,NA,NA,NA,NA,NA,NA,NA,"UNK"
"348",348,"20230501_smode2_C32N10.16S.exp.",2023,32,10,"NaT",NA,NA,NA,NA,NA,"NaT",NA,NA,NA,NA,NA,NA,NA,NA,NA,NA,NA,NA,NA,NA,NA,NA,NA,NA,NA,NA,NA,NA,NA,NA,NA,NA,NA,NA,NA,NA,NA,NA,NA,NA,NA,NA,NA,NA,NA,NA,NA,NA,NA,NA,NA,NA,NA,NA,NA,NA,NA,NA,NA,NA,NA,NA,NA,"UNK"
"349",349,"20230501_smode2_C32N12.16S.exp.",2023,32,12,"NaT",NA,NA,NA,NA,NA,"NaT",NA,NA,NA,NA,NA,NA,NA,NA,NA,NA,NA,NA,NA,NA,NA,NA,NA,NA,NA,NA,NA,NA,NA,NA,NA,NA,NA,NA,NA,NA,NA,NA,NA,NA,NA,NA,NA,NA,NA,NA,NA,NA,NA,NA,NA,NA,NA,NA,NA,NA,NA,NA,NA,NA,NA,NA,NA,"UNK"
"350",350,"20230501_smode2_C32N2.16S.exp.",2023,32,2,"NaT",NA,NA,NA,NA,NA,"NaT",NA,NA,NA,NA,NA,NA,NA,NA,NA,NA,NA,NA,NA,NA,NA,NA,NA,NA,NA,NA,NA,NA,NA,NA,NA,NA,NA,NA,NA,NA,NA,NA,NA,NA,NA,NA,NA,NA,NA,NA,NA,NA,NA,NA,NA,NA,NA,NA,NA,NA,NA,NA,NA,NA,NA,NA,NA,"UNK"
"351",351,"20230501_smode2_C32N4.16S.exp.",2023,32,4,"NaT",NA,NA,NA,NA,NA,"NaT",NA,NA,NA,NA,NA,NA,NA,NA,NA,NA,NA,NA,NA,NA,NA,NA,NA,NA,NA,NA,NA,NA,NA,NA,NA,NA,NA,NA,NA,NA,NA,NA,NA,NA,NA,NA,NA,NA,NA,NA,NA,NA,NA,NA,NA,NA,NA,NA,NA,NA,NA,NA,NA,NA,NA,NA,NA,"UNK"
"352",352,"20230501_smode2_C32N8.16S.exp.",2023,32,8,"NaT",NA,NA,NA,NA,NA,"NaT",NA,NA,NA,NA,NA,NA,NA,NA,NA,NA,NA,NA,NA,NA,NA,NA,NA,NA,NA,NA,NA,NA,NA,NA,NA,NA,NA,NA,NA,NA,NA,NA,NA,NA,NA,NA,NA,NA,NA,NA,NA,NA,NA,NA,NA,NA,NA,NA,NA,NA,NA,NA,NA,NA,NA,NA,NA,"UNK"
"353",353,"20230501_smode2_C33N10.16S.exp.",2023,33,10,"NaT",NA,NA,NA,NA,NA,"NaT",NA,NA,NA,NA,NA,NA,NA,NA,NA,NA,NA,NA,NA,NA,NA,NA,NA,NA,NA,NA,NA,NA,NA,NA,NA,NA,NA,NA,NA,NA,NA,NA,NA,NA,NA,NA,NA,NA,NA,NA,NA,NA,NA,NA,NA,NA,NA,NA,NA,NA,NA,NA,NA,NA,NA,NA,NA,"UNK"
"354",354,"20230501_smode2_C33N12.16S.exp.",2023,33,12,"NaT",NA,NA,NA,NA,NA,"NaT",NA,NA,NA,NA,NA,NA,NA,NA,NA,NA,NA,NA,NA,NA,NA,NA,NA,NA,NA,NA,NA,NA,NA,NA,NA,NA,NA,NA,NA,NA,NA,NA,NA,NA,NA,NA,NA,NA,NA,NA,NA,NA,NA,NA,NA,NA,NA,NA,NA,NA,NA,NA,NA,NA,NA,NA,NA,"UNK"
"355",355,"20230501_smode2_C33N2.16S.exp.",2023,33,2,"NaT",NA,NA,NA,NA,NA,"NaT",NA,NA,NA,NA,NA,NA,NA,NA,NA,NA,NA,NA,NA,NA,NA,NA,NA,NA,NA,NA,NA,NA,NA,NA,NA,NA,NA,NA,NA,NA,NA,NA,NA,NA,NA,NA,NA,NA,NA,NA,NA,NA,NA,NA,NA,NA,NA,NA,NA,NA,NA,NA,NA,NA,NA,NA,NA,"UNK"
"356",356,"20230501_smode2_C33N4.16S.exp.",2023,33,4,"NaT",NA,NA,NA,NA,NA,"NaT",NA,NA,NA,NA,NA,NA,NA,NA,NA,NA,NA,NA,NA,NA,NA,NA,NA,NA,NA,NA,NA,NA,NA,NA,NA,NA,NA,NA,NA,NA,NA,NA,NA,NA,NA,NA,NA,NA,NA,NA,NA,NA,NA,NA,NA,NA,NA,NA,NA,NA,NA,NA,NA,NA,NA,NA,NA,"UNK"
"357",357,"20230501_smode2_C33N8.16S.exp.",2023,33,8,"NaT",NA,NA,NA,NA,NA,"NaT",NA,NA,NA,NA,NA,NA,NA,NA,NA,NA,NA,NA,NA,NA,NA,NA,NA,NA,NA,NA,NA,NA,NA,NA,NA,NA,NA,NA,NA,NA,NA,NA,NA,NA,NA,NA,NA,NA,NA,NA,NA,NA,NA,NA,NA,NA,NA,NA,NA,NA,NA,NA,NA,NA,NA,NA,NA,"UNK"
"358",358,"20230502_smode2_B135.16S.exp.",2023,135,0,"02-May-2023 06:48:00",0.283333333325572,2,-125.596107,36.661606,5,"2023-05-02",12.134,32.5825092498932,32.429,24.568,6.303,26.12,1.238,0.816,10.41446,NA,NA,NA,NA,NA,NA,NA,NA,NA,NA,NA,NA,NA,NA,NA,NA,NA,NA,NA,NA,NA,NA,NA,NA,NA,NA,NA,NA,NA,NA,NA,NA,NA,NA,NA,NA,NA,NA,NA,NA,NA,NA,NA,NA,NA,NA,NA,NA,"UNK"
"359",359,"20230502_smode2_B136.16S.exp.",2023,136,0,"02-May-2023 06:53:00",0.286805555573665,2,-125.60618,36.661616,5,"2023-05-02",12.161,32.5875324537847,32.434,24.567,6.304,26.12,1.09,0.765,10.52856,NA,NA,NA,NA,NA,NA,NA,NA,NA,NA,NA,NA,NA,NA,NA,NA,NA,NA,NA,NA,NA,NA,NA,NA,NA,NA,NA,NA,NA,NA,NA,NA,NA,NA,NA,NA,NA,NA,NA,NA,NA,NA,NA,NA,NA,NA,NA,NA,"UNK"
"360",360,"20230502_smode2_B137.16S.exp.",2023,137,0,"02-May-2023 06:59:00",0.290972222224809,2,-125.618655,36.661609,5,"2023-05-02",12.205,32.5975792139083,32.444,24.566,6.316,26.12,1.132,0.745,10.41446,NA,NA,NA,NA,NA,NA,NA,NA,NA,NA,NA,NA,NA,NA,NA,NA,NA,NA,NA,NA,NA,NA,NA,NA,NA,NA,NA,NA,NA,NA,NA,NA,NA,NA,NA,NA,NA,NA,NA,NA,NA,NA,NA,NA,NA,NA,NA,NA,"UNK"
"361",361,"20230502_smode2_B138.16S.exp.",2023,138,0,"02-May-2023 07:14:00",0.301388888852671,2,-125.633559,36.66141,5,"2023-05-02",12.256,32.6216921210122,32.468,24.575,6.268,26.12,1.191,0.835,11.3729,NA,NA,NA,NA,NA,NA,NA,NA,NA,NA,NA,NA,NA,NA,NA,NA,NA,NA,NA,NA,NA,NA,NA,NA,NA,NA,NA,NA,NA,NA,NA,NA,NA,NA,NA,NA,NA,NA,NA,NA,NA,NA,NA,NA,NA,NA,NA,NA,"UNK"
"362",362,"20230502_smode2_B139.16S.exp.",2023,139,0,"02-May-2023 07:39:00",0.318749999976717,2,-125.660415,36.661495,5,"2023-05-02",12.322,32.7060885078201,32.552,24.628,6.237,26.12,1.218,1.076,10.36882,NA,NA,NA,NA,NA,NA,NA,NA,NA,NA,NA,NA,NA,NA,NA,NA,NA,NA,NA,NA,NA,NA,NA,NA,NA,NA,NA,NA,NA,NA,NA,NA,NA,NA,NA,NA,NA,NA,NA,NA,NA,NA,NA,NA,NA,NA,NA,NA,"UNK"
"363",363,"221009_smode1_B1_16S.exp.",2022,1,0,"NaT",NA,NA,NA,NA,5,"NaT",NA,NA,NA,NA,NA,NA,NA,NA,NA,NA,NA,NA,NA,NA,NA,NA,NA,NA,NA,NA,NA,NA,NA,NA,NA,NA,NA,NA,NA,NA,NA,NA,NA,NA,NA,NA,NA,NA,NA,NA,NA,NA,NA,NA,NA,NA,NA,NA,NA,NA,NA,NA,NA,NA,NA,NA,NA,"UNK"
"364",364,"221009_smode1_B2_16S.exp.",2022,2,0,"NaT",NA,NA,NA,NA,5,"NaT",NA,NA,NA,NA,NA,NA,NA,NA,NA,NA,NA,NA,NA,NA,NA,NA,NA,NA,NA,NA,NA,NA,NA,NA,NA,NA,NA,NA,NA,NA,NA,NA,NA,NA,NA,NA,NA,NA,NA,NA,NA,NA,NA,NA,NA,NA,NA,NA,NA,NA,NA,NA,NA,NA,NA,NA,NA,"UNK"
"365",365,"221009_smode1_B3_16S.exp.",2022,3,0,"NaT",NA,NA,NA,NA,5,"NaT",NA,NA,NA,NA,NA,NA,NA,NA,NA,NA,NA,NA,NA,NA,NA,NA,NA,NA,NA,NA,NA,NA,NA,NA,NA,NA,NA,NA,NA,NA,NA,NA,NA,NA,NA,NA,NA,NA,NA,NA,NA,NA,NA,NA,NA,NA,NA,NA,NA,NA,NA,NA,NA,NA,NA,NA,NA,"UNK"
"366",366,"221009_smode1_B4_16S.exp.",2022,4,0,"NaT",NA,NA,NA,NA,5,"NaT",NA,NA,NA,NA,NA,NA,NA,NA,NA,NA,NA,NA,NA,NA,NA,NA,NA,NA,NA,NA,NA,NA,NA,NA,NA,NA,NA,NA,NA,NA,NA,NA,NA,NA,NA,NA,NA,NA,NA,NA,NA,NA,NA,NA,NA,NA,NA,NA,NA,NA,NA,NA,NA,NA,NA,NA,NA,"UNK"
"367",367,"221009_smode1_B5_16S.exp.",2022,5,0,"NaT",NA,NA,NA,NA,5,"NaT",NA,NA,NA,NA,NA,NA,NA,NA,NA,NA,NA,NA,NA,NA,NA,NA,NA,NA,NA,NA,NA,NA,NA,NA,NA,NA,NA,NA,NA,NA,NA,NA,NA,NA,NA,NA,NA,NA,NA,NA,NA,NA,NA,NA,NA,NA,NA,NA,NA,NA,NA,NA,NA,NA,NA,NA,NA,"UNK"
"368",368,"221009_smode1_B6_16S.exp.",2022,6,0,"NaT",NA,NA,NA,NA,5,"NaT",NA,NA,NA,NA,NA,NA,NA,NA,NA,NA,NA,NA,NA,NA,NA,NA,NA,NA,NA,NA,NA,NA,NA,NA,NA,NA,NA,NA,NA,NA,NA,NA,NA,NA,NA,NA,NA,NA,NA,NA,NA,NA,NA,NA,NA,NA,NA,NA,NA,NA,NA,NA,NA,NA,NA,NA,NA,"UNK"
"369",369,"221011_smode1_B10_16S.exp.",2022,10,0,"NaT",NA,NA,NA,NA,5,"NaT",NA,NA,NA,NA,NA,NA,NA,NA,NA,NA,NA,NA,NA,NA,NA,NA,NA,NA,NA,NA,NA,NA,NA,NA,NA,NA,NA,NA,NA,NA,NA,NA,NA,NA,NA,NA,NA,NA,NA,NA,NA,NA,NA,NA,NA,NA,NA,NA,NA,NA,NA,NA,NA,NA,NA,NA,NA,"UNK"
"370",370,"221011_smode1_B11_16S.exp.",2022,11,0,"NaT",NA,NA,NA,NA,5,"NaT",NA,NA,NA,NA,NA,NA,NA,NA,NA,NA,NA,NA,NA,NA,NA,NA,NA,NA,NA,NA,NA,NA,NA,NA,NA,NA,NA,NA,NA,NA,NA,NA,NA,NA,NA,NA,NA,NA,NA,NA,NA,NA,NA,NA,NA,NA,NA,NA,NA,NA,NA,NA,NA,NA,NA,NA,NA,"UNK"
"371",371,"221011_smode1_B7_16S.exp.",2022,7,0,"NaT",NA,NA,NA,NA,5,"NaT",NA,NA,NA,NA,NA,NA,NA,NA,NA,NA,NA,NA,NA,NA,NA,NA,NA,NA,NA,NA,NA,NA,NA,NA,NA,NA,NA,NA,NA,NA,NA,NA,NA,NA,NA,NA,NA,NA,NA,NA,NA,NA,NA,NA,NA,NA,NA,NA,NA,NA,NA,NA,NA,NA,NA,NA,NA,"UNK"
"372",372,"221011_smode1_B8_16S.exp.",2022,8,0,"NaT",NA,NA,NA,NA,5,"NaT",NA,NA,NA,NA,NA,NA,NA,NA,NA,NA,NA,NA,NA,NA,NA,NA,NA,NA,NA,NA,NA,NA,NA,NA,NA,NA,NA,NA,NA,NA,NA,NA,NA,NA,NA,NA,NA,NA,NA,NA,NA,NA,NA,NA,NA,NA,NA,NA,NA,NA,NA,NA,NA,NA,NA,NA,NA,"UNK"
"373",373,"221011_smode1_B9_16S.exp.",2022,9,0,"NaT",NA,NA,NA,NA,5,"NaT",NA,NA,NA,NA,NA,NA,NA,NA,NA,NA,NA,NA,NA,NA,NA,NA,NA,NA,NA,NA,NA,NA,NA,NA,NA,NA,NA,NA,NA,NA,NA,NA,NA,NA,NA,NA,NA,NA,NA,NA,NA,NA,NA,NA,NA,NA,NA,NA,NA,NA,NA,NA,NA,NA,NA,NA,NA,"UNK"
"374",374,"221012_smode1_B12_16S.exp.",2022,12,0,"NaT",NA,NA,NA,NA,5,"NaT",NA,NA,NA,NA,NA,NA,NA,NA,NA,NA,NA,NA,NA,NA,NA,NA,NA,NA,NA,NA,NA,NA,NA,NA,NA,NA,NA,NA,NA,NA,NA,NA,NA,NA,NA,NA,NA,NA,NA,NA,NA,NA,NA,NA,NA,NA,NA,NA,NA,NA,NA,NA,NA,NA,NA,NA,NA,"UNK"
"375",375,"221012_smode1_B13_16S.exp.",2022,13,0,"NaT",NA,NA,NA,NA,5,"NaT",NA,NA,NA,NA,NA,NA,NA,NA,NA,NA,NA,NA,NA,NA,NA,NA,NA,NA,NA,NA,NA,NA,NA,NA,NA,NA,NA,NA,NA,NA,NA,NA,NA,NA,NA,NA,NA,NA,NA,NA,NA,NA,NA,NA,NA,NA,NA,NA,NA,NA,NA,NA,NA,NA,NA,NA,NA,"UNK"
"376",376,"221012_smode1_B14_16S.exp.",2022,14,0,"NaT",NA,NA,NA,NA,5,"NaT",NA,NA,NA,NA,NA,NA,NA,NA,NA,NA,NA,NA,NA,NA,NA,NA,NA,NA,NA,NA,NA,NA,NA,NA,NA,NA,NA,NA,NA,NA,NA,NA,NA,NA,NA,NA,NA,NA,NA,NA,NA,NA,NA,NA,NA,NA,NA,NA,NA,NA,NA,NA,NA,NA,NA,NA,NA,"UNK"
"377",377,"221012_smode1_B15_16S.exp.",2022,15,0,"NaT",NA,NA,NA,NA,5,"NaT",NA,NA,NA,NA,NA,NA,NA,NA,NA,NA,NA,NA,NA,NA,NA,NA,NA,NA,NA,NA,NA,NA,NA,NA,NA,NA,NA,NA,NA,NA,NA,NA,NA,NA,NA,NA,NA,NA,NA,NA,NA,NA,NA,NA,NA,NA,NA,NA,NA,NA,NA,NA,NA,NA,NA,NA,NA,"UNK"
"378",378,"221012_smode1_B16_16S.exp.",2022,16,0,"13-Oct-2022 01:32:00",0.0638999999500811,13,-123.4458059,37.38672692,5,"2022-10-13",16.8291333333333,33.1936837851079,33.0371733333333,NA,NA,NA,0.509759509,1.464025,9.008519749,NA,NA,NA,NA,NA,NA,NA,NA,NA,NA,NA,NA,NA,NA,NA,NA,NA,NA,NA,NA,NA,NA,NA,NA,NA,NA,NA,NA,NA,NA,NA,NA,NA,NA,NA,NA,NA,NA,NA,NA,NA,NA,NA,NA,NA,NA,NA,NA,"UNK"
"379",379,"221012_smode1_B17_16S.exp.",2022,17,0,"13-Oct-2022 03:47:00",0.157600000035018,13,-123.8496426,37.20413061,5,"2022-10-13",15.3597983333333,32.7352795898211,32.5809366666667,NA,NA,NA,0.152709008,0.277456,5.437385352,NA,NA,NA,NA,NA,NA,NA,NA,NA,NA,NA,NA,NA,NA,NA,NA,NA,NA,NA,NA,NA,NA,NA,NA,NA,NA,NA,NA,NA,NA,NA,NA,NA,NA,NA,NA,NA,NA,NA,NA,NA,NA,NA,NA,NA,NA,NA,NA,"UNK"
"380",380,"221012_smode1_B18_16S.exp.",2022,18,0,"13-Oct-2022 04:45:00",0.197900000028312,13,-124.0211348,37.12265389,5,"2022-10-13",15.0692833333333,32.7056034542339,32.551405,NA,NA,NA,0.21919275,0.631264,6.580873417,NA,NA,NA,NA,NA,NA,NA,NA,NA,NA,NA,NA,NA,NA,NA,NA,NA,NA,NA,NA,NA,NA,NA,NA,NA,NA,NA,NA,NA,NA,NA,NA,NA,NA,NA,NA,NA,NA,NA,NA,NA,NA,NA,NA,NA,NA,NA,NA,"UNK"
"381",381,"221012_smode1_B19_16S.exp.",2022,19,0,"13-Oct-2022 05:58:00",0.248600000049919,13,-124.2194124,37.00574554,5,"2022-10-13",15.3910316666667,32.6607878990461,32.50682,NA,NA,NA,0.203454094,0.411961,6.04043595,NA,NA,NA,NA,NA,NA,NA,NA,NA,NA,NA,NA,NA,NA,NA,NA,NA,NA,NA,NA,NA,NA,NA,NA,NA,NA,NA,NA,NA,NA,NA,NA,NA,NA,NA,NA,NA,NA,NA,NA,NA,NA,NA,NA,NA,NA,NA,NA,"UNK"
"382",382,"221012_smode1_B20_16S.exp.",2022,20,0,"13-Oct-2022 06:27:00",0.26879999996163,13,-124.3035935,36.96816803,5,"2022-10-13",15.6901866666667,32.6697698120479,32.5157666666667,NA,NA,NA,0.159452508,0.291604,4.835821668,NA,NA,NA,NA,NA,NA,NA,NA,NA,NA,NA,NA,NA,NA,NA,NA,NA,NA,NA,NA,NA,NA,NA,NA,NA,NA,NA,NA,NA,NA,NA,NA,NA,NA,NA,NA,NA,NA,NA,NA,NA,NA,NA,NA,NA,NA,NA,NA,"UNK"
"383",383,"221012_smode1_B21_16S.exp.",2022,21,0,"13-Oct-2022 06:38:00",0.276399999973364,13,-124.3356496,36.95380037,5,"2022-10-13",15.475585,32.6888051904995,32.534715,NA,NA,NA,0.261299476,0.6484,6.074746227,NA,NA,NA,NA,NA,NA,NA,NA,NA,NA,NA,NA,NA,NA,NA,NA,NA,NA,NA,NA,NA,NA,NA,NA,NA,NA,NA,NA,NA,NA,NA,NA,NA,NA,NA,NA,NA,NA,NA,NA,NA,NA,NA,NA,NA,NA,NA,NA,"UNK"
"384",384,"221013_smode1_B22_16S.exp.",2022,22,0,"13-Oct-2022 07:12:00",0.300000000046566,13,-124.4349137,36.90787498,5,"2022-10-13",17.297415,32.6736704993984,32.51966,NA,NA,NA,NA,NA,NA,NA,NA,NA,NA,NA,NA,NA,NA,NA,NA,NA,NA,NA,NA,NA,NA,NA,NA,NA,NA,NA,NA,NA,NA,NA,NA,NA,NA,NA,NA,NA,NA,NA,NA,NA,NA,NA,NA,NA,NA,NA,NA,NA,NA,NA,NA,NA,NA,"UNK"
"385",385,"221013_smode1_B23_16S.exp.",2022,23,0,"13-Oct-2022 07:20:00",0.305599999963306,13,-124.4577126,36.89728524,5,"2022-10-13",18.1310833333333,32.7808035662927,32.62629,NA,NA,NA,0.108787594,0.163489,4.527968856,NA,NA,NA,NA,NA,NA,NA,NA,NA,NA,NA,NA,NA,NA,NA,NA,NA,NA,NA,NA,NA,NA,NA,NA,NA,NA,NA,NA,NA,NA,NA,NA,NA,NA,NA,NA,NA,NA,NA,NA,NA,NA,NA,NA,NA,NA,NA,NA,"UNK"
"386",386,"221013_smode1_B24_16S.exp.",2022,24,0,"13-Oct-2022 07:32:00",0.313899999950081,13,-124.4917854,36.88194938,5,"2022-10-13",18.4204583333333,32.7151529892119,32.5609516666667,NA,NA,NA,0.099110175,0.149044,4.075023853,NA,NA,NA,NA,NA,NA,NA,NA,NA,NA,NA,NA,NA,NA,NA,NA,NA,NA,NA,NA,NA,NA,NA,NA,NA,NA,NA,NA,NA,NA,NA,NA,NA,NA,NA,NA,NA,NA,NA,NA,NA,NA,NA,NA,NA,NA,NA,NA,"UNK"
"387",387,"221013_smode1_B25_16S.exp.",2022,25,0,"14-Oct-2022 00:15:00",0.0104000000283122,14,-124.6961633,37.13520573,5,"2022-10-14",14.78656,32.7670273700101,32.6125733333333,NA,NA,NA,0.39249064,1.098256,7.393941327,NA,NA,NA,NA,NA,NA,NA,NA,NA,NA,NA,NA,NA,NA,NA,NA,NA,NA,NA,NA,NA,NA,NA,NA,NA,NA,NA,NA,NA,NA,NA,NA,NA,NA,NA,NA,NA,NA,NA,NA,NA,NA,NA,NA,NA,NA,NA,NA,"UNK"
"388",388,"221013_smode1_B26_16S.exp.",2022,26,0,"14-Oct-2022 06:16:00",0.261100000003353,14,-124.6387696,37.07138368,5,"2022-10-14",15.1320533333333,32.7923886962237,32.6378166666667,NA,NA,NA,0.239853679,0.448096,5.778459353,NA,NA,NA,NA,NA,NA,NA,NA,NA,NA,NA,NA,NA,NA,NA,NA,NA,NA,NA,NA,NA,NA,NA,NA,NA,NA,NA,NA,NA,NA,NA,NA,NA,NA,NA,NA,NA,NA,NA,NA,NA,NA,NA,NA,NA,NA,NA,NA,"UNK"
"389",389,"221013_smode1_B27_16S.exp.",2022,27,0,"14-Oct-2022 06:28:00",0.269399999990128,14,-124.6398839,37.09137578,5,"2022-10-14",14.723215,32.8100968810469,32.65544,NA,NA,NA,0.350364293,0.766804,6.684175187,NA,NA,NA,NA,NA,NA,NA,NA,NA,NA,NA,NA,NA,NA,NA,NA,NA,NA,NA,NA,NA,NA,NA,NA,NA,NA,NA,NA,NA,NA,NA,NA,NA,NA,NA,NA,NA,NA,NA,NA,NA,NA,NA,NA,NA,NA,NA,NA,"UNK"
"390",390,"221013_smode1_B28_16S.exp.",2022,28,0,"14-Oct-2022 06:40:00",0.277800000039861,14,-124.6415174,37.11077818,5,"2022-10-14",14.728315,32.8006938802699,32.64608,NA,NA,NA,0.333193457,0.715225,6.540416213,NA,NA,NA,NA,NA,NA,NA,NA,NA,NA,NA,NA,NA,NA,NA,NA,NA,NA,NA,NA,NA,NA,NA,NA,NA,NA,NA,NA,NA,NA,NA,NA,NA,NA,NA,NA,NA,NA,NA,NA,NA,NA,NA,NA,NA,NA,NA,NA,"UNK"
"391",391,"221015_smode1_B29_16S.exp.",2022,29,0,"15-Oct-2022 19:29:00",0.811800000024959,15,-124.1783993,37.15990566,5,"2022-10-15",15.9295666666667,32.7185409566701,32.5642866666667,NA,NA,NA,0.386341839,0.747796,5.897805805,NA,NA,NA,NA,NA,NA,NA,NA,NA,NA,NA,NA,NA,NA,NA,NA,NA,NA,NA,NA,NA,NA,NA,NA,NA,NA,NA,NA,NA,NA,NA,NA,NA,NA,NA,NA,NA,NA,NA,NA,NA,NA,NA,NA,NA,NA,NA,NA,"UNK"
"392",392,"221015_smode1_B30_16S.exp.",2022,30,0,"15-Oct-2022 19:34:00",0.815300000016578,15,-124.1761697,37.15188801,5,"2022-10-15",16.0832816666667,32.7042463839146,32.55006,NA,NA,NA,0.404997304,0.805684,6.379121967,NA,NA,NA,NA,NA,NA,NA,NA,NA,NA,NA,NA,NA,NA,NA,NA,NA,NA,NA,NA,NA,NA,NA,NA,NA,NA,NA,NA,NA,NA,NA,NA,NA,NA,NA,NA,NA,NA,NA,NA,NA,NA,NA,NA,NA,NA,NA,NA,"UNK"
"393",393,"221015_smode1_B31_16S.exp.",2022,31,0,"15-Oct-2022 19:36:00",0.816699999966659,15,-124.1753202,37.14860881,5,"2022-10-15",16.1822116666667,32.7036768204156,32.5494933333333,NA,NA,NA,0.367400183,0.7861,5.987817342,NA,NA,NA,NA,NA,NA,NA,NA,NA,NA,NA,NA,NA,NA,NA,NA,NA,NA,NA,NA,NA,NA,NA,NA,NA,NA,NA,NA,NA,NA,NA,NA,NA,NA,NA,NA,NA,NA,NA,NA,NA,NA,NA,NA,NA,NA,NA,NA,"UNK"
"394",394,"221015_smode1_B32_16S.exp.",2022,32,0,"15-Oct-2022 19:40:00",0.819400000036694,15,-124.1737131,37.14192959,5,"2022-10-15",16.2904283333333,32.6988754121407,32.544715,NA,NA,NA,0.33856078,0.752521,5.933425269,NA,NA,NA,NA,NA,NA,NA,NA,NA,NA,NA,NA,NA,NA,NA,NA,NA,NA,NA,NA,NA,NA,NA,NA,NA,NA,NA,NA,NA,NA,NA,NA,NA,NA,NA,NA,NA,NA,NA,NA,NA,NA,NA,NA,NA,NA,NA,NA,"UNK"
"395",395,"221015_smode1_B33_16S.exp.",2022,33,0,"15-Oct-2022 19:48:00",0.824999999953434,15,-124.1706288,37.12853411,5,"2022-10-15",16.761925,32.6691192486317,32.5151,NA,NA,NA,0.200337921,0.351841,4.828629249,NA,NA,NA,NA,NA,NA,NA,NA,NA,NA,NA,NA,NA,NA,NA,NA,NA,NA,NA,NA,NA,NA,NA,NA,NA,NA,NA,NA,NA,NA,NA,NA,NA,NA,NA,NA,NA,NA,NA,NA,NA,NA,NA,NA,NA,NA,NA,NA,"UNK"
"396",396,"221015_smode1_B34_16S.exp.",2022,34,0,"15-Oct-2022 19:49:00",0.82570000004489,15,-124.1702379,37.12691745,5,"2022-10-15",16.83039,32.6667797798549,32.5127716666667,NA,NA,NA,0.192153987,0.327136,4.849934931,NA,NA,NA,NA,NA,NA,NA,NA,NA,NA,NA,NA,NA,NA,NA,NA,NA,NA,NA,NA,NA,NA,NA,NA,NA,NA,NA,NA,NA,NA,NA,NA,NA,NA,NA,NA,NA,NA,NA,NA,NA,NA,NA,NA,NA,NA,NA,NA,"UNK"
"397",397,"221015_smode1_B35_16S.exp.",2022,35,0,"15-Oct-2022 19:54:00",0.829200000036508,15,-124.1682891,37.11871532,5,"2022-10-15",17.0708533333333,32.6837124027984,32.529625,NA,NA,NA,0.174230175,0.277456,4.515817259,NA,NA,NA,NA,NA,NA,NA,NA,NA,NA,NA,NA,NA,NA,NA,NA,NA,NA,NA,NA,NA,NA,NA,NA,NA,NA,NA,NA,NA,NA,NA,NA,NA,NA,NA,NA,NA,NA,NA,NA,NA,NA,NA,NA,NA,NA,NA,NA,"UNK"
"398",398,"221015_smode1_B36_16S.exp.",2022,36,0,"15-Oct-2022 20:02:00",0.834700000006706,15,-124.1652354,37.1054018,5,"2022-10-15",17.1013383333333,32.670651614253,32.5166266666667,NA,NA,NA,0.148828809,0.214681,5.375945741,NA,NA,NA,NA,NA,NA,NA,NA,NA,NA,NA,NA,NA,NA,NA,NA,NA,NA,NA,NA,NA,NA,NA,NA,NA,NA,NA,NA,NA,NA,NA,NA,NA,NA,NA,NA,NA,NA,NA,NA,NA,NA,NA,NA,NA,NA,NA,NA,"UNK"
"399",399,"221016_smode1_B37_16S.exp.",2022,37,0,"16-Oct-2022 20:33:00",0.856299999984913,16,-124.8668063,37.19237114,5,"2022-10-16",15.4759083333333,32.8307796498383,32.67603,NA,NA,NA,0.319220625,0.50638225,5.548119323,NA,NA,NA,NA,NA,NA,NA,NA,NA,NA,NA,NA,NA,NA,NA,NA,NA,NA,NA,NA,NA,NA,NA,NA,NA,NA,NA,NA,NA,NA,NA,NA,NA,NA,NA,NA,NA,NA,NA,NA,NA,NA,NA,NA,NA,NA,NA,NA,"UNK"
"400",400,"221016_smode1_B38_16S.exp.",2022,38,0,"16-Oct-2022 21:03:00",0.877100000041537,16,-124.9260833,37.25937046,5,"2022-10-16",16.2714416666667,32.7404670876936,32.5861416666667,NA,NA,NA,0.299013221,0.411961,6.621111346,NA,NA,NA,NA,NA,NA,NA,NA,NA,NA,NA,NA,NA,NA,NA,NA,NA,NA,NA,NA,NA,NA,NA,NA,NA,NA,NA,NA,NA,NA,NA,NA,NA,NA,NA,NA,NA,NA,NA,NA,NA,NA,NA,NA,NA,NA,NA,NA,"UNK"
"401",401,"221016_smode1_B39_16S.exp.",2022,39,0,"16-Oct-2022 23:05:00",0.961800000048243,16,-125.0240219,37.24699161,5,"2022-10-16",16.403445,32.7212169165751,32.5669883333333,NA,NA,NA,NA,NA,NA,NA,NA,NA,NA,NA,NA,NA,NA,NA,NA,NA,NA,NA,NA,NA,NA,NA,NA,NA,NA,NA,NA,NA,NA,NA,NA,NA,NA,NA,NA,NA,NA,NA,NA,NA,NA,NA,NA,NA,NA,NA,NA,NA,NA,NA,NA,NA,NA,"UNK"
"402",402,"221016_smode1_B40_16S.exp.",2022,40,0,"16-Oct-2022 23:32:00",0.980600000009872,16,-124.9881216,37.21704707,5,"2022-10-16",16.3822983333333,32.7042284002089,32.55008,NA,NA,NA,0.181059529,0.229225,5.527848486,NA,NA,NA,NA,NA,NA,NA,NA,NA,NA,NA,NA,NA,NA,NA,NA,NA,NA,NA,NA,NA,NA,NA,NA,NA,NA,NA,NA,NA,NA,NA,NA,NA,NA,NA,NA,NA,NA,NA,NA,NA,NA,NA,NA,NA,NA,NA,NA,"UNK"
"403",403,"221016_smode1_B41_16S.exp.",2022,41,0,"16-Oct-2022 23:39:00",0.985400000005029,16,-124.9782119,37.20937666,5,"2022-10-16",16.483165,32.7152151906553,32.561015,NA,NA,NA,0.192159394,0.2596,5.355068098,NA,NA,NA,NA,NA,NA,NA,NA,NA,NA,NA,NA,NA,NA,NA,NA,NA,NA,NA,NA,NA,NA,NA,NA,NA,NA,NA,NA,NA,NA,NA,NA,NA,NA,NA,NA,NA,NA,NA,NA,NA,NA,NA,NA,NA,NA,NA,NA,"UNK"
"404",404,"221016_smode1_B42_16S.exp.",2022,42,0,"16-Oct-2022 23:52:00",0.994399999966845,16,-124.9603751,37.19470699,5,"2022-10-16",16.03101,32.7459633932934,32.5916183333333,NA,NA,NA,0.25757241,0.337936,6.071956468,NA,NA,NA,NA,NA,NA,NA,NA,NA,NA,NA,NA,NA,NA,NA,NA,NA,NA,NA,NA,NA,NA,NA,NA,NA,NA,NA,NA,NA,NA,NA,NA,NA,NA,NA,NA,NA,NA,NA,NA,NA,NA,NA,NA,NA,NA,NA,NA,"UNK"
"405",405,"221016_smode1_B43_16S.exp.",2022,43,0,"16-Oct-2022 23:58:00",0.998600000049919,16,-124.9520623,37.18799083,5,"2022-10-16",15.92693,32.7526482167885,32.5982716666667,NA,NA,NA,0.266229383,0.35043025,6.008988968,NA,NA,NA,NA,NA,NA,NA,NA,NA,NA,NA,NA,NA,NA,NA,NA,NA,NA,NA,NA,NA,NA,NA,NA,NA,NA,NA,NA,NA,NA,NA,NA,NA,NA,NA,NA,NA,NA,NA,NA,NA,NA,NA,NA,NA,NA,NA,NA,"UNK"
"406",406,"221016_smode1_B44_16S.exp.",2022,44,0,"17-Oct-2022 00:05:00",0.0034999999916181,17,-124.9421959,37.1802542,5,"2022-10-17",15.77752,32.7601736792465,32.6057616666667,NA,NA,NA,NA,NA,NA,NA,NA,NA,NA,NA,NA,NA,NA,NA,NA,NA,NA,NA,NA,NA,NA,NA,NA,NA,NA,NA,NA,NA,NA,NA,NA,NA,NA,NA,NA,NA,NA,NA,NA,NA,NA,NA,NA,NA,NA,NA,NA,NA,NA,NA,NA,NA,NA,"UNK"
"407",407,"221016_smode1_B45_16S.exp.",2022,45,0,"17-Oct-2022 00:14:00",0.00970000005327165,17,-124.9294134,37.17062275,5,"2022-10-17",15.80965,32.823045029959,32.6683366666667,NA,NA,NA,0.276610508,0.49,5.78373788,NA,NA,NA,NA,NA,NA,NA,NA,NA,NA,NA,NA,NA,NA,NA,NA,NA,NA,NA,NA,NA,NA,NA,NA,NA,NA,NA,NA,NA,NA,NA,NA,NA,NA,NA,NA,NA,NA,NA,NA,NA,NA,NA,NA,NA,NA,NA,NA,"UNK"
"408",408,"221016_smode1_B46_16S.exp.",2022,46,0,"17-Oct-2022 00:37:00",0.0256999999983236,17,-124.9042296,37.14432412,5,"2022-10-17",15.7823466666667,32.8163378497097,32.6616616666667,NA,NA,NA,0.292753496,0.618601,6.157282871,NA,NA,NA,NA,NA,NA,NA,NA,NA,NA,NA,NA,NA,NA,NA,NA,NA,NA,NA,NA,NA,NA,NA,NA,NA,NA,NA,NA,NA,NA,NA,NA,NA,NA,NA,NA,NA,NA,NA,NA,NA,NA,NA,NA,NA,NA,NA,NA,"UNK"
"409",409,"221016_smode1_B47_16S.exp.",2022,47,0,"17-Oct-2022 04:06:00",0.170799999963492,17,-124.911659,37.14140089,5,"2022-10-17",15.5788133333333,32.8078255586927,32.65319,NA,NA,NA,NA,NA,NA,NA,NA,NA,NA,NA,NA,NA,NA,NA,NA,NA,NA,NA,NA,NA,NA,NA,NA,NA,NA,NA,NA,NA,NA,NA,NA,NA,NA,NA,NA,NA,NA,NA,NA,NA,NA,NA,NA,NA,NA,NA,NA,NA,NA,NA,NA,NA,NA,"UNK"
"410",410,"221017_smode1_B48_16S.exp.",2022,48,0,"17-Oct-2022 21:29:00",0.895099999965169,17,-124.9456063,37.07012604,5,"2022-10-17",17.2479066666667,32.6230263047562,32.4692683333333,NA,NA,NA,0.153761887,0.209524,5.15517717,NA,NA,NA,NA,NA,NA,NA,NA,NA,NA,NA,NA,NA,NA,NA,NA,NA,NA,NA,NA,NA,NA,NA,NA,NA,NA,NA,NA,NA,NA,NA,NA,NA,NA,NA,NA,NA,NA,NA,NA,NA,NA,NA,NA,NA,NA,NA,NA,"UNK"
"411",411,"221017_smode1_B49_16S.exp.",2022,49,0,"17-Oct-2022 21:32:00",0.897200000006706,17,-124.9413877,37.07310302,5,"2022-10-17",16.7354166666667,32.6664480441566,32.512485,NA,NA,NA,0.160094417,0.209524,5.401577681,NA,NA,NA,NA,NA,NA,NA,NA,NA,NA,NA,NA,NA,NA,NA,NA,NA,NA,NA,NA,NA,NA,NA,NA,NA,NA,NA,NA,NA,NA,NA,NA,NA,NA,NA,NA,NA,NA,NA,NA,NA,NA,NA,NA,NA,NA,NA,NA,"UNK"
"412",412,"221017_smode1_B50_16S.exp.",2022,50,0,"17-Oct-2022 21:37:00",0.900699999998324,17,-124.9343413,37.07800229,5,"2022-10-17",16.8129933333333,32.6693423806414,32.515365,NA,NA,NA,0.145960667,0.221809,5.376885636,NA,NA,NA,NA,NA,NA,NA,NA,NA,NA,NA,NA,NA,NA,NA,NA,NA,NA,NA,NA,NA,NA,NA,NA,NA,NA,NA,NA,NA,NA,NA,NA,NA,NA,NA,NA,NA,NA,NA,NA,NA,NA,NA,NA,NA,NA,NA,NA,"UNK"
"413",413,"221017_smode1_B51_16S.exp.",2022,51,0,"17-Oct-2022 21:46:00",0.906899999943562,17,-124.921852,37.08680029,5,"2022-10-17",16.1335366666667,32.7732684502914,32.6188,NA,NA,NA,0.202088217,0.349024,6.081978272,NA,NA,NA,NA,NA,NA,NA,NA,NA,NA,NA,NA,NA,NA,NA,NA,NA,NA,NA,NA,NA,NA,NA,NA,NA,NA,NA,NA,NA,NA,NA,NA,NA,NA,NA,NA,NA,NA,NA,NA,NA,NA,NA,NA,NA,NA,NA,NA,"UNK"
"414",414,"221017_smode1_B52_16S.exp.",2022,52,0,"17-Oct-2022 21:49:00",0.908999999985099,17,-124.9178915,37.08972778,5,"2022-10-17",15.88494,32.797806175386,32.6432216666667,NA,NA,NA,0.228190748,0.415156,6.208464465,NA,NA,NA,NA,NA,NA,NA,NA,NA,NA,NA,NA,NA,NA,NA,NA,NA,NA,NA,NA,NA,NA,NA,NA,NA,NA,NA,NA,NA,NA,NA,NA,NA,NA,NA,NA,NA,NA,NA,NA,NA,NA,NA,NA,NA,NA,NA,NA,"UNK"
"415",415,"221017_smode1_B53_16S.exp.",2022,53,0,"17-Oct-2022 22:03:00",0.918799999984913,17,-124.8968618,37.1046198,5,"2022-10-17",15.828385,32.7673664895622,32.6129233333333,NA,NA,NA,0.282873303,0.461776,7.032409784,NA,NA,NA,NA,NA,NA,NA,NA,NA,NA,NA,NA,NA,NA,NA,NA,NA,NA,NA,NA,NA,NA,NA,NA,NA,NA,NA,NA,NA,NA,NA,NA,NA,NA,NA,NA,NA,NA,NA,NA,NA,NA,NA,NA,NA,NA,NA,NA,"UNK"
"416",416,"221017_smode1_B54_16S.exp.",2022,54,0,"17-Oct-2022 22:09:00",0.922900000005029,17,-124.887833,37.1106955,5,"2022-10-17",16.5437466666667,32.7316289279872,32.5773533333333,NA,NA,NA,NA,NA,NA,NA,NA,NA,NA,NA,NA,NA,NA,NA,NA,NA,NA,NA,NA,NA,NA,NA,NA,NA,NA,NA,NA,NA,NA,NA,NA,NA,NA,NA,NA,NA,NA,NA,NA,NA,NA,NA,NA,NA,NA,NA,NA,NA,NA,NA,NA,NA,NA,"UNK"
"417",417,"221017_smode1_B55_16S.exp.",2022,55,0,"18-Oct-2022 06:06:00",0.254199999966659,18,-124.8277657,37.02552939,5,"2022-10-18",15.7700983333333,32.8041192959769,32.649505,NA,NA,NA,NA,NA,NA,NA,NA,NA,NA,NA,NA,NA,NA,NA,NA,NA,NA,NA,NA,NA,NA,NA,NA,NA,NA,NA,NA,NA,NA,NA,NA,NA,NA,NA,NA,NA,NA,NA,NA,NA,NA,NA,NA,NA,NA,NA,NA,NA,NA,NA,NA,NA,NA,"UNK"
"418",418,"221017_smode1_B56_16S.exp.",2022,56,0,"18-Oct-2022 06:18:00",0.262499999953434,18,-124.8281338,37.00594402,5,"2022-10-18",16.3918533333333,32.7210229225629,32.5668016666667,NA,NA,NA,0.215695808,NA,5.687126055,NA,NA,NA,NA,NA,NA,NA,NA,NA,NA,NA,NA,NA,NA,NA,NA,NA,NA,NA,NA,NA,NA,NA,NA,NA,NA,NA,NA,NA,NA,NA,NA,NA,NA,NA,NA,NA,NA,NA,NA,NA,NA,NA,NA,NA,NA,NA,NA,"UNK"
"419",419,"221017_smode1_B57_16S.exp.",2022,57,0,"18-Oct-2022 06:21:00",0.264599999994971,18,-124.8280445,37.00103059,5,"2022-10-18",16.7773716666667,32.6615238196625,32.5075833333333,NA,NA,NA,0.142664738,NA,4.651621501,NA,NA,NA,NA,NA,NA,NA,NA,NA,NA,NA,NA,NA,NA,NA,NA,NA,NA,NA,NA,NA,NA,NA,NA,NA,NA,NA,NA,NA,NA,NA,NA,NA,NA,NA,NA,NA,NA,NA,NA,NA,NA,NA,NA,NA,NA,NA,NA,"UNK"
"420",420,"221017_smode1_B58_16S.exp.",2022,58,0,"18-Oct-2022 06:23:00",0.265999999945052,18,-124.8279442,36.99767623,5,"2022-10-18",16.99077,32.6353284599586,32.4815116666667,NA,NA,NA,0.123349972,NA,4.778986288,NA,NA,NA,NA,NA,NA,NA,NA,NA,NA,NA,NA,NA,NA,NA,NA,NA,NA,NA,NA,NA,NA,NA,NA,NA,NA,NA,NA,NA,NA,NA,NA,NA,NA,NA,NA,NA,NA,NA,NA,NA,NA,NA,NA,NA,NA,NA,NA,"UNK"
"421",421,"221017_smode1_B59_16S.exp.",2022,59,0,"18-Oct-2022 06:27:00",0.26879999996163,18,-124.8277019,36.9909437,5,"2022-10-18",17.0131833333333,32.6553071676603,32.5013966666667,NA,NA,NA,0.150431343,NA,5.0895717,NA,NA,NA,NA,NA,NA,NA,NA,NA,NA,NA,NA,NA,NA,NA,NA,NA,NA,NA,NA,NA,NA,NA,NA,NA,NA,NA,NA,NA,NA,NA,NA,NA,NA,NA,NA,NA,NA,NA,NA,NA,NA,NA,NA,NA,NA,NA,NA,"UNK"
"422",422,"221017_smode1_B60_16S.exp.",2022,60,0,"18-Oct-2022 06:34:00",0.273599999956787,18,-124.8267262,36.97950763,5,"2022-10-18",18.2768316666667,32.6594007211834,32.5054716666667,NA,NA,NA,0.093326118,NA,4.036648627,NA,NA,NA,NA,NA,NA,NA,NA,NA,NA,NA,NA,NA,NA,NA,NA,NA,NA,NA,NA,NA,NA,NA,NA,NA,NA,NA,NA,NA,NA,NA,NA,NA,NA,NA,NA,NA,NA,NA,NA,NA,NA,NA,NA,NA,NA,NA,NA,"UNK"
"423",423,"221018_smode1_B61_16S.exp.",2022,61,0,"19-Oct-2022 03:35:00",0.149300000048243,19,-124.5138072,36.93734241,5,"2022-10-19",17.3161816666667,32.6097610594823,32.4560533333333,NA,NA,NA,0.131995523,NA,5.489090857,NA,NA,NA,NA,NA,NA,NA,NA,NA,NA,NA,NA,NA,NA,NA,NA,NA,NA,NA,NA,NA,NA,NA,NA,NA,NA,NA,NA,NA,NA,NA,NA,NA,NA,NA,NA,NA,NA,NA,NA,NA,NA,NA,NA,NA,NA,NA,NA,"UNK"
"424",424,"221018_smode1_B62_16S.exp.",2022,62,0,"19-Oct-2022 04:00:00",0.166699999943376,19,-124.5140087,36.97817865,5,"2022-10-19",16.0334283333333,32.8298682166365,32.67512,NA,NA,NA,0.294708437,NA,7.087919602,NA,NA,NA,NA,NA,NA,NA,NA,NA,NA,NA,NA,NA,NA,NA,NA,NA,NA,NA,NA,NA,NA,NA,NA,NA,NA,NA,NA,NA,NA,NA,NA,NA,NA,NA,NA,NA,NA,NA,NA,NA,NA,NA,NA,NA,NA,NA,NA,"UNK"
"425",425,"221019_smode1_B63_16S.exp.",2022,63,0,"20-Oct-2022 02:30:00",0.104199999943376,20,-124.9076161,37.01215751,5,"2022-10-20",15.800435,32.7736006083943,32.619135,NA,NA,NA,0.340963898,NA,7.499648912,NA,NA,NA,NA,NA,NA,NA,NA,NA,NA,NA,NA,NA,NA,NA,NA,NA,NA,NA,NA,NA,NA,NA,NA,NA,NA,NA,NA,NA,NA,NA,NA,NA,NA,NA,NA,NA,NA,NA,NA,NA,NA,NA,NA,NA,NA,NA,NA,"UNK"
"426",426,"221019_smode1_B64_16S.exp.",2022,64,0,"20-Oct-2022 03:20:00",0.13890000001993,20,-124.8273618,37.05126868,5,"2022-10-20",15.76816,32.8374466545021,32.6826733333333,NA,NA,NA,0.228251655,NA,5.640118783,NA,NA,NA,NA,NA,NA,NA,NA,NA,NA,NA,NA,NA,NA,NA,NA,NA,NA,NA,NA,NA,NA,NA,NA,NA,NA,NA,NA,NA,NA,NA,NA,NA,NA,NA,NA,NA,NA,NA,NA,NA,NA,NA,NA,NA,NA,NA,NA,"UNK"
"427",427,"221019_smode1_B65_16S.exp.",2022,65,0,"20-Oct-2022 03:30:00",0.145800000056624,20,-124.817852,37.05856327,5,"2022-10-20",15.7182783333333,32.8560887122775,32.7012266666667,NA,NA,NA,0.240484594,NA,5.726804566,NA,NA,NA,NA,NA,NA,NA,NA,NA,NA,NA,NA,NA,NA,NA,NA,NA,NA,NA,NA,NA,NA,NA,NA,NA,NA,NA,NA,NA,NA,NA,NA,NA,NA,NA,NA,NA,NA,NA,NA,NA,NA,NA,NA,NA,NA,NA,NA,"UNK"
"428",428,"221019_smode1_B66_16S.exp.",2022,66,0,"20-Oct-2022 04:30:00",0.1875,20,-124.8988729,37.01569443,5,"2022-10-20",15.4053716666667,32.7252214580047,32.5709833333333,NA,NA,NA,0.420605027,NA,9.373343098,NA,NA,NA,NA,NA,NA,NA,NA,NA,NA,NA,NA,NA,NA,NA,NA,NA,NA,NA,NA,NA,NA,NA,NA,NA,NA,NA,NA,NA,NA,NA,NA,NA,NA,NA,NA,NA,NA,NA,NA,NA,NA,NA,NA,NA,NA,NA,NA,"UNK"
"429",429,"221019_smode1_B67_16S.exp.",2022,67,0,"20-Oct-2022 05:00:00",0.208300000056624,20,-124.949828,36.99039395,5,"2022-10-20",15.8407583333333,32.6843696361048,32.5303283333333,NA,NA,NA,0.364611345,NA,8.846256967,NA,NA,NA,NA,NA,NA,NA,NA,NA,NA,NA,NA,NA,NA,NA,NA,NA,NA,NA,NA,NA,NA,NA,NA,NA,NA,NA,NA,NA,NA,NA,NA,NA,NA,NA,NA,NA,NA,NA,NA,NA,NA,NA,NA,NA,NA,NA,NA,"UNK"
"430",430,"221019_smode1_B68_16S.exp.",2022,68,0,"20-Oct-2022 05:30:00",0.229199999943376,20,-124.9997506,36.9654455,5,"2022-10-20",16.7217833333333,32.679142473696,32.52513,NA,NA,NA,0.181539666,NA,7.246856263,NA,NA,NA,NA,NA,NA,NA,NA,NA,NA,NA,NA,NA,NA,NA,NA,NA,NA,NA,NA,NA,NA,NA,NA,NA,NA,NA,NA,NA,NA,NA,NA,NA,NA,NA,NA,NA,NA,NA,NA,NA,NA,NA,NA,NA,NA,NA,NA,"UNK"
"431",431,"221020_smode1_B69_16S.exp.",2022,69,0,"21-Oct-2022 05:07:00",0.213199999998324,21,-124.6042017,36.94778858,5,"2022-10-21",15.536025,32.8538627843413,32.6990083333333,NA,NA,NA,0.323300756,NA,6.275128659,NA,NA,NA,NA,NA,NA,NA,NA,NA,NA,NA,NA,NA,NA,NA,NA,NA,NA,NA,NA,NA,NA,NA,NA,NA,NA,NA,NA,NA,NA,NA,NA,NA,NA,NA,NA,NA,NA,NA,NA,NA,NA,NA,NA,NA,NA,NA,NA,"UNK"
"432",432,"221021_smode1_B70_16S.exp.",2022,70,0,"21-Oct-2022 21:34:00",0.898599999956787,21,-124.6414171,36.79453123,5,"2022-10-21",18.52359,32.7012171977891,32.547095,NA,NA,NA,0.117107711,NA,4.492794326,NA,NA,NA,NA,NA,NA,NA,NA,NA,NA,NA,NA,NA,NA,NA,NA,NA,NA,NA,NA,NA,NA,NA,NA,NA,NA,NA,NA,NA,NA,NA,NA,NA,NA,NA,NA,NA,NA,NA,NA,NA,NA,NA,NA,NA,NA,NA,NA,"UNK"
"433",433,"221021_smode1_B71_16S.exp.",2022,71,0,"21-Oct-2022 22:00:00",0.916699999943376,21,-124.646849,36.83607012,5,"2022-10-21",18.6220833333333,32.7795122641509,32.6250183333333,NA,NA,NA,0.134659468,NA,4.633049781,0.2,0.05,4.387268299,0.631328052,0.079,1.037,0,0.332,0.047,0.049,0.032,0.045,0.061,0,0.023,0.021,0.024,0,0.135,0.212,0.12,0,0.03,0.017,0.028,0.021,0.005,0,0,0,0,0,0,0.428,0.211,0.13,0.558,0.341,0.437,0.769,0.312,1.32,0.38,0.62,1.26,0.27,0.73,0.43,"UNK"
"434",434,"221021_smode1_B72_16S.exp.",2022,72,0,"21-Oct-2022 22:30:00",0.9375,21,-124.6568908,36.88261626,5,"2022-10-21",15.3678466666667,32.7312108071942,32.5769416666667,NA,NA,NA,0.408929777,NA,9.750915397,0.65,0.13,NA,NA,0.1495,1.7605,0,0.924,0.087,0.265,0.043,0.118,0.307,0.025,0.094,0.098,0.167,0.017,0.047,0.875,0.016,0.034,0.087,0,0.129,0.136,0.01,0.012,0.008,0,0.018,0.026,0,1.276,0.307,0.609,1.885,0.916,1.268,2.192,0.768,1.37,0.66,0.34,1.39,0.14,0.86,0.42,"UNK"
"435",435,"221021_smode1_B73_16S.exp.",2022,73,0,"21-Oct-2022 23:00:00",0.958300000056624,21,-124.6685983,36.93009053,5,"2022-10-21",15.184165,32.8847272142438,32.7297316666667,NA,NA,NA,0.489209169,NA,8.888843474,0.69,0.14,7.205191795,1.177053733,0.182,2.8145,0.6185,0.996,0.138,0.252,0.053,0.091,0.316,0.028,0.079,0.076,0.139,0.012,0.064,0.956,0.02,0.02,0.138,0,0.126,0.126,0.018,0.021,0.012,0.013,0.02,0.044,0,1.386,0.3,0.558,1.944,0.858,1.248,2.244,0.788,1.25,0.65,0.35,1.62,0.13,0.87,0.44,"UNK"
"436",436,"221021_smode1_C9N10_16S.exp.",2022,9,10,"NaT",NA,NA,NA,NA,NA,"NaT",NA,NA,NA,NA,NA,NA,NA,NA,NA,NA,NA,NA,NA,NA,NA,NA,NA,NA,NA,NA,NA,NA,NA,NA,NA,NA,NA,NA,NA,NA,NA,NA,NA,NA,NA,NA,NA,NA,NA,NA,NA,NA,NA,NA,NA,NA,NA,NA,NA,NA,NA,NA,NA,NA,NA,NA,NA,"UNK"
"437",437,"221021_smode1_C9N2_16S.exp.",2022,9,2,"NaT",NA,NA,NA,NA,NA,"NaT",NA,NA,NA,NA,NA,NA,NA,NA,NA,NA,NA,NA,NA,NA,NA,NA,NA,NA,NA,NA,NA,NA,NA,NA,NA,NA,NA,NA,NA,NA,NA,NA,NA,NA,NA,NA,NA,NA,NA,NA,NA,NA,NA,NA,NA,NA,NA,NA,NA,NA,NA,NA,NA,NA,NA,NA,NA,"UNK"
"438",438,"221021_smode1_C9N3_16S.exp.",2022,9,3,"NaT",NA,NA,NA,NA,NA,"NaT",NA,NA,NA,NA,NA,NA,NA,NA,NA,NA,NA,NA,NA,NA,NA,NA,NA,NA,NA,NA,NA,NA,NA,NA,NA,NA,NA,NA,NA,NA,NA,NA,NA,NA,NA,NA,NA,NA,NA,NA,NA,NA,NA,NA,NA,NA,NA,NA,NA,NA,NA,NA,NA,NA,NA,NA,NA,"UNK"
"439",439,"221021_smode1_C9N5_16S.exp.",2022,9,5,"NaT",NA,NA,NA,NA,NA,"NaT",NA,NA,NA,NA,NA,NA,NA,NA,NA,NA,NA,NA,NA,NA,NA,NA,NA,NA,NA,NA,NA,NA,NA,NA,NA,NA,NA,NA,NA,NA,NA,NA,NA,NA,NA,NA,NA,NA,NA,NA,NA,NA,NA,NA,NA,NA,NA,NA,NA,NA,NA,NA,NA,NA,NA,NA,NA,"UNK"
"440",440,"221021_smode1_C9N7_16S.exp.",2022,9,7,"NaT",NA,NA,NA,NA,NA,"NaT",NA,NA,NA,NA,NA,NA,NA,NA,NA,NA,NA,NA,NA,NA,NA,NA,NA,NA,NA,NA,NA,NA,NA,NA,NA,NA,NA,NA,NA,NA,NA,NA,NA,NA,NA,NA,NA,NA,NA,NA,NA,NA,NA,NA,NA,NA,NA,NA,NA,NA,NA,NA,NA,NA,NA,NA,NA,"UNK"
"441",441,"221021_smode1_C9N8_16S.exp.",2022,9,8,"NaT",NA,NA,NA,NA,NA,"NaT",NA,NA,NA,NA,NA,NA,NA,NA,NA,NA,NA,NA,NA,NA,NA,NA,NA,NA,NA,NA,NA,NA,NA,NA,NA,NA,NA,NA,NA,NA,NA,NA,NA,NA,NA,NA,NA,NA,NA,NA,NA,NA,NA,NA,NA,NA,NA,NA,NA,NA,NA,NA,NA,NA,NA,NA,NA,"UNK"
"442",442,"221023_smode1_B74_16S.exp.",2022,74,0,"23-Oct-2022 18:00:00",0.75,23,-124.4911866,36.8387627,5,"2022-10-23",14.81096,32.9491244186598,32.7938233333333,NA,NA,NA,0.357638101,NA,5.911370214,0.6,0.11,5.6917029,1.031607307,0.201,3.7495,1.2185,0.791,0.124,0.206,0.04,0.059,0.248,0.021,0.047,0.033,0.116,0,0.033,0.768,0.013,0.01,0.124,0,0.103,0.103,0.007,0.013,0.011,0.012,0.023,0.039,0,1.121,0.174,0.423,1.544,0.597,0.927,1.718,0.601,1.17,0.71,0.29,1.88,0.1,0.9,0.46,"UNK"
"443",443,"221023_smode1_B75_16S.exp.",2022,75,0,"23-Oct-2022 18:30:00",0.770800000056624,23,-124.5000618,36.86092627,5,"2022-10-23",14.7743983333333,32.9165537524374,32.761405,NA,NA,NA,0.363845907,NA,6.324125982,0.53,0.18,6.376284897,0.93434525,0.205,3.2965,1.154,0.806,0.128,0.209,0.039,0.068,0.24,0.025,0.059,0.035,0.12,0,0.043,0.776,0.018,0.012,0.128,0,0.104,0.105,0.011,0.018,0.01,0.011,0.029,0.035,0,1.143,0.201,0.428,1.571,0.629,0.966,1.772,0.624,1.2,0.68,0.32,1.82,0.11,0.89,0.45,"UNK"
"444",444,"221023_smode1_B76_16S.exp.",2022,76,0,"23-Oct-2022 19:00:00",0.791699999943376,23,-124.4888396,36.84662858,5,"2022-10-23",14.61819,32.9604869760951,32.8051316666667,NA,NA,NA,0.417984681,NA,6.845334364,0.63,0.17,7.988076846,1.191728773,0.198,3.828,1.4385,0.987,0.115,0.253,0.049,0.062,0.321,0.041,0.09,0.038,0.148,0,0.048,0.96,0.01,0.017,0.115,0,0.129,0.124,0.01,0.014,0.013,0.013,0.031,0.043,0,1.355,0.266,0.531,1.886,0.797,1.165,2.152,0.735,1.18,0.67,0.33,1.7,0.12,0.88,0.46,"UNK"
"445",445,"221023_smode1_B77_16S.exp.",2022,77,0,"23-Oct-2022 22:30:00",0.9375,23,-124.3929491,36.71759795,5,"2022-10-23",15.8245283333333,32.8447530615265,32.6899483333333,NA,NA,NA,0.408559049,NA,7.646094697,0.56,0.06,7.843866163,1.190339652,0.1285,1.592,0.008,0.819,0.096,0.218,0.043,0.106,0.297,0.013,0.057,0.045,0.113,0,0.085,0.746,0.056,0.017,0.096,0,0.116,0.102,0.01,0.009,0.008,0.009,0.009,0.02,0,1.133,0.243,0.516,1.649,0.759,1.073,1.892,0.71,1.31,0.68,0.32,1.49,0.13,0.87,0.43,"UNK"
"446",446,"221023_smode1_B78_16S.exp.",2022,78,0,"23-Oct-2022 22:39:00",0.943800000008196,23,-124.3871975,36.70945569,5,"2022-10-23",17.2849383333333,32.8191688038063,32.664485,NA,NA,NA,0.175566173,NA,5.188053024,NA,NA,NA,NA,NA,NA,NA,NA,NA,NA,NA,NA,NA,NA,NA,NA,NA,NA,NA,NA,NA,NA,NA,NA,NA,NA,NA,NA,NA,NA,NA,NA,NA,NA,NA,NA,NA,NA,NA,NA,NA,NA,NA,NA,NA,NA,NA,NA,"UNK"
"447",447,"221023_smode1_B79_16S.exp.",2022,79,0,"23-Oct-2022 22:53:00",0.953499999945052,23,-124.3776397,36.69704546,5,"2022-10-23",18.0420583333333,32.7896860141643,32.6351416666667,NA,NA,NA,0.14889394,NA,4.803271376,NA,NA,NA,NA,NA,NA,NA,NA,NA,NA,NA,NA,NA,NA,NA,NA,NA,NA,NA,NA,NA,NA,NA,NA,NA,NA,NA,NA,NA,NA,NA,NA,NA,NA,NA,NA,NA,NA,NA,NA,NA,NA,NA,NA,NA,NA,NA,NA,"UNK"
"448",448,"221023_smode1_B80_16S.exp.",2022,80,0,"23-Oct-2022 23:05:00",0.961800000048243,23,-124.3699023,36.68308521,5,"2022-10-23",18.3688716666667,32.800328811661,32.645735,NA,NA,NA,NA,NA,NA,NA,NA,NA,NA,NA,NA,NA,NA,NA,NA,NA,NA,NA,NA,NA,NA,NA,NA,NA,NA,NA,NA,NA,NA,NA,NA,NA,NA,NA,NA,NA,NA,NA,NA,NA,NA,NA,NA,NA,NA,NA,NA,NA,NA,NA,NA,NA,NA,"UNK"
"449",449,"221024_smode1_B81_16S.exp.",2022,81,0,"24-Oct-2022 19:22:00",0.806899999966845,24,-124.3287673,36.74716766,5,"2022-10-24",15.7351333333333,32.8102925617228,32.655645,NA,NA,NA,0.257593041,NA,5.727585903,NA,NA,NA,NA,NA,NA,NA,NA,NA,NA,NA,NA,NA,NA,NA,NA,NA,NA,NA,NA,NA,NA,NA,NA,NA,NA,NA,NA,NA,NA,NA,NA,NA,NA,NA,NA,NA,NA,NA,NA,NA,NA,NA,NA,NA,NA,NA,NA,"UNK"
"450",450,"221024_smode1_B82_16S.exp.",2022,82,0,"24-Oct-2022 19:34:00",0.815300000016578,24,-124.3160445,36.72853343,5,"2022-10-24",16.6499,32.7899458439448,32.635395,NA,NA,NA,0.18903085,NA,5.326457596,NA,NA,NA,NA,NA,NA,NA,NA,NA,NA,NA,NA,NA,NA,NA,NA,NA,NA,NA,NA,NA,NA,NA,NA,NA,NA,NA,NA,NA,NA,NA,NA,NA,NA,NA,NA,NA,NA,NA,NA,NA,NA,NA,NA,NA,NA,NA,NA,"UNK"
"451",451,"221024_smode1_B83_16S.exp.",2022,83,0,"24-Oct-2022 19:46:00",0.823600000003353,24,-124.3050717,36.71474339,5,"2022-10-24",17.0627533333333,32.7907876150133,32.6362333333333,NA,NA,NA,0.192356268,NA,5.142847409,NA,NA,NA,NA,NA,NA,NA,NA,NA,NA,NA,NA,NA,NA,NA,NA,NA,NA,NA,NA,NA,NA,NA,NA,NA,NA,NA,NA,NA,NA,NA,NA,NA,NA,NA,NA,NA,NA,NA,NA,NA,NA,NA,NA,NA,NA,NA,NA,"UNK"
"452",452,"221024_smode1_B84_16S.exp.",2022,84,0,"24-Oct-2022 19:57:00",0.83129999996163,24,-124.2936889,36.69956625,5,"2022-10-24",17.6198433333333,32.8082107723021,32.653575,NA,NA,NA,0.15432021,0.142996,4.84467284,NA,NA,NA,NA,NA,NA,NA,NA,NA,NA,NA,NA,NA,NA,NA,NA,NA,NA,NA,NA,NA,NA,NA,NA,NA,NA,NA,NA,NA,NA,NA,NA,NA,NA,NA,NA,NA,NA,NA,NA,NA,NA,NA,NA,NA,NA,NA,NA,"UNK"
"453",453,"221024_smode1_B85_16S.exp.",2022,85,0,"24-Oct-2022 20:15:00",0.843800000031479,24,-124.2762547,36.67468185,5,"2022-10-24",17.910895,32.8230780811153,32.6683733333333,NA,NA,NA,0.122931379,0.138649,4.526053434,NA,NA,NA,NA,NA,NA,NA,NA,NA,NA,NA,NA,NA,NA,NA,NA,NA,NA,NA,NA,NA,NA,NA,NA,NA,NA,NA,NA,NA,NA,NA,NA,NA,NA,NA,NA,NA,NA,NA,NA,NA,NA,NA,NA,NA,NA,NA,NA,"UNK"
"454",454,"221024_smode1_B86_16S.exp.",2022,86,0,"24-Oct-2022 20:26:00",0.851400000043213,24,-124.2662363,36.65895505,5,"2022-10-24",18.21768,32.787352281618,32.6328166666667,NA,NA,NA,0.089259966,0.134356,3.899662988,NA,NA,NA,NA,NA,NA,NA,NA,NA,NA,NA,NA,NA,NA,NA,NA,NA,NA,NA,NA,NA,NA,NA,NA,NA,NA,NA,NA,NA,NA,NA,NA,NA,NA,NA,NA,NA,NA,NA,NA,NA,NA,NA,NA,NA,NA,NA,NA,"UNK"
"455",455,"221025_smode1_B87_16S.exp.",2022,87,0,"25-Oct-2022 14:54:00",0.620800000033341,25,-124.0070966,36.9494938,5,"2022-10-25",15.1449683333333,32.8407526877258,32.68593,NA,NA,NA,0.353797502,0.866164,6.97768366,NA,NA,NA,NA,NA,NA,NA,NA,NA,NA,NA,NA,NA,NA,NA,NA,NA,NA,NA,NA,NA,NA,NA,NA,NA,NA,NA,NA,NA,NA,NA,NA,NA,NA,NA,NA,NA,NA,NA,NA,NA,NA,NA,NA,NA,NA,NA,NA,"UNK"
"456",456,"221027_smode1_B88_16S.exp.",2022,88,0,"27-Oct-2022 20:48:00",0.866700000013225,27,-123.9614132,36.62257035,5,"2022-10-27",17.5333416666667,32.7897236503451,32.6351683333333,NA,NA,NA,0.124391405,0.142996,4.221729834,NA,NA,NA,NA,NA,NA,NA,NA,NA,NA,NA,NA,NA,NA,NA,NA,NA,NA,NA,NA,NA,NA,NA,NA,NA,NA,NA,NA,NA,NA,NA,NA,NA,NA,NA,NA,NA,NA,NA,NA,NA,NA,NA,NA,NA,NA,NA,NA,"UNK"
"457",457,"221027_smode1_B89_16S.exp.",2022,89,0,"27-Oct-2022 20:53:00",0.870099999941885,27,-123.958891,36.61459688,5,"2022-10-27",17.5769783333333,32.7797777392938,32.62527,NA,NA,NA,0.120566739,0.148225,4.289617477,NA,NA,NA,NA,NA,NA,NA,NA,NA,NA,NA,NA,NA,NA,NA,NA,NA,NA,NA,NA,NA,NA,NA,NA,NA,NA,NA,NA,NA,NA,NA,NA,NA,NA,NA,NA,NA,NA,NA,NA,NA,NA,NA,NA,NA,NA,NA,NA,"UNK"
"458",458,"221027_smode1_B90_16S.exp.",2022,90,0,"27-Oct-2022 21:16:00",0.886100000003353,27,-123.9466676,36.5772882,5,"2022-10-27",18.0399333333333,32.7362811329141,32.5819816666667,NA,NA,NA,0.099772965,0.141664,4.052702745,NA,NA,NA,NA,NA,NA,NA,NA,NA,NA,NA,NA,NA,NA,NA,NA,NA,NA,NA,NA,NA,NA,NA,NA,NA,NA,NA,NA,NA,NA,NA,NA,NA,NA,NA,NA,NA,NA,NA,NA,NA,NA,NA,NA,NA,NA,NA,NA,"UNK"
"459",459,"blank.16S.exp.",2023,0,0,"NaT",NA,NA,NA,NA,5,"NaT",NA,NA,NA,NA,NA,NA,NA,NA,NA,NA,NA,NA,NA,NA,NA,NA,NA,NA,NA,NA,NA,NA,NA,NA,NA,NA,NA,NA,NA,NA,NA,NA,NA,NA,NA,NA,NA,NA,NA,NA,NA,NA,NA,NA,NA,NA,NA,NA,NA,NA,NA,NA,NA,NA,NA,NA,NA,"UNK"
"460",460,"ZMC_16S.exp.",2022,0,0,"NaT",NA,NA,NA,NA,5,"NaT",NA,NA,NA,NA,NA,NA,NA,NA,NA,NA,NA,NA,NA,NA,NA,NA,NA,NA,NA,NA,NA,NA,NA,NA,NA,NA,NA,NA,NA,NA,NA,NA,NA,NA,NA,NA,NA,NA,NA,NA,NA,NA,NA,NA,NA,NA,NA,NA,NA,NA,NA,NA,NA,NA,NA,NA,NA,"UNK"
